ID,deniosed_signal,model_output,ground_truth
0,5.923995018,0,5
1,6.232010757,0,5.06279052
2,5.067039838,0,5.125333234
3,5.930684163,0,5.187381315
4,5.353039197,0,5.248689887
5,5.548615185,5.100712776,5.309016994
6,4.94218892,5.234650135,5.368124553
7,6.088158851,4.757833958,5.425779292
8,6.375786273,5.103581905,5.481753674
9,5.990084108,4.865719318,5.535826795
10,5.75990397,4.943655968,5.587785252
11,5.708035573,4.713302135,5.63742399
12,6.450975526,5.171695709,5.684547106
13,5.927616206,5.298023224,5.728968627
14,6.183330254,5.129157066,5.770513243
15,7.20687908,5.031014919,5.809016994
16,5.962850688,5.009299755,5.844327926
17,6.852698334,5.331260204,5.87630668
18,5.799189703,5.102267265,5.904827052
19,6.620690048,5.213284969,5.929776486
20,6.981019328,5.66039753,5.951056516
21,5.930103944,5.117412567,5.968583161
22,6.365230391,5.508265972,5.982287251
23,6.987038336,5.047568798,5.992114701
24,7.36225848,5.406293869,5.998026728
25,6.878412255,5.564019203,6
26,6.613001626,5.103333473,5.998026728
27,6.846925421,5.293361187,5.992114701
28,6.584675567,5.566617966,5.982287251
29,6.462441604,5.725007057,5.968583161
30,5.85503541,5.519482613,5.951056516
31,6.818107347,5.402898788,5.929776486
32,7.194785944,5.505742073,5.904827052
33,7.259263671,5.390384674,5.87630668
34,6.875520915,5.336330414,5.844327926
35,5.026928909,5.071249485,5.809016994
36,6.637189754,5.493142605,5.770513243
37,6.556677774,5.655304909,5.728968627
38,6.548673956,5.68235302,5.684547106
39,6.32367361,5.518223763,5.63742399
40,6.398365256,4.743345261,5.587785252
41,5.620951207,5.413578987,5.535826795
42,4.762263182,5.378007889,5.481753674
43,6.338160541,5.374468803,5.425779292
44,5.449324759,5.275018692,5.368124553
45,7.805226576,5.308001518,5.309016994
46,4.336457796,4.973226547,5.248689887
47,5.498035139,4.652142525,5.187381315
48,4.864336062,5.281409264,5.125333234
49,5.184069765,4.903706074,5.06279052
50,4.496385193,5.899041176,5
51,4.328730392,4.522948265,4.93720948
52,4.129753002,4.92320919,4.874666766
53,5.00134992,4.686388493,4.812618685
54,3.363814299,4.801035881,4.751310113
55,4.460266227,4.568787098,4.690983006
56,3.95555723,4.52081871,4.631875447
57,4.200851572,4.468746662,4.574220708
58,4.649448841,4.734196663,4.518246326
59,4.733642217,4.320855141,4.464173205
60,4.317511946,4.558142185,4.412214748
61,4.428196301,4.427648544,4.36257601
62,4.113445511,4.48673439,4.315452894
63,4.706799869,4.615714073,4.271031373
64,3.77371539,4.642756939,4.229486757
65,4.481527077,4.517740726,4.190983006
66,4.269885772,4.548835278,4.155672074
67,4.160194719,4.464718342,4.12369332
68,3.177784194,4.634043694,4.095172948
69,4.398418975,4.389355183,4.070223514
70,3.127000315,4.564388275,4.048943484
71,3.060044043,4.504861355,4.031416839
72,3.14028641,4.476361275,4.017712749
73,3.443313741,4.298102856,4.007885299
74,3.434667137,4.540310383,4.001973272
75,3.956312789,4.292814255,4
76,3.890682929,4.286437035,4.001973272
77,2.752506375,4.294158459,4.007885299
78,3.940827121,4.33217907,4.017712749
79,3.38142797,4.330899239,4.031416839
80,3.880020643,4.427818298,4.048943484
81,3.067638168,4.413440228,4.070223514
82,2.563370157,4.266057014,4.095172948
83,5.268730094,4.424372196,4.12369332
84,3.759169524,4.323283195,4.155672074
85,3.260958536,4.411161423,4.190983006
86,4.160980778,4.287127972,4.229486757
87,3.520001248,4.260809422,4.271031373
88,3.973142595,4.833119869,4.315452894
89,3.969195624,4.386498928,4.36257601
90,3.976536074,4.307625294,4.412214748
91,5.144416905,4.476561546,4.464173205
92,3.32475641,4.344004631,4.518246326
93,4.324181013,4.431603432,4.574220708
94,4.287859699,4.430710793,4.631875447
95,3.965921315,4.43237114,4.690983006
96,5.226972196,4.786245346,4.751310113
97,4.925727482,4.31564188,4.812618685
98,5.320048592,4.519566536,4.874666766
99,5.384181136,4.509682655,4.93720948
100,6.197717953,4.429974079,5
101,6.014968235,4.81720829,5.06279052
102,4.66653586,4.707552433,5.125333234
103,5.09607102,4.852887154,5.187381315
104,5.78364271,4.877920628,5.248689887
105,4.84670809,5.219593048,5.309016994
106,4.808744957,5.139915466,5.368124553
107,4.947144081,4.621137142,5.425779292
108,5.116362467,4.768422127,5.481753674
109,6.572716681,5.041007996,5.535826795
110,5.826518563,4.680386543,5.587785252
111,5.846932721,4.66758728,5.63742399
112,5.61952741,4.715037346,5.684547106
113,5.115974396,4.775874138,5.728968627
114,6.021628967,5.385099888,5.770513243
115,6.999756381,5.059137344,5.809016994
116,6.843719071,5.067804337,5.844327926
117,7.557917434,4.972639084,5.87630668
118,5.978212897,4.77573204,5.904827052
119,5.974065549,5.142800808,5.929776486
120,7.012321877,5.572106361,5.951056516
121,6.06562161,5.504341125,5.968583161
122,5.665925837,5.803919792,5.982287251
123,6.933202547,5.124032021,5.992114701
124,5.779044146,5.122246265,5.998026728
125,6.337387068,5.577521801,6
126,7.16912526,5.161890984,5.998026728
127,6.659812359,4.991793633,5.992114701
128,6.077037817,5.543313026,5.982287251
129,5.764148475,5.039070129,5.968583161
130,7.169553049,5.281067848,5.951056516
131,5.271287637,5.644471169,5.929776486
132,6.079961915,5.423558235,5.904827052
133,6.939687365,5.166855812,5.87630668
134,6.003310394,5.032799721,5.844327926
135,6.53895424,5.644655704,5.809016994
136,6.489375581,4.834098816,5.770513243
137,5.34309794,5.16812706,5.728968627
138,5.28825294,5.546126366,5.684547106
139,5.85808828,5.13487196,5.63742399
140,5.46463724,5.37017107,5.587785252
141,5.995076613,5.348243713,5.535826795
142,6.787616348,4.861841679,5.481753674
143,6.648525019,4.840608597,5.425779292
144,5.49031923,5.07254982,5.368124553
145,4.98146708,4.909815788,5.309016994
146,5.417642275,5.131314278,5.248689887
147,5.98418636,5.479782104,5.187381315
148,4.909579912,5.418580532,5.125333234
149,5.839172551,4.920104504,5.06279052
150,5.570446699,4.727133274,5
151,4.123127298,4.891121387,4.93720948
152,4.796459076,5.126613617,4.874666766
153,5.619102287,4.701948166,4.812618685
154,4.456193784,5.064506054,4.751310113
155,5.038354821,4.952539444,4.690983006
156,3.723455922,4.467106342,4.631875447
157,5.005243733,4.663478851,4.574220708
158,4.883039486,4.972464561,4.518246326
159,4.243306597,4.556956768,4.464173205
160,4.459663077,4.747458935,4.412214748
161,5.23455446,4.379618645,4.36257601
162,3.862027287,4.735585213,4.315452894
163,3.751580094,4.692791462,4.271031373
164,4.062614483,4.497804642,4.229486757
165,4.324407639,4.557966232,4.190983006
166,4.022581418,4.820086479,4.155672074
167,3.631168629,4.407356262,4.12369332
168,3.344152532,4.385022163,4.095172948
169,3.118898829,4.452401161,4.070223514
170,2.684450499,4.519629478,4.048943484
171,4.066419765,4.442955494,4.031416839
172,4.959760074,4.3627038,4.017712749
173,4.66199878,4.318201065,4.007885299
174,3.972741638,4.292004108,4.001973272
175,4.685239748,4.26352644,4
176,3.447235301,4.45331192,4.001973272
177,3.443017436,4.719467163,4.007885299
178,4.407606673,4.619692326,4.017712749
179,4.431232896,4.431513309,4.031416839
180,2.975735925,4.627107143,4.048943484
181,4.810144018,4.332763195,4.070223514
182,3.34001056,4.332136154,4.095172948
183,3.478879093,4.542927742,4.12369332
184,5.195918286,4.549710751,4.155672074
185,5.101038253,4.279397964,4.190983006
186,3.483943175,4.668058395,4.229486757
187,3.22589445,4.317650795,4.271031373
188,4.386061774,4.337552547,4.315452894
189,4.256779254,4.805486202,4.36257601
190,3.980878782,4.770243168,4.412214748
191,4.077231044,4.338333607,4.464173205
192,4.042168587,4.303483963,4.518246326
193,4.063076525,4.536808968,4.574220708
194,6.328842942,4.501367092,4.631875447
195,3.688684076,4.433356285,4.690983006
196,5.364547902,4.455906868,4.751310113
197,5.546959093,4.447548389,4.812618685
198,4.5694413,4.45250988,4.874666766
199,4.173168428,5.277296543,4.93720948
200,5.167729966,4.373095989,5
201,5.680734318,4.870219231,5.06279052
202,4.751223881,4.942982674,5.125333234
203,5.06418619,4.590819359,5.187381315
204,5.815116162,4.479645729,5.248689887
205,5.782435304,4.794922352,5.309016994
206,6.344069901,4.997936249,5.368124553
207,4.697784866,4.648509502,5.425779292
208,4.672911925,4.756795883,5.481753674
209,5.548325149,5.05430603,5.535826795
210,5.306534617,5.040498734,5.587785252
211,6.573508223,5.284018517,5.63742399
212,5.045346838,4.631136894,5.684547106
213,5.052706588,4.623165607,5.728968627
214,6.017106386,4.943540573,5.770513243
215,6.053051583,4.847654819,5.809016994
216,5.832368508,5.385447502,5.844327926
217,6.642772656,4.749979019,5.87630668
218,5.046377238,4.752639294,5.904827052
219,6.585495754,5.140841007,5.929776486
220,5.711721173,5.156428337,5.951056516
221,6.15940939,5.061620235,5.968583161
222,6.262273905,5.416041851,5.982287251
223,5.93294118,4.750350952,5.992114701
224,5.598358444,5.39074564,5.998026728
225,6.304137567,5.010838985,6
226,6.171574959,5.202807426,5.998026728
227,6.821851538,5.247963905,5.992114701
228,6.605922877,5.104551315,5.982287251
229,6.486948521,4.963948727,5.968583161
230,5.267710335,5.266403198,5.951056516
231,6.67104685,5.208132267,5.929776486
232,6.111777068,5.49477911,5.904827052
233,4.807394855,5.399770737,5.87630668
234,6.795853587,5.347168922,5.844327926
235,5.673928467,4.832727432,5.809016994
236,5.811276029,5.42851305,5.770513243
237,5.120087794,5.181991577,5.728968627
238,5.984780397,4.667136192,5.684547106
239,5.774343708,5.483393669,5.63742399
240,5.114375447,4.995110989,5.587785252
241,5.759657437,5.052680016,5.535826795
242,6.22768882,4.777245998,5.481753674
243,5.763990266,5.126871109,5.425779292
244,4.516396774,5.037090302,5.368124553
245,5.262779428,4.775140762,5.309016994
246,4.221715076,5.030910015,5.248689887
247,5.680832498,5.23275423,5.187381315
248,5.308601272,5.032732964,5.125333234
249,5.76459154,4.574753761,5.06279052
250,5.236588396,4.830839634,5
251,5.405590356,4.492141247,4.93720948
252,5.241611376,4.997977257,4.874666766
253,6.44156891,4.848457336,4.812618685
254,5.278201725,5.032987118,4.751310113
255,5.142093217,4.820857048,4.690983006
256,4.647373873,4.886356354,4.631875447
257,5.484211391,4.822768211,4.574220708
258,4.21834022,5.3270998,4.518246326
259,7.240040585,4.836748123,4.464173205
260,5.47363257,4.785383701,4.412214748
261,3.968476398,4.61506176,4.36257601
262,4.297144474,4.917655945,4.315452894
263,4.103481361,4.491262913,4.271031373
264,3.584200025,5.674316883,4.229486757
265,3.821972888,4.913412571,4.190983006
266,5.827044331,4.430550575,4.155672074
267,4.108917651,4.512196541,4.12369332
268,4.654455587,4.462277889,4.095172948
269,4.990472921,4.354578495,4.070223514
270,5.367352569,4.399051189,4.048943484
271,4.431411189,5.059360504,4.031416839
272,4.962442034,4.463605881,4.017712749
273,4.575504388,4.61730051,4.007885299
274,4.535326763,4.730327129,4.001973272
275,4.969933521,4.871316433,4
276,4.132538949,4.549759865,4.001973272
277,3.22897328,4.720412731,4.007885299
278,3.134608319,4.592679977,4.017712749
279,4.213532536,4.580447197,4.031416839
280,4.328180124,4.723052502,4.048943484
281,4.072145428,4.46943903,4.070223514
282,5.193962616,4.303843021,4.095172948
283,3.575072848,4.293577671,4.12369332
284,4.742459948,4.490014076,4.155672074
285,4.268251138,4.520664215,4.190983006
286,5.340678589,4.454681396,4.229486757
287,4.307539329,4.804747581,4.271031373
288,3.763681126,4.35303688,4.315452894
289,5.034676998,4.645635605,4.36257601
290,3.907625409,4.504422665,4.412214748
291,4.760679401,4.860898972,4.464173205
292,4.17560409,4.515019417,4.518246326
293,3.505298992,4.387382507,4.574220708
294,3.492770769,4.746131897,4.631875447
295,5.08065359,4.417096615,4.690983006
296,5.103478274,4.651620865,4.751310113
297,3.499973879,4.480265617,4.812618685
298,4.051019241,4.341670036,4.874666766
299,2.627743189,4.33970356,4.93720948
300,4.652010984,4.762785912,5
301,4.425268167,4.771136284,5.06279052
302,4.900082392,4.340827942,5.125333234
303,2.980838149,4.449645042,5.187381315
304,4.820360347,4.261969566,5.248689887
305,5.141256744,4.616528511,5.309016994
306,5.172839307,4.547990799,5.368124553
307,3.593779069,4.698664665,5.425779292
308,4.334646669,4.279791832,5.481753674
309,4.712238594,4.671486855,5.535826795
310,4.766862264,4.785073757,5.587785252
311,4.616393407,4.796830177,5.63742399
312,4.719169303,4.356208324,5.684547106
313,5.475500978,4.522445679,5.728968627
314,5.426748937,4.635800838,5.770513243
315,5.570710471,4.653660297,5.809016994
316,4.783239398,4.605333805,5.844327926
317,5.349159063,4.638049126,5.87630668
318,5.840182415,4.914161682,5.904827052
319,5.155507974,4.894729614,5.929776486
320,5.28420751,4.952649593,5.951056516
321,4.636279224,4.659081936,5.968583161
322,6.205863032,4.864206314,5.982287251
323,5.57194641,5.064936161,5.992114701
324,5.551690085,4.790366173,5.998026728
325,5.87831988,4.839054108,6
326,6.00427567,4.611564636,5.998026728
327,6.176127694,5.22316885,5.992114701
328,5.536544136,4.953153133,5.982287251
329,4.736738476,4.944905281,5.968583161
330,6.70702754,5.081171036,5.951056516
331,6.287711478,5.135293484,5.929776486
332,4.741054776,5.210128784,5.904827052
333,6.507006263,4.938760757,5.87630668
334,5.999264164,4.643768311,5.844327926
335,5.293195482,5.444367409,5.809016994
336,5.077817023,5.259163857,5.770513243
337,7.218828147,4.645180225,5.728968627
338,6.051711811,5.356042385,5.684547106
339,6.398862206,5.133123398,5.63742399
340,6.088707352,4.842514038,5.587785252
341,5.390978499,4.761753082,5.535826795
342,6.487387286,5.665420532,5.481753674
343,5.905897197,5.155845165,5.425779292
344,5.29227528,5.308220387,5.368124553
345,5.263922497,5.171935081,5.309016994
346,5.715110642,4.880594254,5.248689887
347,5.111508414,5.347364426,5.187381315
348,6.056169837,5.092959404,5.125333234
349,6.021125289,4.842158318,5.06279052
350,6.477796231,4.831279278,5
351,6.004924907,5.012252808,4.93720948
352,6.082037526,4.774088383,4.874666766
353,5.784073548,5.157782555,4.812618685
354,5.117642602,5.14258194,4.751310113
355,6.419769257,5.343122482,4.690983006
356,5.139683516,5.135570049,4.631875447
357,6.328068136,5.169029236,4.574220708
358,4.642391079,5.041189671,4.518246326
359,4.572055738,4.77634573,4.464173205
360,4.713977391,5.317461014,4.412214748
361,5.295227622,4.784489155,4.36257601
362,4.462398477,5.276957989,4.315452894
363,5.004294482,4.613490105,4.271031373
364,4.32156638,4.591621399,4.229486757
365,5.559287764,4.636363983,4.190983006
366,3.943382883,4.843297482,4.155672074
367,4.90376279,4.558767319,4.12369332
368,3.285828877,4.735244751,4.095172948
369,5.304422502,4.518847942,4.070223514
370,5.05694753,4.947995186,4.048943484
371,3.88804817,4.424936771,4.031416839
372,4.32932023,4.699934959,4.017712749
373,4.647463117,4.310676575,4.007885299
374,3.177186051,4.846842766,4.001973272
375,3.586365618,4.754174232,4
376,5.529017689,4.412877083,4.001973272
377,3.707313945,4.520978928,4.007885299
378,3.868476189,4.615092278,4.017712749
379,4.548348044,4.298043728,4.031416839
380,4.418886514,4.354944229,4.048943484
381,3.402769001,4.935713291,4.070223514
382,4.02278441,4.376568317,4.095172948
383,5.036177028,4.408714294,4.12369332
384,4.546456138,4.58439064,4.155672074
385,4.111153945,4.546156406,4.190983006
386,4.524571551,4.326282501,4.229486757
387,2.530461987,4.443000793,4.271031373
388,3.921275822,4.746672153,4.315452894
389,4.599297154,4.583816051,4.36257601
390,2.838164068,4.464156151,4.412214748
391,2.937802322,4.577207088,4.464173205
392,3.623823826,4.260467052,4.518246326
393,4.16290452,4.42006731,4.574220708
394,3.718357455,4.600018501,4.631875447
395,3.965425916,4.270262718,4.690983006
396,4.078941646,4.276584625,4.751310113
397,4.91382157,4.361411572,4.812618685
398,3.860269643,4.477046013,4.874666766
399,3.60508715,4.378651619,4.93720948
400,4.491691971,4.429860115,5
401,3.502063855,4.456319809,5.06279052
402,4.881746065,4.703415394,5.125333234
403,4.362244119,4.406988621,5.187381315
404,4.286998489,4.358151436,5.248689887
405,3.286217154,4.567392826,5.309016994
406,3.945583974,4.34115696,5.368124553
407,4.075692864,4.692346096,5.425779292
408,5.270287438,4.53011322,5.481753674
409,4.291708771,4.509450912,5.535826795
410,4.74122076,4.310727119,5.587785252
411,4.811767129,4.425425529,5.63742399
412,4.963372139,4.455536366,5.684547106
413,4.514176242,4.833714962,5.728968627
414,4.813448498,4.510724068,5.770513243
415,4.481930301,4.645234108,5.809016994
416,4.47038319,4.668601513,5.844327926
417,5.175998335,4.720740318,5.87630668
418,5.115994013,4.574092388,5.904827052
419,5.069979613,4.669166565,5.929776486
420,5.084539617,4.564507484,5.951056516
421,5.618319888,4.561109066,5.968583161
422,4.379285047,4.798014164,5.982287251
423,5.448991214,4.775738239,5.992114701
424,6.446144866,4.75890255,5.998026728
425,4.98053301,4.764206409,6
426,4.795388524,4.972144127,5.998026728
427,5.913310113,4.53489399,5.992114701
428,5.312857467,4.903571606,5.982287251
429,4.932139519,5.329125881,5.968583161
430,5.469554289,4.726799965,5.951056516
431,5.988644754,4.663125038,5.929776486
432,6.748601158,5.096133232,5.904827052
433,5.649877815,4.850102425,5.87630668
434,6.616861609,4.709790707,5.844327926
435,6.61808861,4.911782265,5.809016994
436,6.590405733,5.128536224,5.770513243
437,6.347936597,5.462656021,5.728968627
438,5.755648923,4.985153198,5.684547106
439,5.688871609,5.404601097,5.63742399
440,6.803351511,5.405145645,5.587785252
441,6.447633401,5.392916679,5.535826795
442,5.270694035,5.28572464,5.481753674
443,6.588895082,5.02922821,5.425779292
444,6.523732617,5.001318455,5.368124553
445,5.582000875,5.4866786,5.309016994
446,5.531385195,5.329781055,5.248689887
447,6.517179783,4.833870888,5.187381315
448,5.16939035,5.392249107,5.125333234
449,5.873953284,5.36343956,5.06279052
450,5.312639255,4.957257271,5
451,5.469829302,4.936670303,4.93720948
452,5.978490069,5.360541821,4.874666766
453,5.583845937,4.795544624,4.812618685
454,6.314063555,5.079308987,4.751310113
455,6.413820555,4.850021362,4.690983006
456,6.447821787,4.911889076,4.631875447
457,4.871177844,5.124154091,4.574220708
458,4.695858239,4.95800972,4.518246326
459,5.291207728,5.270780563,4.464173205
460,6.017024666,5.314834595,4.412214748
461,4.444771364,5.329864502,4.36257601
462,4.931644001,4.688726425,4.315452894
463,5.919663538,4.630517483,4.271031373
464,3.99946709,4.84174633,4.229486757
465,4.221236207,5.140807629,4.190983006
466,4.188352222,4.553630352,4.155672074
467,5.031189596,4.709617615,4.12369332
468,4.977316066,5.098856449,4.095172948
469,4.270977849,4.437605381,4.070223514
470,4.386193019,4.49202013,4.048943484
471,5.232730632,4.4835186,4.031416839
472,3.355755634,4.744877815,4.017712749
473,5.187572301,4.725659847,4.007885299
474,4.269827925,4.505150318,4.001973272
475,4.552648789,4.536844254,4
476,3.492600311,4.819391251,4.001973272
477,3.685959684,4.319760799,4.007885299
478,3.700707752,4.802348614,4.017712749
479,4.295400705,4.504844666,4.031416839
480,4.402843349,4.585696697,4.048943484
481,3.667378707,4.339675426,4.070223514
482,3.131746866,4.37259388,4.095172948
483,3.375104765,4.375332355,4.12369332
484,4.00799744,4.511720657,4.155672074
485,2.274800131,4.541570663,4.190983006
486,3.313605672,4.369189739,4.229486757
487,3.97563601,4.293289185,4.271031373
488,4.145936135,4.322404385,4.315452894
489,3.883145567,4.439569473,4.36257601
490,3.483564451,4.26356411,4.412214748
491,3.279828044,4.314198017,4.464173205
492,2.829357383,4.4321661,4.518246326
493,3.235939727,4.472775459,4.574220708
494,3.052601343,4.411827564,4.631875447
495,4.085338248,4.338274479,4.690983006
496,4.309659086,4.309932232,4.751310113
497,4.115941227,4.269775867,4.812618685
498,4.89608931,4.304650784,4.874666766
499,4.598984077,4.285774708,4.93720948
500,4.067841426,4.457862854,5
501,3.791590196,4.515594482,5.06279052
502,3.382836099,4.465332031,5.125333234
503,3.363747073,4.697282791,5.187381315
504,5.037900437,4.599919796,5.248689887
505,4.879632448,4.453652859,5.309016994
506,4.230861217,4.392907143,5.368124553
507,4.559661833,4.323478699,5.425779292
508,4.924201658,4.320847034,5.481753674
509,4.722599205,4.747292519,5.535826795
510,5.66023775,4.691623688,5.587785252
511,4.741979027,4.494532108,5.63742399
512,4.62569067,4.58783102,5.684547106
513,5.957522208,4.70702219,5.728968627
514,5.209158526,4.639163017,5.770513243
515,5.180541674,4.989439487,5.809016994
516,6.509416028,4.645477295,5.844327926
517,4.39068836,4.608242512,5.87630668
518,6.00865986,5.115120411,5.904827052
519,5.897412068,4.810473442,5.929776486
520,4.902070093,4.799712181,5.951056516
521,6.399285933,5.357108116,5.968583161
522,5.829874796,4.538115501,5.982287251
523,5.49930762,5.137185574,5.992114701
524,6.522708197,5.089327335,5.998026728
525,6.131330838,4.69934845,6
526,6.838207968,5.308407307,5.998026728
527,6.637188444,5.060562611,5.992114701
528,5.50364189,4.923722267,5.982287251
529,6.45270115,5.362989426,5.968583161
530,6.680288223,5.190527916,5.951056516
531,5.712920967,5.50193119,5.929776486
532,5.955520035,5.413578987,5.904827052
533,6.493130407,4.925467491,5.87630668
534,6.758325877,5.332025051,5.844327926
535,6.433515114,5.432587624,5.809016994
536,6.484574122,5.011339188,5.770513243
537,5.785043028,5.114256382,5.728968627
538,8.227289312,5.349903107,5.684547106
539,6.950388794,5.466924667,5.63742399
540,5.169732533,5.323538303,5.587785252
541,6.256804994,5.346120834,5.535826795
542,6.176528732,5.04159832,5.481753674
543,6.125150009,6.047245979,5.425779292
544,5.342822001,5.550765991,5.368124553
545,5.936961937,4.79567194,5.309016994
546,6.010776281,5.245554447,5.248689887
547,6.184655471,5.21030283,5.187381315
548,6.723820732,5.187829018,5.125333234
549,5.599076017,4.86173439,5.06279052
550,5.678500555,5.106278419,5
551,6.128795706,5.138101578,4.93720948
552,5.716403733,5.21386528,4.874666766
553,4.385997944,5.451757431,4.812618685
554,6.177259623,4.964244843,4.751310113
555,4.005656315,4.997011662,4.690983006
556,5.54380683,5.189419746,4.631875447
557,6.146138438,5.012793541,4.574220708
558,4.048607077,4.536791325,4.518246326
559,4.851130282,5.210623741,4.464173205
560,5.470302649,4.439030647,4.412214748
561,4.802615027,4.941703796,4.36257601
562,4.432031681,5.19700098,4.315452894
563,4.302241065,4.4490695,4.271031373
564,5.139852008,4.681889057,4.229486757
565,4.44372416,4.912081242,4.190983006
566,4.630501359,4.665539742,4.155672074
567,4.754494625,4.549942493,4.12369332
568,3.746699519,4.513576508,4.095172948
569,4.150249382,4.784554005,4.070223514
570,4.645019824,4.553327084,4.048943484
571,3.443255834,4.609749794,4.031416839
572,4.935908976,4.649586201,4.017712749
573,4.187849575,4.384075642,4.007885299
574,3.742839195,4.473861217,4.001973272
575,3.406980357,4.61431694,4
576,2.819467625,4.332169533,4.001973272
577,4.456762046,4.71110487,4.007885299
578,4.397109187,4.483392715,4.017712749
579,3.375229208,4.383327484,4.031416839
580,2.220823563,4.326886177,4.048943484
581,3.428385334,4.269245625,4.070223514
582,2.465953111,4.557121277,4.095172948
583,2.795058807,4.539939404,4.12369332
584,3.311593247,4.322422028,4.155672074
585,3.407125794,4.265524864,4.190983006
586,3.405197542,4.329979897,4.229486757
587,3.792327725,4.260285854,4.271031373
588,3.849271109,4.267999649,4.315452894
589,4.129364419,4.313937664,4.36257601
590,4.80122733,4.326907158,4.412214748
591,4.142338062,4.326629639,4.464173205
592,3.747938249,4.393055916,4.518246326
593,3.321988114,4.40468502,4.574220708
594,5.048932125,4.468649387,4.631875447
595,4.167329878,4.665072441,4.690983006
596,3.295851719,4.471880436,4.751310113
597,5.249724887,4.384314537,4.812618685
598,4.067055117,4.315282822,4.874666766
599,4.893108943,4.751273155,4.93720948
600,4.436876227,4.478164673,5
601,4.148496367,4.31193161,5.06279052
602,4.556499564,4.825857639,5.125333234
603,5.403421552,4.453462124,5.187381315
604,5.348862957,4.69625473,5.248689887
605,5.148622177,4.551341057,5.309016994
606,5.989446636,4.473419666,5.368124553
607,5.532242479,4.586866379,5.425779292
608,5.123962433,4.885499954,5.481753674
609,5.247082446,4.864087105,5.535826795
610,5.346264439,4.787807941,5.587785252
611,4.930058989,5.128882408,5.63742399
612,6.960152178,4.937017441,5.684547106
613,5.207037736,4.778674603,5.728968627
614,6.154149478,4.824850082,5.770513243
615,5.322180645,4.863074303,5.809016994
616,6.5357338,4.70906496,5.844327926
617,5.047213833,5.554993153,5.87630668
618,6.226533158,4.809672356,5.904827052
619,6.179969194,5.200505733,5.929776486
620,6.838895059,4.853713989,5.951056516
621,6.093671578,5.368747711,5.968583161
622,5.96631536,4.750652313,5.982287251
623,6.777100175,5.232244968,5.992114701
624,6.99601931,5.211812019,5.998026728
625,6.770850575,5.502233028,6
626,5.963527,5.174097538,5.998026728
627,6.777906434,5.118908882,5.992114701
628,7.136410638,5.475168228,5.982287251
629,6.590819908,5.570493698,5.968583161
630,5.345918899,5.472424507,5.951056516
631,6.409033704,5.117705822,5.929776486
632,6.997896806,5.475522995,5.904827052
633,6.325273173,5.630610466,5.87630668
634,5.850876755,5.393098354,5.844327926
635,5.613999467,4.862943649,5.809016994
636,5.268162253,5.312717438,5.770513243
637,6.42609793,5.571305752,5.728968627
638,7.165236729,5.275722504,5.684547106
639,5.186480587,5.069479465,5.63742399
640,6.019503956,4.970366955,5.587785252
641,6.044313395,4.83289957,5.535826795
642,5.888653816,5.320259094,5.481753674
643,5.858878559,5.642827511,5.425779292
644,5.818909968,4.801940441,5.368124553
645,5.463359991,5.141879082,5.309016994
646,5.872336836,5.152634621,5.248689887
647,5.880897931,5.085584641,5.187381315
648,4.796319549,5.072885036,5.125333234
649,4.264079314,5.055913925,5.06279052
650,5.573914298,4.909305573,5
651,5.564337277,5.078620434,4.93720948
652,5.0254322,5.082271099,4.874666766
653,5.704441473,4.663436413,4.812618685
654,4.766414042,4.503311157,4.751310113
655,4.851686262,4.95395422,4.690983006
656,4.678893475,4.950052261,4.631875447
657,4.361231211,4.742809296,4.574220708
658,3.342061305,5.007800102,4.518246326
659,4.635642287,4.653513432,4.464173205
660,3.719139791,4.682077408,4.412214748
661,3.482255009,4.625079155,4.36257601
662,5.035530759,4.529829025,4.315452894
663,4.724687821,4.317923069,4.271031373
664,3.649622864,4.611366272,4.229486757
665,4.498227156,4.378798008,4.190983006
666,4.324797443,4.338074684,4.155672074
667,3.486853824,4.746440887,4.12369332
668,4.876565207,4.63984251,4.095172948
669,4.800380474,4.36598587,4.070223514
670,3.552571503,4.569334984,4.048943484
671,3.834810379,4.51973629,4.031416839
672,2.778496666,4.338783264,4.017712749
673,3.934979718,4.690569401,4.007885299
674,4.687111875,4.664789677,4.001973272
675,3.818645564,4.349290848,4
676,3.726459259,4.401689053,4.001973272
677,3.876543632,4.267207623,4.007885299
678,3.749318206,4.423077583,4.017712749
679,3.215011266,4.627708435,4.031416839
680,3.633794615,4.39837265,4.048943484
681,3.915525166,4.380188942,4.070223514
682,3.925367307,4.410424232,4.095172948
683,4.347316467,4.38458252,4.12369332
684,3.314542802,4.30223465,4.155672074
685,3.853213553,4.363165379,4.190983006
686,3.8956559,4.418809414,4.229486757
687,4.06428716,4.420959473,4.271031373
688,4.493402649,4.52595377,4.315452894
689,4.743533224,4.314317703,4.36257601
690,3.630975591,4.405508995,4.412214748
691,4.482747246,4.414509773,4.464173205
692,4.736225922,4.452802181,4.518246326
693,3.522898127,4.567900658,4.574220708
694,4.243667863,4.645989895,4.631875447
695,4.649861429,4.362670898,4.690983006
696,6.096388898,4.564750195,4.751310113
697,4.830971761,4.643599987,4.812618685
698,4.206181558,4.344466209,4.874666766
699,5.939776292,4.497900486,4.93720948
700,5.780041493,4.615848064,5
701,3.813702782,5.175280571,5.06279052
702,5.354454247,4.675060272,5.125333234
703,6.144463468,4.488108158,5.187381315
704,6.235453791,5.107487202,5.248689887
705,5.656207694,5.0394907,5.309016994
706,4.65860671,4.397367477,5.368124553
707,6.088183556,4.866271496,5.425779292
708,5.529273059,5.196267128,5.481753674
709,5.526927472,5.236165047,5.535826795
710,6.947986608,4.987769127,5.587785252
711,5.886993096,4.618616581,5.63742399
712,6.594142247,5.1717062,5.684547106
713,5.764286566,4.935815334,5.728968627
714,5.847601789,4.934866905,5.770513243
715,5.646126351,5.549725056,5.809016994
716,6.31265635,5.084875107,5.844327926
717,6.452704971,5.394567966,5.87630668
718,6.87334762,5.032858372,5.904827052
719,5.582673954,5.068090439,5.929776486
720,6.578759998,4.983602524,5.951056516
721,5.456984556,5.270158291,5.968583161
722,6.400661845,5.332025051,5.982287251
723,5.986514572,5.517273426,5.992114701
724,4.786742798,4.957531929,5.998026728
725,6.279444207,5.387769222,6
726,5.419207308,4.906760216,5.998026728
727,4.729076229,5.309015274,5.992114701
728,5.720895532,5.127617836,5.982287251
729,5.4594023,4.660243988,5.968583161
730,5.102875015,5.255519867,5.951056516
731,6.43985849,4.891740322,5.929776486
732,5.985831099,4.641269207,5.904827052
733,6.168349296,5.014667511,5.87630668
734,6.062629473,4.90772438,5.844327926
735,6.163281506,4.770915985,5.809016994
736,4.956284358,5.326345444,5.770513243
737,5.217247948,5.127321243,5.728968627
738,4.467431723,5.206720352,5.684547106
739,5.176577284,5.160588264,5.63742399
740,5.203297885,5.204503059,5.587785252
741,5.066636074,4.718246937,5.535826795
742,4.842155278,4.813528061,5.481753674
743,5.709339126,4.560242653,5.425779292
744,5.030916978,4.798228741,5.368124553
745,4.971418504,4.808263779,5.309016994
746,4.046552079,4.757686138,5.248689887
747,4.610522422,4.678844929,5.187381315
748,5.552997385,5.009842396,5.125333234
749,4.831451217,4.74477911,5.06279052
750,4.404070855,4.72357893,5
751,4.998068137,4.448582649,4.93720948
752,4.817625002,4.603503227,4.874666766
753,4.242167359,4.945436478,4.812618685
754,4.410798364,4.675223827,4.751310113
755,4.07679368,4.541920662,4.690983006
756,3.175875559,4.733026981,4.631875447
757,4.270010299,4.670567989,4.574220708
758,3.617562285,4.49750185,4.518246326
759,4.346780869,4.543841839,4.464173205
760,4.531977221,4.455802441,4.412214748
761,3.998333161,4.297898769,4.36257601
762,3.594123265,4.504891872,4.315452894
763,3.100278884,4.360314846,4.271031373
764,4.163680597,4.525803089,4.229486757
765,3.083526273,4.579437256,4.190983006
766,3.25633751,4.437343597,4.155672074
767,3.464899313,4.356266499,4.12369332
768,4.604659098,4.290187836,4.095172948
769,3.325055018,4.477241516,4.070223514
770,3.869724115,4.28859663,4.048943484
771,3.793474372,4.307068348,4.031416839
772,3.868223903,4.335416317,4.017712749
773,4.037817044,4.60168314,4.007885299
774,3.882563301,4.315681934,4.001973272
775,4.816722494,4.408979416,4
776,3.962494889,4.393285275,4.001973272
777,4.179540152,4.408662796,4.007885299
778,3.856265319,4.446523666,4.017712749
779,3.80955234,4.411705017,4.031416839
780,4.46338875,4.670265675,4.048943484
781,4.373072419,4.429201126,4.070223514
782,3.559843365,4.481268406,4.095172948
783,3.671534534,4.406147003,4.12369332
784,5.47907485,4.396522999,4.155672074
785,5.352292853,4.559058189,4.190983006
786,5.146204984,4.533149242,4.229486757
787,4.087414652,4.350495338,4.271031373
788,4.435234143,4.369948387,4.315452894
789,4.432844884,4.915595055,4.36257601
790,6.111078614,4.86542654,4.412214748
791,5.051194572,4.786907673,4.464173205
792,4.810767076,4.458366871,4.518246326
793,6.078908918,4.550870419,4.574220708
794,4.198278932,4.550176144,4.631875447
795,3.759220152,5.181685448,4.690983006
796,4.454865296,4.752091408,4.751310113
797,3.821182822,4.668262959,4.812618685
798,6.308973277,5.167668343,4.874666766
799,5.231699864,4.486069679,4.93720948
800,5.277656157,4.386510372,5
801,5.02867426,4.556566715,5.06279052
802,4.190145875,4.398889542,5.125333234
803,5.652738408,5.26853466,5.187381315
804,6.323123467,4.819000721,5.248689887
805,6.153948478,4.836539268,5.309016994
806,5.970790832,4.743974686,5.368124553
807,5.706189667,4.483980656,5.425779292
808,5.487712513,4.986336708,5.481753674
809,5.41897037,5.274773598,5.535826795
810,5.850345038,5.200417995,5.587785252
811,7.066405749,5.120834351,5.63742399
812,5.449087405,5.00853157,5.684547106
813,6.282007996,4.919058323,5.728968627
814,5.800556614,4.891647339,5.770513243
815,6.174531719,5.069253922,5.809016994
816,5.475354425,5.600753307,5.844327926
817,5.287682686,4.903608799,5.87630668
818,5.913122445,5.256649971,5.904827052
819,5.58837393,5.048146248,5.929776486
820,5.229744348,5.209428787,5.951056516
821,5.186026528,4.914102077,5.968583161
822,6.493950393,4.840389252,5.982287251
823,6.485459579,5.096051216,5.992114701
824,4.604462987,4.959864616,5.998026728
825,5.153762147,4.8182621,6
826,7.008648477,4.801767826,5.998026728
827,4.384076228,5.350267887,5.992114701
828,4.090253,5.346512318,5.982287251
829,5.489899304,4.601620197,5.968583161
830,5.9266217,4.789719582,5.951056516
831,5.128153147,5.575940609,5.929776486
832,6.234004195,4.5362463,5.904827052
833,5.847473482,4.45905447,5.87630668
834,4.909669751,4.919939041,5.844327926
835,4.686655746,5.101840496,5.809016994
836,4.420994774,4.780225754,5.770513243
837,6.19808364,5.235527515,5.728968627
838,6.149579463,5.068033218,5.684547106
839,5.081638963,4.701979637,5.63742399
840,5.490395737,4.627562523,5.587785252
841,5.27778981,4.546765327,5.535826795
842,6.349699566,5.219754696,5.481753674
843,5.372226785,5.198504448,5.425779292
844,4.63242823,4.763149261,5.368124553
845,3.957483846,4.920137405,5.309016994
846,4.119762819,4.83659029,5.248689887
847,4.883722379,5.286501884,5.187381315
848,5.211425357,4.873226643,5.125333234
849,4.751858603,4.610354424,5.06279052
850,5.168971097,4.428080559,5
851,4.045387298,4.466273308,4.93720948
852,5.125439019,4.693026543,4.874666766
853,5.541352822,4.811326027,4.812618685
854,4.556091857,4.648718357,4.751310113
855,3.999493564,4.795386791,4.690983006
856,5.085910573,4.448307991,4.631875447
857,3.903311246,4.779220581,4.574220708
858,5.078862104,4.940705776,4.518246326
859,4.212282918,4.586743832,4.464173205
860,3.578852349,4.437609673,4.412214748
861,4.303318398,4.764709473,4.36257601
862,4.026582064,4.416158676,4.315452894
863,5.352169902,4.762136459,4.271031373
864,4.375527303,4.48968935,4.229486757
865,4.061469098,4.353674412,4.190983006
866,4.367689054,4.513866425,4.155672074
867,4.579618148,4.443888664,4.12369332
868,3.990894212,4.86537838,4.095172948
869,4.751094772,4.533837318,4.070223514
870,4.789922197,4.452130318,4.048943484
871,2.895870557,4.531637669,4.031416839
872,4.8909579,4.593943596,4.017712749
873,3.748341404,4.435636997,4.007885299
874,4.531452267,4.648468494,4.001973272
875,4.054922484,4.661302567,4
876,4.114589028,4.273736954,4.001973272
877,4.239431475,4.695514202,4.007885299
878,4.963302181,4.384391308,4.017712749
879,3.79842707,4.579280853,4.031416839
880,4.088433036,4.45056963,4.048943484
881,4.221065305,4.464998722,4.070223514
882,3.398621166,4.496782303,4.095172948
883,4.263393768,4.720714569,4.12369332
884,4.539091939,4.39428091,4.155672074
885,4.883557371,4.458612442,4.190983006
886,5.482128098,4.491972923,4.229486757
887,3.962374062,4.325697899,4.271031373
888,5.59136167,4.503127098,4.315452894
889,3.954887418,4.581584454,4.36257601
890,4.307825835,4.692972183,4.412214748
891,5.034034097,4.916818619,4.464173205
892,4.220728802,4.42917347,4.518246326
893,4.791797347,4.961084843,4.574220708
894,4.269641536,4.427495956,4.631875447
895,4.253112946,4.515094757,4.690983006
896,4.97466789,4.745901108,4.751310113
897,4.888291585,4.491887569,4.812618685
898,4.952727472,4.66192627,4.874666766
899,5.275113955,4.504794121,4.93720948
900,5.182829333,4.500394821,5
901,6.174799233,4.724727631,5.06279052
902,5.864893276,4.69459486,5.125333234
903,5.394996055,4.716994762,5.187381315
904,5.751056056,4.835562229,5.248689887
905,4.170751397,4.800570488,5.309016994
906,5.03862117,5.209547043,5.368124553
907,5.096366338,5.075449467,5.425779292
908,5.19756662,4.882175446,5.481753674
909,6.029477843,5.027298927,5.535826795
910,6.241964143,4.479032516,5.587785252
911,6.097273188,4.747553349,5.63742399
912,7.065697567,4.768531799,5.684547106
913,4.942255071,4.806106567,5.728968627
914,6.32729062,5.146201134,5.770513243
915,4.975988336,5.239026546,5.809016994
916,5.129313264,5.175667286,5.844327926
917,5.206407794,5.600450516,5.87630668
918,6.116743971,4.71332407,5.904827052
919,6.684273092,5.276614189,5.929776486
920,5.588622035,4.725193977,5.951056516
921,5.200079621,4.780652523,5.968583161
922,5.550249988,4.809433937,5.982287251
923,5.684985216,5.184157372,5.992114701
924,5.812606634,5.434342384,5.998026728
925,5.429796146,4.959963799,6
926,5.837032655,4.807051182,5.998026728
927,6.22251715,4.944320202,5.992114701
928,5.414162569,4.999704361,5.982287251
929,5.928662975,5.053242683,5.968583161
930,5.77357077,4.895940304,5.951056516
931,5.096862489,5.063596249,5.929776486
932,6.939655524,5.230481625,5.904827052
933,5.394483426,4.889742851,5.87630668
934,6.44637674,5.1027174,5.844327926
935,5.717859152,5.036762238,5.809016994
936,5.792858624,4.768711567,5.770513243
937,5.040634029,5.546112537,5.728968627
938,5.574713259,4.881975174,5.684547106
939,5.28492723,5.329226494,5.63742399
940,5.645642582,5.013401031,5.587785252
941,6.368885458,5.044897079,5.535826795
942,4.887385654,4.748279095,5.481753674
943,5.7009862,4.954280376,5.425779292
944,5.822078017,4.839332104,5.368124553
945,6.065214383,4.983402252,5.309016994
946,5.210645545,5.294975758,5.248689887
947,4.801751963,4.694283485,5.187381315
948,6.200374656,5.006360054,5.125333234
949,4.993093517,5.057255745,5.06279052
950,5.541172876,5.161711216,5
951,5.0437926,4.811034679,4.93720948
952,4.182957942,4.66524744,4.874666766
953,5.4331292,5.220759392,4.812618685
954,5.234980776,4.731258869,4.751310113
955,5.725884015,4.940634727,4.690983006
956,4.95950783,4.749415874,4.631875447
957,5.499885284,4.482139587,4.574220708
958,4.86657067,4.897259712,4.518246326
959,3.75956712,4.82024765,4.464173205
960,5.38998191,5.01675415,4.412214748
961,5.204770213,4.719378471,4.36257601
962,4.234325795,4.923953056,4.315452894
963,4.295813842,4.687151432,4.271031373
964,4.493801111,4.386576176,4.229486757
965,4.978680183,4.880202293,4.190983006
966,3.370603334,4.808817387,4.155672074
967,4.912121763,4.49544239,4.12369332
968,4.862278988,4.511834145,4.095172948
969,4.009607966,4.568021297,4.070223514
970,3.881652654,4.726146221,4.048943484
971,4.252442899,4.321784973,4.031416839
972,4.533659434,4.702825546,4.017712749
973,3.972139159,4.685686588,4.007885299
974,4.800342727,4.439943314,4.001973272
975,4.730269362,4.411510468,4
976,3.754293058,4.500219822,4.001973272
977,4.141027184,4.579944611,4.007885299
978,3.806944409,4.43137455,4.017712749
979,3.262777917,4.664777756,4.031416839
980,4.772513441,4.641658306,4.048943484
981,4.795642991,4.385547638,4.070223514
982,4.975896624,4.471552849,4.095172948
983,4.209142852,4.395995617,4.12369332
984,5.177050127,4.307846069,4.155672074
985,4.318967232,4.655526638,4.190983006
986,4.193193955,4.663206577,4.229486757
987,4.123946515,4.725161552,4.271031373
988,4.440917932,4.488873959,4.315452894
989,2.770277964,4.798406124,4.36257601
990,3.867482665,4.518137455,4.412214748
991,4.960620862,4.484763145,4.464173205
992,4.756541743,4.467305183,4.518246326
993,4.317407226,4.552512169,4.574220708
994,4.715641701,4.266834259,4.631875447
995,4.391863316,4.408504486,4.690983006
996,4.861414323,4.719772339,4.751310113
997,4.638196514,4.650257587,4.812618685
998,3.913347564,4.517710686,4.874666766
999,3.855064133,4.636905193,4.93720948
