1,1.7715763,2.0950317,2.0596642,2.4246814,1.7712247
0,,,,,
2,1.7715586,2.0515587,2.0197506,2.3668406,1.7712137
1,,,,,
3,1.7715853,2.098948,2.0620937,2.4427412,1.7712301
2,,,,,
4,1.7716304,2.2047572,2.159782,2.5677712,1.7712584
3,,,,,
5,1.7716414,2.2374883,2.1888378,2.6162598,1.7712654
4,,,,,
6,1.7716744,2.3398528,2.2799199,2.7595062,1.7712859
5,,,,,
7,1.7716564,2.2937696,2.2380402,2.7056615,1.7712744
6,,,,,
8,1.7716802,2.3718882,2.307658,2.8088398,1.7712895
7,,,,,
9,1.7716849,2.3748887,2.3114195,2.8033533,1.7712923
8,,,,,
10,1.7716739,2.344286,2.2833924,2.7703555,1.7712854
9,,,,,
11,1.7716962,2.4210584,2.3527327,2.8601797,1.7712996
10,,,,,
12,1.771779,2.861006,2.7377179,3.397648,1.7713517
11,,,,,
13,1.7717885,2.9811318,2.8349843,3.5649624,1.7713577
12,,,,,
14,1.7717494,2.7419846,2.629858,3.284485,1.7713332
13,,,,,
15,1.7717513,2.778086,2.6577961,3.3458753,1.7713344
14,,,,,
16,1.7717891,3.0140295,2.8634322,3.5936792,1.7713583
15,,,,,
17,1.7717456,2.6740372,2.5736763,3.1876025,1.7713306
16,,,,,
18,1.7717917,2.977165,2.8373547,3.5238767,1.7713597
17,,,,,
19,1.7718282,3.4557693,3.2197917,4.134168,1.7713828
18,,,,,
20,1.771802,3.2825923,3.0691884,3.9821699,1.7713662
19,,,,,
21,1.7717597,2.8265543,2.6995275,3.4030643,1.7713397
20,,,,,
22,1.7717566,2.8076062,2.683098,3.379119,1.7713376
21,,,,,
23,1.7717112,2.4999528,2.4198463,2.9837399,1.771309
22,,,,,
24,1.7717063,2.4569423,2.383218,2.9197116,1.7713058
23,,,,,
25,1.7717339,2.5893555,2.498913,3.0939636,1.771323
24,,,,,
26,1.7717646,2.7703807,2.655971,3.3171015,1.7713425
25,,,,,
27,1.77178,2.8978457,2.7626278,3.485119,1.7713523
26,,,,,
28,1.7717987,3.0927618,2.92179,3.743683,1.771364
27,,,,,
29,1.7718103,3.2273157,3.0308304,3.9106953,1.7713714
28,,,,,
30,1.7717941,3.09327,2.9186041,3.760837,1.771361
29,,,,,
31,1.7717613,2.8114257,2.6853197,3.4024165,1.7713405
30,,,,,
32,1.771712,2.5333958,2.4478595,3.035401,1.7713095
31,,,,,
33,1.7717023,2.4650943,2.3895838,2.934607,1.7713033
32,,,,,
34,1.7717245,2.5386848,2.4573452,3.0056531,1.7713171
33,,,,,
35,1.7717682,2.7850468,2.6735063,3.2940483,1.7713449
34,,,,,
36,1.7717737,2.8677452,2.7397003,3.4209285,1.7713484
35,,,,,
37,1.771795,3.1059592,2.9302564,3.7645931,1.7713617
36,,,,,
38,1.771778,2.9851036,2.828372,3.625201,1.7713509
37,,,,,
39,1.7717535,2.7554896,2.6388824,3.3218272,1.7713356
38,,,,,
40,1.7717795,2.8668094,2.7410078,3.4188287,1.771352
39,,,,,
41,1.7717873,2.9596803,2.8165061,3.5464625,1.7713568
40,,,,,
42,1.7717805,2.9407566,2.7973342,3.5399342,1.7713526
41,,,,,
43,1.7717549,2.8002458,2.676049,3.380086,1.7713366
42,,,,,
44,1.7717698,2.890505,2.7542257,3.4773235,1.7713459
43,,,,,
45,1.7717546,2.7196598,2.6122704,3.2520843,1.7713363
44,,,,,
46,1.7717185,2.5366926,2.4526892,3.0264397,1.7713135
45,,,,,
47,1.7716805,2.3876522,2.321425,2.831544,1.7712898
46,,,,,
48,1.7716448,2.2840726,2.2295,2.6894305,1.7712675
47,,,,,
49,1.7716354,2.2344196,2.1857054,2.6155508,1.7712616
48,,,,,
50,1.771574,2.0840988,2.0492995,2.4150958,1.7712233
49,,,,,
51,1.7715615,2.0584092,2.025818,2.3796475,1.7712156
50,,,,,
52,1.7715188,1.996034,1.9694734,2.285928,1.7711892
51,,,,,
53,1.7715207,1.997341,1.970554,2.2883606,1.7711904
52,,,,,
54,1.7715251,1.9979987,1.9713303,2.28554,1.771193
53,,,,,
55,1.7715434,2.0266898,1.9974155,2.327587,1.7712042
54,,,,,
56,1.7715095,1.979997,1.9549425,2.260356,1.7711833
55,,,,,
57,1.7715126,1.9827348,1.956956,2.2705212,1.7711853
56,,,,,
58,1.7715039,1.9694464,1.9447874,2.251184,1.7711798
57,,,,,
59,1.7714983,1.9566609,1.9330038,2.2321923,1.7711762
58,,,,,
60,1.7715042,1.9636618,1.9394801,2.2407973,1.7711799
59,,,,,
61,1.7715192,1.9831378,1.956862,2.2745776,1.7711891
60,,,,,
62,1.771513,1.9758279,1.9500641,2.2662928,1.7711854
61,,,,,
63,1.7715111,1.9731332,1.9475424,2.2631621,1.7711841
62,,,,,
64,1.7715105,1.9705701,1.9452678,2.2579548,1.7711837
63,,,,,
65,1.7714852,1.9370737,1.9146874,2.2086482,1.7711682
64,,,,,
66,1.7714667,1.9158041,1.8953428,2.1761432,1.7711567
65,,,,,
67,1.7714461,1.8957627,1.877333,2.1431487,1.7711443
66,,,,,
68,1.77144,1.8886042,1.8707945,2.1316974,1.7711405
67,,,,,
69,1.7714113,1.8596851,1.844435,2.086615,1.7711227
68,,,,,
70,1.771415,1.8627385,1.8472176,2.0909078,1.771125
69,,,,,
71,1.7714201,1.8674183,1.8514558,2.0982964,1.7711283
70,,,,,
72,1.7714279,1.8739498,1.8572545,2.1103976,1.7711331
71,,,,,
73,1.7714142,1.8620098,1.8465096,2.0906467,1.7711246
72,,,,,
74,1.7714065,1.8561499,1.8412815,2.0807467,1.7711198
73,,,,,
75,1.7713786,1.8362833,1.8237458,2.0438707,1.7711029
74,,,,,
76,1.7713461,1.8160623,1.806114,2.0040452,1.7710832
75,,,,,
77,1.7713205,1.8009968,1.792964,1.9744365,1.7710676
76,,,,,
78,1.771355,1.8277893,1.8175428,2.013222,1.7710888
77,,,,,
79,1.7713808,1.8474276,1.8352437,2.0451558,1.7711043
78,,,,,
80,1.7713751,1.8427836,1.830932,2.0399356,1.771101
79,,,,,
81,1.7714269,1.8863742,1.8702472,2.1109478,1.7711327
80,,,,,
82,1.7714647,1.9192357,1.8992944,2.1711953,1.7711556
81,,,,,
83,1.7714531,1.9055734,1.8867229,2.1518939,1.7711486
82,,,,,
84,1.7714487,1.900342,1.8818604,2.1450434,1.7711457
83,,,,,
85,1.7714905,1.9445024,1.9216214,2.2176063,1.7711713
84,,,,,
86,1.7714552,1.9061108,1.8869085,2.15705,1.7711498
85,,,,,
87,1.7714508,1.9003568,1.8816074,2.14834,1.7711471
86,,,,,
88,1.7714387,1.8887448,1.8710927,2.1301703,1.7711396
87,,,,,
89,1.7714444,1.8939155,1.8757725,2.1380513,1.7711432
88,,,,,
90,1.7714102,1.8603219,1.8452165,2.0854235,1.7711221
89,,,,,
91,1.771465,1.92107,1.901355,2.169516,1.7711557
90,,,,,
92,1.7714888,1.9510361,1.9288504,2.2120836,1.7711706
91,,,,,
93,1.771505,1.9700493,1.9456985,2.2464192,1.7711804
92,,,,,
94,1.7715224,1.9945993,1.9679934,2.2833362,1.7711912
93,,,,,
95,1.7715498,2.032044,2.0012045,2.348694,1.7712079
94,,,,,
96,1.7715707,2.0698445,2.0363119,2.3937798,1.7712212
95,,,,,
97,1.771558,2.0487857,2.0169468,2.366931,1.7712134
96,,,,,
98,1.7715598,2.0526927,2.0202527,2.375669,1.7712145
97,,,,,
99,1.7715721,2.0743995,2.0401182,2.4045353,1.7712219
98,,,,,
100,1.7715726,2.0759697,2.0414095,2.408395,1.7712224
99,,,,,
101,1.7715611,2.0501945,2.0178874,2.3722882,1.7712151
100,,,,,
102,1.7715973,2.1228673,2.0843968,2.468932,1.7712376
101,,,,,
103,1.7715868,2.105103,2.0679545,2.448919,1.7712309
102,,,,,
104,1.771587,2.104513,2.06744,2.4473844,1.7712313
103,,,,,
105,1.7716036,2.1397932,2.0995057,2.4952183,1.7712415
104,,,,,
106,1.7716403,2.2318172,2.183499,2.6110685,1.7712646
105,,,,,
107,1.7716336,2.2142055,2.1673353,2.5902839,1.7712604
106,,,,,
108,1.7716583,2.285413,2.2304995,2.6952305,1.7712756
107,,,,,
109,1.7717006,2.4335244,2.3631825,2.8832095,1.7713022
108,,,,,
110,1.7716764,2.3615308,2.2984483,2.7969415,1.7712872
109,,,,,
111,1.7717017,2.4462836,2.375542,2.88954,1.771303
110,,,,,
112,1.7717123,2.5001256,2.4219096,2.9672916,1.7713097
111,,,,,
113,1.7717083,2.4912972,2.4131336,2.9635265,1.7713071
112,,,,,
114,1.7717161,2.5105228,2.4314117,2.9773335,1.771312
113,,,,,
115,1.7717245,2.567282,2.4782991,3.0745583,1.7713171
114,,,,,
116,1.7717426,2.6366565,2.5415885,3.1416175,1.7713287
115,,,,,
117,1.7717222,2.5540195,2.4679303,3.0484598,1.7713159
116,,,,,
118,1.7717457,2.6798978,2.5772097,3.2069142,1.7713306
117,,,,,
119,1.7717288,2.5839627,2.4938853,3.086416,1.77132
118,,,,,
120,1.7717237,2.5712445,2.4816103,3.0786755,1.7713168
119,,,,,
121,1.7717171,2.5116413,2.4312007,2.9911425,1.7713126
120,,,,,
122,1.7717195,2.5339146,2.4493778,3.030868,1.771314
121,,,,,
123,1.7717077,2.4713662,2.3950105,2.9462764,1.7713066
122,,,,,
124,1.7716997,2.4404862,2.3675385,2.9080565,1.7713016
123,,,,,
125,1.7717351,2.599773,2.50852,3.1025999,1.7713239
124,,,,,
126,1.771732,2.582346,2.4931579,3.0815098,1.7713219
125,,,,,
127,1.7717437,2.6552584,2.555472,3.181358,1.7713294
126,,,,,
128,1.7717379,2.6345835,2.5365455,3.1622152,1.7713256
127,,,,,
129,1.7717255,2.5843503,2.4919727,3.1047463,1.7713178
128,,,,,
130,1.771675,2.3598373,2.295848,2.8038979,1.7712861
129,,,,,
131,1.7716993,2.4374166,2.3668835,2.8855133,1.7713016
130,,,,,
132,1.7717397,2.6150298,2.5259151,3.0868664,1.771327
131,,,,,
133,1.7717586,2.741731,2.634257,3.251854,1.7713388
132,,,,,
134,1.7717636,2.8130188,2.6910822,3.3672774,1.7713422
133,,,,,
135,1.7717742,2.9362335,2.7886512,3.562833,1.7713486
134,,,,,
136,1.7717501,2.7400432,2.6251802,3.305264,1.7713333
135,,,,,
137,1.7717265,2.565842,2.4771926,3.0725086,1.7713186
136,,,,,
138,1.7717711,2.7971852,2.682387,3.327246,1.7713467
137,,,,,
139,1.7717631,2.7844431,2.6676452,3.3344872,1.7713416
138,,,,,
140,1.771739,2.6710143,2.5681486,3.2042694,1.7713265
139,,,,,
141,1.7717355,2.653932,2.5531156,3.181715,1.7713244
140,,,,,
142,1.7716947,2.462875,2.3873556,2.9299989,1.7712988
141,,,,,
143,1.7716615,2.2981868,2.2420375,2.7112646,1.7712778
142,,,,,
144,1.771642,2.2400072,2.189721,2.6347759,1.7712655
143,,,,,
145,1.7716405,2.2364395,2.1863863,2.6310422,1.7712647
144,,,,,
146,1.7716329,2.2115278,2.1640828,2.5959895,1.7712598
145,,,,,
147,1.7716185,2.1808648,2.1361582,2.5577097,1.7712508
146,,,,,
148,1.771593,2.1173453,2.0786982,2.4698029,1.7712349
147,,,,,
149,1.771576,2.0831542,2.0476797,2.421865,1.7712245
148,,,,,
150,1.771618,2.1765227,2.1341307,2.5309865,1.7712506
149,,,,,
151,1.7715869,2.1115143,2.0748463,2.4464107,1.7712314
150,,,,,
152,1.7715733,2.0875826,2.0528128,2.4166024,1.771223
151,,,,,
153,1.7715406,2.0336902,2.0039573,2.3387487,1.7712027
152,,,,,
154,1.7715319,2.017974,1.9895331,2.3166935,1.7711973
153,,,,,
155,1.7714983,1.9532801,1.9295157,2.2317538,1.7711762
154,,,,,
156,1.7714695,1.9214579,1.9007727,2.1818333,1.7711585
155,,,,,
157,1.7714796,1.9332925,1.9116782,2.1976306,1.7711649
156,,,,,
158,1.7714976,1.9554671,1.9318446,2.231294,1.7711759
157,,,,,
159,1.7714643,1.9199837,1.8998984,2.1746337,1.7711555
158,,,,,
160,1.7714764,1.9338511,1.9127401,2.1920931,1.7711631
159,,,,,
161,1.7714914,1.9500865,1.9271315,2.2214322,1.7711722
160,,,,,
162,1.7714521,1.9078014,1.8889915,2.1539922,1.7711478
161,,,,,
163,1.7714205,1.875506,1.8596218,2.1036346,1.7711285
162,,,,,
164,1.7714285,1.8814285,1.8647512,2.115563,1.7711335
163,,,,,
165,1.7714012,1.8526064,1.8382597,2.0725076,1.7711166
164,,,,,
166,1.7714107,1.8608743,1.8458565,2.0837328,1.7711225
165,,,,,
167,1.7714617,1.9153439,1.8959049,2.162669,1.771154
166,,,,,
168,1.7714634,1.9160712,1.8962109,2.169056,1.771155
167,,,,,
169,1.7714429,1.897535,1.879589,2.1388907,1.7711424
168,,,,,
170,1.771461,1.9155037,1.8957884,2.1677873,1.7711533
169,,,,,
171,1.7714759,1.9327791,1.9116879,2.1913414,1.7711625
170,,,,,
172,1.7714531,1.903377,1.8845237,2.1504314,1.7711486
171,,,,,
173,1.7714473,1.8975031,1.8791058,2.14291,1.7711447
172,,,,,
174,1.7714576,1.9063954,1.8868349,2.1611557,1.7711513
173,,,,,
175,1.7714624,1.9111141,1.8911862,2.1671438,1.7711542
174,,,,,
176,1.7714287,1.8768734,1.8601247,2.1131535,1.7711335
175,,,,,
177,1.7714225,1.8706614,1.8544728,2.103318,1.7711297
176,,,,,
178,1.7714326,1.879939,1.8628594,2.1182058,1.7711358
177,,,,,
179,1.7714497,1.897758,1.8791881,2.1441863,1.7711463
178,,,,,
180,1.7714704,1.9227695,1.902335,2.1777434,1.7711593
179,,,,,
181,1.7714653,1.9173906,1.8972254,2.173522,1.7711562
180,,,,,
182,1.7714835,1.9379524,1.915856,2.2057135,1.7711673
181,,,,,
183,1.7715162,1.9833931,1.9576749,2.2682068,1.7711874
182,,,,,
184,1.7715284,2.0012124,1.9739023,2.2942488,1.7711949
183,,,,,
185,1.7715187,1.986286,1.9601171,2.2746906,1.771189
184,,,,,
186,1.7715453,2.0238614,1.9937897,2.336356,1.7712052
185,,,,,
187,1.7715603,2.0494409,2.0171142,2.372451,1.7712146
186,,,,,
188,1.7715076,1.9761215,1.9510462,2.2595243,1.7711822
187,,,,,
189,1.7714951,1.9569879,1.9334815,2.231868,1.7711744
188,,,,,
190,1.7714826,1.9402934,1.9182063,2.2074373,1.7711666
189,,,,,
191,1.7714679,1.9204985,1.9000193,2.178618,1.7711576
190,,,,,
192,1.7714713,1.922309,1.9016963,2.1798348,1.7711596
191,,,,,
193,1.7714968,1.9512196,1.9276686,2.2281864,1.7711753
192,,,,,
194,1.7715042,1.9610947,1.936662,2.243059,1.7711798
193,,,,,
195,1.7715306,1.9995866,1.9718504,2.298515,1.7711962
194,,,,,
196,1.7715424,2.0179687,1.9883976,2.327936,1.7712035
195,,,,,
197,1.7715307,2.0001593,1.9721261,2.3029315,1.7711962
196,,,,,
198,1.7715398,2.0142887,1.9850461,2.3227248,1.7712018
197,,,,,
199,1.7715633,2.0549383,2.0223732,2.377082,1.7712165
198,,,,,
200,1.7715851,2.0977511,2.061765,2.4317474,1.77123
199,,,,,
201,1.7715536,2.0484524,2.017093,2.362418,1.7712108
200,,,,,
202,1.7716162,2.182506,2.1404035,2.529904,1.7712497
201,,,,,
203,1.7716415,2.2499232,2.2010334,2.6213956,1.7712655
202,,,,,
204,1.7716733,2.3492956,2.2906775,2.7456043,1.7712853
203,,,,,
205,1.7717125,2.504157,2.4292676,2.932379,1.77131
204,,,,,
206,1.7717344,2.6232789,2.5268862,3.147527,1.7713236
205,,,,,
207,1.7717271,2.575427,2.4859805,3.0804734,1.771319
206,,,,,
208,1.7716912,2.435177,2.3628855,2.8986945,1.7712964
207,,,,,
209,1.7716855,2.397155,2.3301897,2.8402379,1.7712929
208,,,,,
210,1.7716534,2.2743638,2.2207067,2.6791854,1.7712725
209,,,,,
211,1.7716796,2.358488,2.2965121,2.7843719,1.7712892
210,,,,,
212,1.771706,2.4543312,2.382988,2.8961766,1.7713058
211,,,,,
213,1.7717061,2.4747117,2.3983893,2.946797,1.7713058
212,,,,,
214,1.771704,2.4644947,2.3893197,2.9329317,1.7713042
213,,,,,
215,1.7717069,2.4833887,2.4051924,2.9632382,1.7713063
214,,,,,
216,1.7717016,2.4510112,2.3772497,2.9166963,1.7713027
215,,,,,
217,1.7716866,2.3794527,2.314336,2.820671,1.7712934
216,,,,,
218,1.7717274,2.5522616,2.4672914,3.0405862,1.7713192
217,,,,,
219,1.7717196,2.5277538,2.4446707,3.0182061,1.7713141
218,,,,,
220,1.7717254,2.5611663,2.4732983,3.0651932,1.7713178
219,,,,,
221,1.7717354,2.610755,2.5166311,3.1269612,1.7713239
220,,,,,
222,1.7717427,2.654468,2.554207,3.1845317,1.7713287
221,,,,,
223,1.7717079,2.4798694,2.4020913,2.9608629,1.7713068
222,,,,,
224,1.7717172,2.5213401,2.4384956,3.0138454,1.7713127
223,,,,,
225,1.7717183,2.5241954,2.4411461,3.01613,1.7713134
224,,,,,
226,1.7717083,2.4749806,2.3981228,2.9513276,1.7713071
225,,,,,
227,1.7716572,2.298984,2.242454,2.715801,1.771275
226,,,,,
228,1.7716756,2.3560853,2.2939465,2.7849727,1.7712867
227,,,,,
229,1.7717116,2.4865568,2.4120471,2.9321623,1.7713093
228,,,,,
230,1.7716773,2.3676126,2.305505,2.7881284,1.7712879
229,,,,,
231,1.771688,2.403675,2.3377864,2.8312252,1.7712945
230,,,,,
232,1.7716967,2.4476836,2.3744047,2.9103549,1.7712998
231,,,,,
233,1.7716835,2.3908741,2.3243475,2.8340049,1.7712914
232,,,,,
234,1.7716554,2.277014,2.2230008,2.6834853,1.771274
233,,,,,
235,1.7716624,2.3014567,2.244301,2.7222316,1.7712783
234,,,,,
236,1.7716045,2.153179,2.111576,2.5155873,1.7712421
235,,,,,
237,1.771656,2.2901428,2.2374156,2.6747696,1.7712744
236,,,,,
238,1.7716786,2.3651104,2.3047814,2.7683408,1.7712888
237,,,,,
239,1.7717109,2.494655,2.4203813,2.9266553,1.771309
238,,,,,
240,1.7717092,2.5042133,2.4267142,2.9555871,1.7713081
239,,,,,
241,1.7717569,2.7630765,2.6461744,3.3289793,1.7713376
240,,,,,
242,1.7717009,2.4707763,2.3940508,2.9477437,1.7713026
241,,,,,
243,1.771665,2.3316689,2.2714207,2.7596033,1.77128
242,,,,,
244,1.7716435,2.2478518,2.196843,2.6441422,1.7712665
243,,,,,
245,1.7716364,2.2263463,2.1774993,2.615035,1.771262
244,,,,,
246,1.7716019,2.1346617,2.094505,2.4923494,1.7712404
245,,,,,
247,1.771598,2.1275067,2.0878744,2.4842262,1.7712379
246,,,,,
248,1.7715948,2.1206753,2.0816505,2.4750168,1.771236
247,,,,,
249,1.7715743,2.0765643,2.0416033,2.4133081,1.7712233
248,,,,,
250,1.7715403,2.0183108,1.988708,2.3294184,1.7712022
249,,,,,
251,1.7715174,1.9835116,1.9570568,2.2781289,1.771188
250,,,,,
252,1.771506,1.9656032,1.940708,2.2514384,1.7711811
251,,,,,
253,1.7715057,1.963362,1.9387231,2.2466614,1.7711807
252,,,,,
254,1.7715195,1.9833723,1.9572475,2.2724075,1.7711892
253,,,,,
255,1.7715337,2.00461,1.9764614,2.3054483,1.7711982
254,,,,,
256,1.7715731,2.0732968,2.0393107,2.4001663,1.7712225
255,,,,,
257,1.7715791,2.086159,2.050641,2.4230137,1.7712264
256,,,,,
258,1.7715691,2.0690665,2.0349755,2.4008913,1.7712201
257,,,,,
259,1.771556,2.0448623,2.0129375,2.366656,1.7712119
258,,,,,
260,1.7715343,2.011486,1.9826484,2.317951,1.7711986
259,,,,,
261,1.771536,2.0098681,1.9813788,2.3120008,1.7711997
260,,,,,
262,1.7715337,2.0058932,1.9776922,2.3069134,1.7711982
261,,,,,
263,1.7715315,2.0025768,1.9745666,2.303551,1.7711967
262,,,,,
264,1.7715317,2.0031626,1.9750524,2.304937,1.7711971
263,,,,,
265,1.7715192,1.9870014,1.9603007,2.2826204,1.7711891
264,,,,,
266,1.7714999,1.95637,1.9322354,2.2382414,1.7711772
265,,,,,
267,1.7715,1.9555382,1.931518,2.236022,1.7711772
266,,,,,
268,1.7715054,1.9627597,1.9381573,2.2458656,1.7711805
267,,,,,
269,1.7714839,1.936146,1.9139172,2.2063763,1.7711674
268,,,,,
270,1.7714841,1.936514,1.9141575,2.2083106,1.7711675
269,,,,,
271,1.7715007,1.9579062,1.9338919,2.2370377,1.7711778
270,,,,,
272,1.7714787,1.9313924,1.9097565,2.19742,1.7711642
271,,,,,
273,1.7714826,1.9352696,1.9133397,2.2020001,1.7711666
272,,,,,
274,1.771517,1.9823439,1.9565275,2.2686641,1.7711879
273,,,,,
275,1.7715236,1.9915447,1.9646857,2.2852771,1.7711918
274,,,,,
276,1.771507,1.9679343,1.9430602,2.2519462,1.7711818
275,,,,,
277,1.7715057,1.9661732,1.9412466,2.2524729,1.7711807
276,,,,,
278,1.7714735,1.9284569,1.9071965,2.1926892,1.7711611
277,,,,,
279,1.7714874,1.9448458,1.9225607,2.210895,1.7711695
278,,,,,
280,1.7714822,1.937831,1.9160314,2.2019076,1.7711664
279,,,,,
281,1.771508,1.9729017,1.9483029,2.2502532,1.7711823
280,,,,,
282,1.7715347,2.0122933,1.9842077,2.3077195,1.7711989
281,,,,,
283,1.7715346,2.0115964,1.9829471,2.3156922,1.7711986
282,,,,,
284,1.7715198,1.9866515,1.9601027,2.2800732,1.7711897
283,,,,,
285,1.7715018,1.9642638,1.9397933,2.2466993,1.7711785
284,,,,,
286,1.7715031,1.9632816,1.9389737,2.2432017,1.7711792
285,,,,,
287,1.7715067,1.966703,1.9421631,2.246645,1.7711813
286,,,,,
288,1.771492,1.9501845,1.9271039,2.2234602,1.7711724
287,,,,,
289,1.771485,1.9406904,1.9183731,2.2098544,1.7711682
288,,,,,
290,1.7714494,1.9104418,1.8918135,2.1543882,1.7711464
289,,,,,
291,1.7714623,1.9234642,1.903901,2.1698685,1.7711545
290,,,,,
292,1.771444,1.8995032,1.8816689,2.137259,1.771143
291,,,,,
293,1.7714754,1.9356285,1.9147398,2.189933,1.7711624
292,,,,,
294,1.7714812,1.9416788,1.9200981,2.200815,1.771166
293,,,,,
295,1.7715615,2.057866,2.0261054,2.3690505,1.7712156
294,,,,,
296,1.7715442,2.0297265,2.0002017,2.3329046,1.7712048
295,,,,,
297,1.7715605,2.0566769,2.0242887,2.376623,1.7712148
296,,,,,
298,1.7715713,2.0756204,2.0415597,2.4024215,1.7712215
297,,,,,
299,1.771593,2.1188571,2.0806704,2.4644668,1.771235
298,,,,,
300,1.7715898,2.10689,2.0698915,2.4464536,1.771233
299,,,,,
301,1.7715971,2.124032,2.084888,2.4774158,1.7712376
300,,,,,
302,1.7715989,2.1289082,2.0891361,2.4862158,1.7712386
301,,,,,
303,1.7715893,2.108512,2.0706198,2.4581466,1.7712326
302,,,,,
304,1.7715784,2.085465,2.0497222,2.4254646,1.7712258
303,,,,,
305,1.7715513,2.0343173,2.0031745,2.3533432,1.7712089
304,,,,,
306,1.7715353,2.0087411,1.9799,2.3163743,1.7711991
305,,,,,
307,1.771569,2.0692272,2.0360887,2.389432,1.7712201
306,,,,,
308,1.77161,2.1584523,2.1180885,2.5017354,1.7712458
307,,,,,
309,1.7715977,2.135703,2.096883,2.4778929,1.7712382
308,,,,,
310,1.7716218,2.192141,2.1475277,2.559285,1.7712531
309,,,,,
311,1.7715833,2.1254787,2.0878994,2.4621916,1.7712293
310,,,,,
312,1.771568,2.083771,2.0498734,2.4044273,1.7712196
311,,,,,
313,1.7715755,2.09101,2.056889,2.408379,1.7712245
312,,,,,
314,1.7715834,2.1073525,2.0713546,2.4353156,1.7712293
313,,,,,
315,1.7715888,2.1160429,2.0792453,2.4467409,1.7712325
314,,,,,
316,1.7716705,2.3222218,2.2650588,2.7282956,1.7712835
315,,,,,
317,1.7717063,2.458431,2.3859508,2.9076748,1.7713059
316,,,,,
318,1.7716743,2.3531857,2.2917411,2.7782452,1.7712859
317,,,,,
319,1.7716696,2.3453634,2.283858,2.7757998,1.771283
318,,,,,
320,1.7716705,2.3462825,2.2846475,2.7761223,1.7712835
319,,,,,
321,1.7716304,2.2126238,2.165027,2.597869,1.7712582
320,,,,,
322,1.7716343,2.212359,2.1655328,2.5897298,1.7712606
321,,,,,
323,1.7716627,2.296013,2.2406552,2.702595,1.7712785
322,,,,,
324,1.7716584,2.2896938,2.2342815,2.7016466,1.7712759
323,,,,,
325,1.7716656,2.311412,2.253792,2.7293394,1.7712803
324,,,,,
326,1.7716793,2.3602161,2.29673,2.7997139,1.7712889
325,,,,,
327,1.7716881,2.3850749,2.3195796,2.8256497,1.7712944
326,,,,,
328,1.7716794,2.3551664,2.2927277,2.7887235,1.7712889
327,,,,,
329,1.7716734,2.3424945,2.28072,2.7790105,1.7712852
328,,,,,
330,1.7716593,2.2957656,2.2390823,2.7158809,1.7712762
329,,,,,
331,1.7716309,2.216512,2.1681535,2.6074176,1.7712586
330,,,,,
332,1.7716281,2.1988716,2.1528177,2.577433,1.7712568
331,,,,,
333,1.7716018,2.1372585,2.0970178,2.4945314,1.7712404
332,,,,,
334,1.771641,2.2355914,2.1872199,2.613386,1.771265
333,,,,,
335,1.7716393,2.2339427,2.1852443,2.6159966,1.771264
334,,,,,
336,1.7716482,2.2620199,2.2097685,2.6610723,1.7712696
335,,,,,
337,1.7716109,2.167989,2.1251116,2.5336902,1.7712463
336,,,,,
338,1.7716097,2.165549,2.1226125,2.5331352,1.7712454
337,,,,,
339,1.7715979,2.125988,2.0869765,2.4763355,1.7712379
338,,,,,
340,1.7715919,2.1127543,2.074895,2.4588227,1.7712343
339,,,,,
341,1.7716162,2.167766,2.1254728,2.5262341,1.7712495
340,,,,,
342,1.7716317,2.2078805,2.1610253,2.588712,1.7712591
341,,,,,
343,1.7716454,2.246849,2.1957593,2.6450362,1.7712675
342,,,,,
344,1.7716606,2.2902396,2.2351038,2.6987643,1.7712771
343,,,,,
345,1.7716483,2.2620978,2.2092867,2.6676486,1.7712696
344,,,,,
346,1.7716341,2.217443,2.1692626,2.6059477,1.7712605
345,,,,,
347,1.771609,2.1597931,2.1172664,2.5273125,1.7712449
346,,,,,
348,1.7715925,2.1205318,2.0817742,2.4720929,1.7712348
347,,,,,
349,1.7715578,2.0471714,2.014964,2.3707113,1.771213
348,,,,,
350,1.7715952,2.1220412,2.0840933,2.4631538,1.7712365
349,,,,,
351,1.7715962,2.124014,2.0857737,2.466783,1.7712373
350,,,,,
352,1.7716305,2.2058947,2.1599388,2.5778735,1.7712584
351,,,,,
353,1.7716209,2.187098,2.1424253,2.5589614,1.7712525
352,,,,,
354,1.7716032,2.1533067,2.1116402,2.516046,1.7712415
353,,,,,
355,1.771561,2.0607493,2.027676,2.38667,1.7712151
354,,,,,
356,1.7715641,2.0629866,2.029936,2.3863075,1.7712171
355,,,,,
357,1.7715334,2.00507,1.9768215,2.307339,1.771198
356,,,,,
358,1.7714865,1.9485902,1.9260534,2.217438,1.7711692
357,,,,,
359,1.7714803,1.9396576,1.917821,2.2046065,1.7711653
358,,,,,
360,1.7714959,1.9593148,1.935917,2.2309892,1.771175
359,,,,,
361,1.7714918,1.9502513,1.9274788,2.2184901,1.7711724
360,,,,,
362,1.7714844,1.9404515,1.918389,2.2058718,1.7711676
361,,,,,
363,1.771492,1.9472122,1.9239881,2.2236383,1.7711724
362,,,,,
364,1.7715313,2.005505,1.9778012,2.3012044,1.7711967
363,,,,,
365,1.7715509,2.0384293,2.0081375,2.3440971,1.7712089
364,,,,,
366,1.7715248,2.0004601,1.9734814,2.2914531,1.7711929
365,,,,,
367,1.7715449,2.0318408,2.0020044,2.3370745,1.7712052
366,,,,,
368,1.7715714,2.0765247,2.0422735,2.404939,1.7712215
367,,,,,
369,1.7715659,2.0633018,2.0302134,2.386266,1.7712181
368,,,,,
370,1.771536,2.0127733,1.9840635,2.3162105,1.7711998
369,,,,,
371,1.7715505,2.0350666,2.0040026,2.3527887,1.7712086
370,,,,,
372,1.7715229,1.9923673,1.9652133,2.2901416,1.7711914
371,,,,,
373,1.7714969,1.9544036,1.9305623,2.2343502,1.7711754
372,,,,,
374,1.7714707,1.9195198,1.8986365,2.1828072,1.7711592
373,,,,,
375,1.7714689,1.9171535,1.8964847,2.1789148,1.7711581
374,,,,,
376,1.7714992,1.958921,1.9354634,2.2305164,1.7711769
375,,,,,
377,1.7715145,1.9796492,1.9542106,2.2631035,1.7711864
376,,,,,
378,1.7715238,1.9930176,1.9661568,2.2858841,1.7711922
377,,,,,
379,1.7715374,2.0129259,1.9840027,2.3186004,1.7712003
378,,,,,
380,1.7715492,2.0315948,2.0008159,2.3478425,1.7712077
379,,,,,
381,1.7715701,2.0685458,2.035251,2.3905394,1.7712207
380,,,,,
382,1.7715528,2.0417044,2.0106502,2.3556018,1.7712101
381,,,,,
383,1.7715622,2.0582054,2.0255635,2.3799844,1.7712159
382,,,,,
384,1.7715484,2.0358818,2.005149,2.3497488,1.7712073
383,,,,,
385,1.7715604,2.055877,2.0234876,2.375959,1.7712147
384,,,,,
386,1.7715476,2.0281086,1.9980092,2.3378398,1.7712067
385,,,,,
387,1.7715677,2.0631635,2.0297687,2.389764,1.7712194
386,,,,,
388,1.7715323,2.0094168,1.9810978,2.3111265,1.7711973
387,,,,,
389,1.7715356,2.0141785,1.9852984,2.3193634,1.7711993
388,,,,,
390,1.7715188,1.9861338,1.9596536,2.2791202,1.771189
389,,,,,
391,1.7715442,2.0271282,1.9977973,2.3286715,1.7712048
390,,,,,
392,1.7715496,2.0356076,2.0055065,2.3405783,1.7712082
391,,,,,
393,1.7715999,2.1312282,2.092399,2.4755003,1.7712394
392,,,,,
394,1.7715886,2.1123154,2.0748155,2.4553623,1.7712324
393,,,,,
395,1.7715874,2.1113174,2.0735176,2.4586112,1.7712315
394,,,,,
396,1.7715861,2.1037924,2.066895,2.4450219,1.7712307
395,,,,,
397,1.7715851,2.1012814,2.064573,2.4418082,1.77123
396,,,,,
398,1.7715532,2.038743,2.0074856,2.3562088,1.7712102
397,,,,,
399,1.7716092,2.1547832,2.1142342,2.5034368,1.7712452
398,,,,,
400,1.7716365,2.22375,2.1763012,2.5994654,1.7712622
399,,,,,
401,1.7716795,2.3579965,2.298025,2.7637837,1.7712892
400,,,,,
402,1.7717069,2.4702735,2.3966796,2.9177432,1.7713065
401,,,,,
403,1.7716856,2.416576,2.347221,2.868651,1.771293
402,,,,,
404,1.771673,2.357527,2.2953403,2.7849162,1.7712852
403,,,,,
405,1.7716721,2.350633,2.2892563,2.774333,1.7712845
404,,,,,
406,1.7716016,2.1532068,2.1123815,2.5068605,1.7712406
405,,,,,
407,1.7716107,2.1661906,2.12485,2.5157046,1.7712463
406,,,,,
408,1.7715875,2.1246455,2.0869591,2.462864,1.7712318
407,,,,,
409,1.771582,2.1068106,2.0707397,2.4371262,1.7712284
408,,,,,
410,1.7715765,2.0908706,2.0561216,2.415589,1.7712249
409,,,,,
411,1.7715976,2.1326096,2.0933728,2.4808042,1.7712379
410,,,,,
412,1.7715766,2.083033,2.0480819,2.4148285,1.7712247
411,,,,,
413,1.771614,2.160768,2.1182106,2.5273063,1.7712479
412,,,,,
414,1.7716192,2.173292,2.129572,2.544014,1.7712513
413,,,,,
415,1.7716755,2.337317,2.2793014,2.7412162,1.7712868
414,,,,,
416,1.7717081,2.4658785,2.393049,2.9122453,1.7713071
415,,,,,
417,1.7716941,2.4323292,2.3614304,2.8870647,1.7712982
416,,,,,
418,1.7716533,2.306128,2.2495162,2.7171073,1.771273
417,,,,,
419,1.771644,2.274634,2.2213557,2.6730487,1.7712672
418,,,,,
420,1.771678,2.3617303,2.3030043,2.7543228,1.7712884
419,,,,,
421,1.771656,2.2914302,2.2388537,2.6727674,1.7712748
420,,,,,
422,1.7716279,2.2269697,2.1802,2.5945945,1.7712572
421,,,,,
423,1.7716388,2.2567146,2.2059243,2.6438453,1.7712637
422,,,,,
424,1.7715939,2.1559885,2.1157756,2.5006661,1.771236
423,,,,,
425,1.7715518,2.041895,2.010921,2.3543224,1.7712096
424,,,,,
426,1.7715428,2.0231712,1.9937284,2.3284838,1.771204
425,,,,,
427,1.7715778,2.0870533,2.0522394,2.4146001,1.7712257
426,,,,,
428,1.771593,2.1181662,2.0806985,2.4553175,1.771235
427,,,,,
429,1.7716266,2.1923614,2.1468573,2.569315,1.7712557
428,,,,,
430,1.7716432,2.236803,2.186995,2.6285021,1.7712662
429,,,,,
431,1.7716061,2.1610847,2.1190555,2.5231133,1.7712433
430,,,,,
432,1.771623,2.1974082,2.152631,2.5631945,1.7712537
431,,,,,
433,1.7716023,2.147989,2.1076634,2.4987452,1.7712408
432,,,,,
434,1.7716168,2.1798038,2.1368446,2.537053,1.7712501
433,,,,,
435,1.7716162,2.1756065,2.1329706,2.5317335,1.7712495
434,,,,,
436,1.7716388,2.231435,2.1818926,2.624199,1.7712636
435,,,,,
437,1.7715929,2.1232347,2.084386,2.4746075,1.7712349
436,,,,,
438,1.7716197,2.1838374,2.1396053,2.5530205,1.7712517
437,,,,,
439,1.7716249,2.1930058,2.1481984,2.5616615,1.7712548
438,,,,,
440,1.7716202,2.1811368,2.1372864,2.5474627,1.771252
439,,,,,
441,1.7715874,2.1149485,2.077372,2.457365,1.7712317
440,,,,,
442,1.7715988,2.1383407,2.0981011,2.494726,1.7712386
441,,,,,
443,1.7716345,2.2228513,2.1763773,2.5893002,1.7712611
442,,,,,
444,1.7716424,2.244502,2.195874,2.6174507,1.7712662
443,,,,,
445,1.7716284,2.2118707,2.1657763,2.581143,1.7712572
444,,,,,
446,1.7716297,2.2192917,2.171296,2.6044266,1.7712581
445,,,,,
447,1.7716684,2.33197,2.2731395,2.7459667,1.7712822
446,,,,,
448,1.7716349,2.2224977,2.1746094,2.6042619,1.7712612
447,,,,,
449,1.7715769,2.0986576,2.0630603,2.4303608,1.7712253
448,,,,,
450,1.7715621,2.0700765,2.0369422,2.3912587,1.771216
449,,,,,
451,1.7715951,2.1359117,2.0974119,2.473994,1.7712365
450,,,,,
452,1.7715431,2.0294867,1.9999833,2.3328583,1.7712041
451,,,,,
453,1.7715364,2.0161018,1.9876171,2.3149183,1.7712
452,,,,,
454,1.7715653,2.0637715,2.030693,2.386743,1.7712178
453,,,,,
455,1.7715677,2.0685563,2.034819,2.3962648,1.7712194
454,,,,,
456,1.7715385,2.013032,1.9839722,2.3201013,1.7712011
455,,,,,
457,1.7715306,2.0022843,1.9740787,2.306433,1.7711962
456,,,,,
458,1.7715179,1.9826654,1.9562076,2.2774637,1.7711883
457,,,,,
459,1.7715039,1.9605078,1.9359322,2.245004,1.7711796
458,,,,,
460,1.771494,1.9466757,1.9232931,2.2245038,1.7711735
459,,,,,
461,1.7714921,1.9439017,1.9207726,2.2200572,1.7711724
460,,,,,
462,1.7714878,1.9390062,1.9162805,2.213413,1.7711699
461,,,,,
463,1.7714908,1.9425554,1.9195418,2.2182603,1.7711716
462,,,,,
464,1.7715037,1.9599676,1.9356028,2.2417138,1.7711796
463,,,,,
465,1.7715119,1.9712508,1.9458792,2.2586317,1.7711846
464,,,,,
466,1.7715218,1.9857507,1.9591304,2.2795813,1.7711908
465,,,,,
467,1.7715397,2.01289,1.9837736,2.3203828,1.7712017
466,,,,,
468,1.771542,2.017241,1.9876314,2.3282504,1.7712033
467,,,,,
469,1.7715406,2.0148253,1.9854405,2.3245664,1.7712023
468,,,,,
470,1.7715316,2.001345,1.9731262,2.3057404,1.7711967
469,,,,,
471,1.7715329,2.0029762,1.9746699,2.3071415,1.7711977
470,,,,,
472,1.7715288,1.995995,1.9683076,2.2968183,1.771195
471,,,,,
473,1.7715428,2.0185275,1.989017,2.3272088,1.7712038
472,,,,,
474,1.7715657,2.0590546,2.026297,2.3805463,1.771218
473,,,,,
475,1.7715603,2.0518281,2.019432,2.3746846,1.7712146
474,,,,,
476,1.7715394,2.019345,1.9898928,2.328345,1.7712017
475,,,,,
477,1.7715491,2.034197,2.0035062,2.3480575,1.7712077
476,,,,,
478,1.7715439,2.0239742,1.9941751,2.3332477,1.7712044
477,,,,,
479,1.7715248,1.9909846,1.9639065,2.287453,1.7711927
478,,,,,
480,1.7715659,2.062447,2.0298336,2.3803573,1.7712181
479,,,,,
481,1.7715521,2.0428457,2.0117424,2.3571367,1.7712096
480,,,,,
482,1.7715539,2.044947,2.013652,2.3594217,1.7712109
481,,,,,
483,1.771523,1.9993975,1.9723364,2.2927606,1.7711917
482,,,,,
484,1.7715099,1.9797254,1.9543397,2.2645397,1.7711835
483,,,,,
485,1.771493,1.9486943,1.9255992,2.2220213,1.771173
484,,,,,
486,1.771515,1.978749,1.9530547,2.265799,1.7711867
485,,,,,
487,1.771542,2.0227416,1.9939134,2.3203955,1.7712035
486,,,,,
488,1.7715611,2.053267,2.0210884,2.3720267,1.7712151
487,,,,,
489,1.7715514,2.0396802,2.0084658,2.3569183,1.7712091
488,,,,,
490,1.771562,2.057398,2.0246787,2.3805072,1.7712157
489,,,,,
491,1.7715842,2.099911,2.0637197,2.4352636,1.7712296
490,,,,,
492,1.7715893,2.1083663,2.0715728,2.4445643,1.7712327
491,,,,,
493,1.7715749,2.083276,2.0484977,2.4137645,1.7712237
492,,,,,
494,1.7715927,2.1182945,2.0797718,2.468705,1.7712348
493,,,,,
495,1.7715964,2.125635,2.0864727,2.478023,1.7712373
494,,,,,
496,1.7716073,2.1471777,2.106432,2.502501,1.7712438
495,,,,,
497,1.7716098,2.1518898,2.110729,2.5084524,1.7712455
496,,,,,
498,1.7716049,2.145432,2.104304,2.5071833,1.7712425
497,,,,,
499,1.7716049,2.1452138,2.104042,2.5072787,1.7712424
498,,,,,
500,1.7716062,2.146968,2.105688,2.508741,1.7712432
499,,,,,
501,1.7716218,2.1811283,2.1373146,2.5473254,1.7712529
500,,,,,
502,1.7716097,2.153273,2.11184,2.512513,1.7712454
501,,,,,
503,1.7716174,2.1732664,2.1294537,2.5453682,1.7712502
502,,,,,
504,1.7716402,2.2315655,2.1823828,2.6205049,1.7712643
503,,,,,
505,1.7716637,2.3014677,2.245409,2.7110147,1.7712792
504,,,,,
506,1.7716404,2.2341774,2.1846988,2.6246161,1.7712646
505,,,,,
507,1.7716497,2.2625282,2.2098289,2.6661534,1.7712703
506,,,,,
508,1.7717091,2.4708045,2.3973355,2.9211035,1.7713077
507,,,,,
509,1.7717167,2.5105069,2.4316263,2.9764757,1.7713125
508,,,,,
510,1.7717227,2.5420158,2.458826,3.0193112,1.771316
509,,,,,
511,1.771767,2.8039794,2.6840904,3.3592746,1.771344
510,,,,,
512,1.771734,2.656309,2.554967,3.1895761,1.7713234
511,,,,,
513,1.7717125,2.5137732,2.4327078,2.9949887,1.7713099
512,,,,,
514,1.7716905,2.4214218,2.351316,2.875156,1.7712961
513,,,,,
515,1.7717017,2.4540136,2.381296,2.9069872,1.771303
514,,,,,
516,1.7716583,2.2918668,2.2366924,2.6997154,1.7712759
515,,,,,
517,1.7716815,2.371168,2.3068445,2.8105097,1.7712903
516,,,,,
518,1.7716947,2.4129188,2.3446898,2.8578393,1.7712983
517,,,,,
519,1.7716496,2.286328,2.2321355,2.688805,1.7712705
518,,,,,
520,1.7716709,2.3413205,2.2831998,2.742241,1.7712839
519,,,,,
521,1.7716882,2.407741,2.3415394,2.8346627,1.7712947
520,,,,,
522,1.7716993,2.450345,2.3792865,2.888292,1.7713017
521,,,,,
523,1.771656,2.3015988,2.246366,2.700876,1.7712744
522,,,,,
524,1.7716784,2.3763545,2.3110356,2.8195345,1.7712884
523,,,,,
525,1.7716172,2.18738,2.142461,2.5621033,1.7712502
524,,,,,
526,1.7715764,2.0938337,2.057913,2.4313564,1.7712247
525,,,,,
527,1.7715592,2.0504992,2.0183566,2.3709505,1.7712139
526,,,,,
528,1.7715812,2.0923219,2.056755,2.4253335,1.7712276
527,,,,,
529,1.7716022,2.1366053,2.0976129,2.4789226,1.7712408
528,,,,,
530,1.7716258,2.192956,2.1480277,2.5627136,1.7712554
529,,,,,
531,1.7716339,2.2166722,2.1684496,2.6062875,1.7712604
530,,,,,
532,1.7716477,2.254485,2.202527,2.656264,1.7712691
531,,,,,
533,1.7716823,2.363317,2.3011413,2.7883956,1.7712908
532,,,,,
534,1.7716973,2.4192765,2.35115,2.8583412,1.7713001
533,,,,,
535,1.7716957,2.42416,2.3542771,2.8753767,1.7712991
534,,,,,
536,1.771699,2.4473073,2.3732862,2.9186194,1.7713012
535,,,,,
537,1.7717057,2.4737341,2.3966906,2.9512956,1.7713056
536,,,,,
538,1.7716523,2.2825556,2.2276201,2.6948824,1.7712722
537,,,,,
539,1.7716186,2.1822493,2.1375468,2.5580914,1.7712511
538,,,,,
540,1.7716335,2.2164407,2.169045,2.5969698,1.7712603
539,,,,,
541,1.7716088,2.1584566,2.1165302,2.520146,1.7712449
540,,,,,
542,1.771614,2.165036,2.1229343,2.5235553,1.7712481
541,,,,,
543,1.7716376,2.225154,2.1769085,2.6083796,1.7712628
542,,,,,
544,1.7716563,2.280293,2.2261932,2.6850066,1.7712743
543,,,,,
545,1.7715902,2.1304436,2.092081,2.4725778,1.7712336
544,,,,,
546,1.7715962,2.1420422,2.1023304,2.490135,1.7712374
545,,,,,
547,1.7715812,2.1027071,2.0665445,2.4362059,1.7712278
546,,,,,
548,1.7715819,2.09926,2.0635135,2.4295928,1.7712281
547,,,,,
549,1.7715597,2.0538027,2.021791,2.3700864,1.7712145
548,,,,,
550,1.771617,2.1691165,2.1263478,2.532356,1.7712498
549,,,,,
551,1.7716172,2.1716022,2.1282847,2.5392992,1.7712501
550,,,,,
552,1.7715985,2.13327,2.0934458,2.4887044,1.7712384
551,,,,,
553,1.7715424,2.03711,2.0069737,2.3447309,1.7712038
552,,,,,
554,1.7715278,2.01179,1.9838494,2.3083549,1.7711947
553,,,,,
555,1.771536,2.0187793,1.9906307,2.3119643,1.7712
554,,,,,
556,1.7714977,1.9641144,1.9406615,2.2346976,1.7711761
555,,,,,
557,1.7714643,1.9256364,1.9057142,2.1764154,1.7711557
556,,,,,
558,1.7714964,1.963686,1.9402733,2.233995,1.7711754
557,,,,,
559,1.7715002,1.96752,1.943623,2.2409148,1.7711778
558,,,,,
560,1.7714587,1.9094082,1.8899541,2.160823,1.771152
559,,,,,
561,1.7714704,1.9219561,1.9012483,2.1815944,1.7711592
560,,,,,
562,1.7715043,1.9629685,1.938492,2.2447217,1.7711802
561,,,,,
563,1.771489,1.9421946,1.9194578,2.2148511,1.7711706
562,,,,,
564,1.7714957,1.9504992,1.9270769,2.2264457,1.7711746
563,,,,,
565,1.771533,2.0045629,1.9766073,2.3031666,1.7711978
564,,,,,
566,1.7715516,2.0347583,2.0040507,2.347588,1.7712092
565,,,,,
567,1.7715234,1.9939288,1.9669311,2.2887998,1.7711918
566,,,,,
568,1.7715069,1.9732285,1.9481064,2.258664,1.7711818
567,,,,,
569,1.771487,1.9466285,1.9238977,2.2184935,1.7711694
568,,,,,
570,1.7714533,1.9027737,1.883672,2.1541622,1.7711486
569,,,,,
571,1.7714446,1.8901188,1.8719519,2.135557,1.7711432
570,,,,,
572,1.7714968,1.9585673,1.9355743,2.2248926,1.7711754
571,,,,,
573,1.7715122,1.9787171,1.9536109,2.2589624,1.7711849
572,,,,,
574,1.771579,2.0967138,2.0624342,2.412166,1.7712265
573,,,,,
575,1.7715832,2.1050801,2.0689263,2.4379802,1.771229
574,,,,,
576,1.7715845,2.1089077,2.0718813,2.4492414,1.7712299
575,,,,,
577,1.7715431,2.032228,2.0022137,2.3406909,1.7712041
576,,,,,
578,1.7715563,2.0534127,2.0215335,2.3695767,1.7712121
577,,,,,
579,1.7715158,1.97845,1.952529,2.2687035,1.7711871
578,,,,,
580,1.771509,1.9694439,1.9442602,2.256382,1.7711829
579,,,,,
581,1.7715307,2.0023968,1.9747615,2.2986882,1.7711964
580,,,,,
582,1.7715462,2.0266104,1.9965667,2.3369627,1.7712059
581,,,,,
583,1.7715274,1.9968369,1.969339,2.2953055,1.7711942
582,,,,,
584,1.771501,1.9640905,1.9397483,2.24527,1.771178
583,,,,,
585,1.7714949,1.9554731,1.9318448,2.2327955,1.7711742
584,,,,,
586,1.771455,1.9048167,1.8855288,2.157446,1.7711496
585,,,,,
587,1.7714458,1.8925344,1.8742151,2.138959,1.7711439
586,,,,,
588,1.7714602,1.908627,1.889085,2.1606603,1.7711529
587,,,,,
589,1.7715036,1.9638906,1.9398793,2.238947,1.7711794
588,,,,,
590,1.7715572,2.0529702,2.0221906,2.3549724,1.7712129
589,,,,,
591,1.7715594,2.0563118,2.024318,2.3722057,1.7712141
590,,,,,
592,1.7715707,2.0766087,2.042367,2.4055877,1.7712212
591,,,,,
593,1.7715789,2.0918653,2.0561097,2.427997,1.7712263
592,,,,,
594,1.7715752,2.0831077,2.0481389,2.4155264,1.7712239
593,,,,,
595,1.7715716,2.0709984,2.0371969,2.3970177,1.7712216
594,,,,,
596,1.7716029,2.1340115,2.0941813,2.4879756,1.771241
595,,,,,
597,1.7715989,2.1281283,2.0885632,2.483613,1.7712386
596,,,,,
598,1.7715796,2.0915523,2.0553615,2.433318,1.7712266
597,,,,,
599,1.7716188,2.178786,2.1355894,2.5403998,1.7712512
598,,,,,
600,1.771633,2.2147906,2.168294,2.5864866,1.77126
599,,,,,
601,1.7716078,2.157025,2.1157331,2.5125604,1.7712443
600,,,,,
602,1.7716167,2.1787877,2.1351361,2.5448413,1.7712498
601,,,,,
603,1.7716208,2.1902745,2.144852,2.567811,1.7712523
602,,,,,
604,1.7716264,2.1951005,2.1499548,2.5662498,1.7712557
603,,,,,
605,1.771619,2.1748664,2.131542,2.5399895,1.7712512
604,,,,,
606,1.7716622,2.2946813,2.2396843,2.6985612,1.7712783
605,,,,,
607,1.7716992,2.4268062,2.3579714,2.866662,1.7713014
606,,,,,
608,1.771681,2.3805122,2.3153806,2.821404,1.7712901
607,,,,,
609,1.7717087,2.4829438,2.407767,2.9375145,1.7713076
608,,,,,
610,1.7717185,2.5357199,2.4527702,3.0152206,1.7713135
609,,,,,
611,1.7717105,2.4975307,2.4190965,2.9670763,1.7713085
610,,,,,
612,1.7717338,2.593728,2.505603,3.0718486,1.7713231
611,,,,,
613,1.7717533,2.7284985,2.6175897,3.279987,1.7713354
612,,,,,
614,1.7717204,2.5459359,2.459821,3.0464184,1.7713146
613,,,,,
615,1.7717533,2.7152786,2.6084554,3.2472177,1.7713355
614,,,,,
616,1.7717859,2.9500902,2.8084717,3.5338037,1.7713559
615,,,,,
617,1.7717465,2.6884215,2.5843189,3.2198524,1.7713311
616,,,,,
618,1.7717162,2.5515075,2.4647655,3.04954,1.7713122
617,,,,,
619,1.7717109,2.5291746,2.4448485,3.0216506,1.7713089
618,,,,,
620,1.7716596,2.3114488,2.2534437,2.7316587,1.7712766
619,,,,,
621,1.7716416,2.2344642,2.1849444,2.625028,1.7712654
620,,,,,
622,1.7716737,2.3310244,2.2727592,2.7413974,1.7712854
621,,,,,
623,1.7717011,2.4368882,2.366416,2.8842268,1.7713027
622,,,,,
624,1.7717063,2.4661214,2.3913195,2.9298174,1.7713058
623,,,,,
625,1.7717133,2.5090435,2.4271424,3.002601,1.7713101
624,,,,,
626,1.771703,2.46436,2.3879426,2.9437265,1.7713038
625,,,,,
627,1.7717187,2.5147674,2.4344463,2.99183,1.7713137
626,,,,,
628,1.7717246,2.5419562,2.4583123,3.026035,1.7713171
627,,,,,
629,1.7716976,2.442382,2.3698008,2.9051492,1.7713006
628,,,,,
630,1.7717009,2.4570127,2.382406,2.9254453,1.7713023
629,,,,,
631,1.77173,2.5865495,2.4968257,3.0841625,1.7713208
630,,,,,
632,1.7717024,2.4531546,2.3796773,2.9154313,1.7713033
631,,,,,
633,1.7716662,2.3227007,2.2637634,2.7456799,1.7712809
632,,,,,
634,1.7716521,2.2847817,2.2294817,2.6984441,1.7712717
633,,,,,
635,1.7716386,2.2403035,2.1898527,2.6355994,1.7712634
634,,,,,
636,1.7716224,2.182413,2.13792,2.5552542,1.7712532
635,,,,,
637,1.7716191,2.172976,2.129417,2.5420494,1.7712512
636,,,,,
638,1.7716558,2.273153,2.2203803,2.6698856,1.7712742
637,,,,,
639,1.7716663,2.3105693,2.2530322,2.7288644,1.7712808
638,,,,,
640,1.7716671,2.3172948,2.2585838,2.742223,1.7712812
639,,,,,
641,1.7716557,2.2824676,2.227338,2.6966147,1.7712741
640,,,,,
642,1.7716329,2.2223492,2.1733947,2.6154752,1.7712598
641,,,,,
643,1.7715904,2.1146874,2.0762439,2.4668472,1.7712334
642,,,,,
644,1.771581,2.0919461,2.0557086,2.4334342,1.7712275
643,,,,,
645,1.7715741,2.0753891,2.0407193,2.4092069,1.7712231
644,,,,,
646,1.771558,2.045231,2.013212,2.3674066,1.771213
645,,,,,
647,1.7715485,2.0298429,1.9991516,2.346238,1.7712073
646,,,,,
648,1.771573,2.0735712,2.039295,2.4040318,1.7712224
647,,,,,
649,1.7715468,2.0303202,1.9999447,2.3432007,1.7712063
648,,,,,
650,1.7715681,2.0677807,2.0346212,2.3890655,1.7712195
649,,,,,
651,1.7715408,2.0266788,1.9972628,2.33128,1.7712027
650,,,,,
652,1.7715397,2.023973,1.9946448,2.3287883,1.7712018
651,,,,,
653,1.7715188,1.9874665,1.96112,2.2781081,1.771189
652,,,,,
654,1.7715462,2.030527,2.0005436,2.3378835,1.771206
653,,,,,
655,1.7715293,1.9992536,1.971737,2.2957866,1.7711954
654,,,,,
656,1.7715218,1.9899706,1.9630758,2.2859185,1.7711908
655,,,,,
657,1.7715456,2.027965,1.998102,2.3356075,1.7712057
656,,,,,
658,1.7715468,2.0302222,1.999992,2.3409173,1.7712063
657,,,,,
659,1.771535,2.0092437,1.9807612,2.311771,1.771199
658,,,,,
660,1.7715343,2.007771,1.9793658,2.3101838,1.7711984
659,,,,,
661,1.7715029,1.9725567,1.9479253,2.2531664,1.7711793
660,,,,,
662,1.7714804,1.9377873,1.9159129,2.203769,1.7711654
661,,,,,
663,1.7714882,1.9462292,1.9237123,2.2143087,1.7711701
662,,,,,
664,1.7714822,1.9375068,1.9156399,2.202341,1.7711664
663,,,,,
665,1.7714598,1.9108627,1.8912615,2.1633384,1.7711525
664,,,,,
666,1.7714885,1.9416536,1.9189262,2.2146542,1.7711703
665,,,,,
667,1.7714897,1.9428978,1.9200306,2.2168388,1.771171
666,,,,,
668,1.7714674,1.916037,1.8955339,2.1764777,1.7711573
667,,,,,
669,1.7714167,1.8758703,1.8603425,2.1004953,1.7711264
668,,,,,
670,1.7714286,1.886157,1.8696269,2.1163402,1.7711337
669,,,,,
671,1.7714165,1.8718288,1.8563643,2.095799,1.771126
670,,,,,
672,1.7714375,1.8936528,1.8765427,2.1251786,1.7711391
671,,,,,
673,1.7714573,1.914761,1.8957477,2.1575606,1.7711513
672,,,,,
674,1.7714775,1.9285568,1.9070544,2.1942627,1.7711633
673,,,,,
675,1.771465,1.9149402,1.8946769,2.1735818,1.7711556
674,,,,,
676,1.7714909,1.946797,1.9238786,2.2193055,1.7711719
675,,,,,
677,1.7714721,1.9228433,1.9019519,2.1842723,1.7711601
676,,,,,
678,1.7714628,1.9116046,1.891642,2.1677454,1.7711545
677,,,,,
679,1.7714489,1.8982576,1.8795977,2.146732,1.7711459
678,,,,,
680,1.7714568,1.9061756,1.8867412,2.15941,1.7711507
679,,,,,
681,1.7714555,1.9026194,1.8834616,2.153394,1.7711498
680,,,,,
682,1.771464,1.9118114,1.8918087,2.1678045,1.771155
681,,,,,
683,1.7715057,1.9686172,1.9444501,2.2429712,1.771181
682,,,,,
684,1.7714939,1.9557621,1.9325657,2.2279074,1.7711736
683,,,,,
685,1.771476,1.9353278,1.9139863,2.197304,1.7711626
684,,,,,
686,1.771465,1.9208173,1.9006677,2.1759038,1.7711557
685,,,,,
687,1.7714733,1.9295594,1.9086527,2.1881437,1.771161
686,,,,,
688,1.7714564,1.9042274,1.8850613,2.1540108,1.7711504
687,,,,,
689,1.7714852,1.9372888,1.9151199,2.2051938,1.7711682
688,,,,,
690,1.7715334,2.0057917,1.9779819,2.3017132,1.771198
689,,,,,
691,1.7715563,2.0428026,2.0114353,2.3583724,1.7712121
690,,,,,
692,1.7716222,2.186669,2.1439295,2.5375211,1.7712535
691,,,,,
693,1.7716172,2.1809213,2.1376886,2.5424223,1.7712502
692,,,,,
694,1.7716054,2.158513,2.1169412,2.5171745,1.7712429
693,,,,,
695,1.7716166,2.181531,2.138103,2.5435345,1.7712498
694,,,,,
696,1.7716428,2.2498918,2.1999688,2.632398,1.7712662
695,,,,,
697,1.7716268,2.1959393,2.1510794,2.562689,1.7712562
696,,,,,
698,1.771635,2.220788,2.172679,2.605632,1.7712613
697,,,,,
699,1.7716492,2.2618139,2.2087536,2.669788,1.77127
698,,,,,
700,1.771636,2.223786,2.174653,2.6177735,1.7712617
699,,,,,
701,1.7716116,2.1590128,2.1162941,2.5288346,1.7712466
700,,,,,
702,1.7716029,2.1356237,2.0952358,2.4951499,1.771241
701,,,,,
703,1.7716107,2.1531475,2.1112344,2.5177157,1.771246
702,,,,,
704,1.7716274,2.1929915,2.1476626,2.5675683,1.7712563
703,,,,,
705,1.7716327,2.2080514,2.1610582,2.5901775,1.7712595
704,,,,,
706,1.7716448,2.2431045,2.192307,2.6409712,1.7712673
705,,,,,
707,1.7716866,2.3770947,2.31327,2.8082395,1.7712936
706,,,,,
708,1.7716972,2.422607,2.3529563,2.873958,1.7713
707,,,,,
709,1.7717016,2.4429643,2.3706782,2.902547,1.7713027
708,,,,,
710,1.7717483,2.6682377,2.5688307,3.1821206,1.7713323
709,,,,,
711,1.7717979,3.0368023,2.8819618,3.6373663,1.7713635
710,,,,,
712,1.7718056,3.136295,2.962293,3.765075,1.7713685
711,,,,,
713,1.7717961,3.1227436,2.9437332,3.786172,1.7713623
712,,,,,
714,1.7718277,3.515329,3.2581146,4.2529626,1.7713825
713,,,,,
715,1.7718244,3.4414823,3.2014503,4.1601152,1.7713802
714,,,,,
716,1.771838,3.5617757,3.3034756,4.272983,1.771389
715,,,,,
717,1.7718251,3.4482749,3.207019,4.165754,1.7713808
716,,,,,
718,1.7718309,3.6449306,3.3496065,4.4362235,1.7713844
717,,,,,
719,1.7717696,2.9369066,2.7885513,3.5629535,1.7713459
718,,,,,
720,1.771739,2.6913123,2.584,3.2357173,1.7713265
719,,,,,
721,1.7717183,2.527542,2.4447281,3.0137131,1.7713134
720,,,,,
722,1.7717462,2.6541748,2.557844,3.1540504,1.7713311
721,,,,,
723,1.7717011,2.4595454,2.3862734,2.9159346,1.7713027
722,,,,,
724,1.7717555,2.7351468,2.627559,3.2554696,1.7713369
723,,,,,
725,1.7717507,2.7334304,2.6232133,3.2702055,1.7713339
724,,,,,
726,1.7717317,2.6258912,2.5301006,3.1362708,1.771322
725,,,,,
727,1.7716821,2.387468,2.3214457,2.8288496,1.7712908
726,,,,,
728,1.7716984,2.4524674,2.3781185,2.9204788,1.7713009
727,,,,,
729,1.7716405,2.2397738,2.1891475,2.6385238,1.7712646
728,,,,,
730,1.7717141,2.493875,2.4211552,2.9214857,1.771311
729,,,,,
731,1.771697,2.442875,2.3738954,2.8724124,1.7713003
730,,,,,
732,1.7717192,2.548755,2.465998,3.0144851,1.7713143
731,,,,,
733,1.7717116,2.521276,2.4407177,2.9872043,1.7713093
732,,,,,
734,1.7717011,2.4955695,2.416121,2.9708283,1.7713029
733,,,,,
735,1.7717048,2.4538252,2.3829443,2.8936396,1.771305
734,,,,,
736,1.771685,2.3974571,2.3314853,2.8336182,1.7712928
735,,,,,
737,1.771716,2.5159798,2.4383688,2.9658554,1.7713122
736,,,,,
738,1.7717042,2.479989,2.4049628,2.9325628,1.7713048
737,,,,,
739,1.7717006,2.4784458,2.401764,2.9452734,1.7713023
738,,,,,
740,1.7716447,2.2613847,2.2091455,2.6605222,1.7712674
739,,,,,
741,1.7716552,2.2921193,2.2363994,2.7037222,1.771274
740,,,,,
742,1.7716099,2.1536136,2.1115406,2.5199242,1.7712454
741,,,,,
743,1.77161,2.152274,2.1104603,2.5163884,1.7712455
742,,,,,
744,1.7715902,2.1111727,2.07316,2.4605885,1.7712333
743,,,,,
745,1.7715644,2.0647295,2.0311234,2.3942647,1.7712171
744,,,,,
746,1.7715341,2.0102174,1.981456,2.3163972,1.7711984
745,,,,,
747,1.7715218,1.989257,1.9623362,2.285627,1.7711908
746,,,,,
748,1.7714778,1.9296328,1.9079725,2.1971455,1.7711636
747,,,,,
749,1.7714754,1.9255557,1.904258,2.1902182,1.7711623
748,,,,,
750,1.7714804,1.9313508,1.9095428,2.198772,1.7711653
749,,,,,
751,1.7714875,1.9400527,1.9175187,2.2111394,1.7711695
750,,,,,
752,1.771483,1.9338933,1.9118519,2.2025094,1.7711667
751,,,,,
753,1.77147,1.9212421,1.9004061,2.1836798,1.7711588
752,,,,,
754,1.7714653,1.9150583,1.8947582,2.1738718,1.7711558
753,,,,,
755,1.771479,1.9312882,1.9097493,2.195491,1.7711643
754,,,,,
756,1.7714796,1.9315833,1.9099873,2.1960192,1.7711649
755,,,,,
757,1.7714461,1.8994387,1.8812051,2.1427228,1.7711443
756,,,,,
758,1.7714573,1.9099599,1.8905348,2.1615996,1.7711512
757,,,,,
759,1.7714256,1.8813713,1.8649992,2.1126606,1.7711316
758,,,,,
760,1.7713898,1.8476857,1.8343638,2.0593061,1.7711098
759,,,,,
761,1.7713693,1.829089,1.8173347,2.030402,1.7710973
760,,,,,
762,1.7714142,1.8693857,1.8542554,2.0901504,1.7711248
761,,,,,
763,1.7714189,1.8729309,1.8573732,2.096586,1.7711276
762,,,,,
764,1.7714111,1.8664852,1.8514841,2.0881646,1.7711227
763,,,,,
765,1.7714334,1.8853431,1.8683226,2.1208534,1.7711364
764,,,,,
766,1.7714211,1.8754264,1.85942,2.104906,1.771129
765,,,,,
767,1.7714138,1.8652502,1.8499409,2.090164,1.7711244
766,,,,,
768,1.7714021,1.8545804,1.8402209,2.073539,1.7711172
767,,,,,
769,1.771408,1.8581667,1.8432385,2.082252,1.7711208
768,,,,,
770,1.7714233,1.8730246,1.8569316,2.102745,1.7711301
769,,,,,
771,1.7714385,1.8857574,1.8681871,2.1266456,1.7711395
770,,,,,
772,1.7714357,1.8827424,1.8654075,2.1223254,1.7711377
771,,,,,
773,1.771436,1.8828862,1.8654487,2.1240206,1.7711378
772,,,,,
774,1.7714431,1.8891469,1.8710152,2.1353729,1.7711422
773,,,,,
775,1.7714244,1.8704145,1.8539855,2.1057382,1.7711308
774,,,,,
776,1.7714264,1.8720046,1.855443,2.1078308,1.7711319
775,,,,,
777,1.7714446,1.8910688,1.8729678,2.1351044,1.7711432
776,,,,,
778,1.7714307,1.8792543,1.8623646,2.116043,1.7711346
777,,,,,
779,1.7714221,1.8712515,1.8551074,2.103357,1.7711295
778,,,,,
780,1.7714171,1.8668847,1.8511422,2.0965788,1.7711265
779,,,,,
781,1.7713884,1.8456987,1.8324385,2.057529,1.7711089
780,,,,,
782,1.7713825,1.8382274,1.8254594,2.0464466,1.7711052
781,,,,,
783,1.7713963,1.8489785,1.835098,2.064697,1.7711138
782,,,,,
784,1.771408,1.8587713,1.8439415,2.0806098,1.7711208
783,,,,,
785,1.7714151,1.8647255,1.8492446,2.0913537,1.7711253
784,,,,,
786,1.7714334,1.8782101,1.8610055,2.1185849,1.771136
785,,,,,
787,1.7714524,1.8987927,1.879913,2.1481814,1.7711481
786,,,,,
788,1.7714593,1.9061575,1.886563,2.160327,1.7711523
787,,,,,
789,1.7714812,1.9321567,1.9104273,2.1976984,1.7711656
788,,,,,
790,1.7714858,1.9376059,1.915228,2.2084112,1.7711685
789,,,,,
791,1.7715137,1.9747683,1.949196,2.2626505,1.7711858
790,,,,,
792,1.7715207,1.9850498,1.9585851,2.2775118,1.77119
791,,,,,
793,1.7715573,2.0451014,2.0136833,2.3597782,1.7712128
792,,,,,
794,1.7716016,2.136319,2.0976284,2.4755561,1.7712406
793,,,,,
795,1.771603,2.142472,2.1022663,2.4960165,1.7712413
794,,,,,
796,1.7715989,2.1349752,2.0952053,2.4885187,1.7712387
795,,,,,
797,1.7716526,2.2736688,2.2216384,2.6625292,1.7712723
796,,,,,
798,1.7716631,2.3070102,2.2513092,2.7081027,1.7712789
797,,,,,
799,1.7716388,2.2351727,2.1863153,2.6176221,1.7712636
798,,,,,
800,1.7716789,2.360051,2.2978985,2.7860746,1.7712888
799,,,,,
801,1.771711,2.4881592,2.4104762,2.9608574,1.7713089
800,,,,,
802,1.7717016,2.4404964,2.368636,2.898168,1.7713027
801,,,,,
803,1.7717092,2.475272,2.3990808,2.9450877,1.7713076
802,,,,,
804,1.7717587,2.7339082,2.624271,3.2751055,1.7713387
803,,,,,
805,1.771763,2.7734802,2.6570055,3.3316844,1.7713414
804,,,,,
806,1.7717763,2.8742895,2.7423666,3.4583354,1.7713499
805,,,,,
807,1.7718022,3.1121833,2.9399402,3.7546399,1.7713662
806,,,,,
808,1.771814,3.2845204,3.0759275,3.983168,1.7713736
807,,,,,
809,1.7717799,2.9540777,2.8048809,3.5826325,1.771352
808,,,,,
810,1.7717825,2.97081,2.8196142,3.5973446,1.7713537
809,,,,,
811,1.7717215,2.5930922,2.5002408,3.1078618,1.7713157
810,,,,,
812,1.7717344,2.6176584,2.5254905,3.1105077,1.7713237
811,,,,,
813,1.7717172,2.5269954,2.445837,2.99836,1.7713128
812,,,,,
814,1.7717222,2.5546534,2.4694476,3.0371003,1.7713159
813,,,,,
815,1.7717521,2.6998239,2.5984569,3.1982884,1.7713348
814,,,,,
816,1.7718147,3.233175,3.0421274,3.8802135,1.7713741
815,,,,,
817,1.7717742,2.8963952,2.7598872,3.4890673,1.7713486
816,,,,,
818,1.7717686,2.8786004,2.7427294,3.476569,1.7713451
817,,,,,
819,1.7717851,3.0080967,2.8518014,3.6291971,1.7713555
818,,,,,
820,1.7717968,3.049753,2.89176,3.6544042,1.7713628
819,,,,,
821,1.7717632,2.7868874,2.668837,3.343184,1.7713417
820,,,,,
822,1.7717779,2.917857,2.7770126,3.521899,1.7713509
821,,,,,
823,1.7717811,2.9647825,2.8142595,3.5902941,1.7713528
822,,,,,
824,1.7718133,3.22408,3.034605,3.871059,1.7713733
823,,,,,
825,1.7718022,3.1020737,2.9336245,3.7291117,1.7713662
824,,,,,
826,1.7717904,3.0588145,2.8919318,3.706519,1.7713587
825,,,,,
827,1.7718018,3.1647568,2.9799705,3.8267324,1.7713661
826,,,,,
828,1.7718258,3.4555333,3.2140183,4.168025,1.7713813
827,,,,,
829,1.7718053,3.158107,2.9766994,3.8130035,1.7713681
828,,,,,
830,1.7717772,2.928,2.7842684,3.5413344,1.7713504
829,,,,,
831,1.7717866,3.0247397,2.8632286,3.6678116,1.7713563
830,,,,,
832,1.77177,2.8689735,2.7346911,3.4677875,1.7713459
831,,,,,
833,1.7717324,2.6096447,2.5144317,3.1345317,1.7713221
832,,,,,
834,1.7717247,2.5536292,2.4668255,3.0549386,1.7713175
833,,,,,
835,1.7717111,2.4999151,2.4192352,2.9899793,1.7713089
834,,,,,
836,1.7717117,2.488927,2.4106464,2.967394,1.7713091
835,,,,,
837,1.7716826,2.377334,2.3118858,2.8233044,1.771291
836,,,,,
838,1.7717053,2.4619122,2.3876047,2.925541,1.7713052
837,,,,,
839,1.7716677,2.328759,2.2692842,2.7530732,1.7712818
838,,,,,
840,1.7716751,2.3516157,2.289717,2.7816513,1.7712862
839,,,,,
841,1.7716571,2.2870214,2.2320542,2.695855,1.771275
840,,,,,
842,1.7716479,2.2640014,2.2110438,2.668824,1.7712692
841,,,,,
843,1.7716368,2.2215228,2.1731954,2.6084313,1.7712623
842,,,,,
844,1.7716125,2.1696782,2.1263356,2.5397232,1.7712471
843,,,,,
845,1.7716258,2.1970649,2.1518676,2.5677392,1.7712555
844,,,,,
846,1.7716116,2.1631107,2.1209269,2.5241988,1.7712467
845,,,,,
847,1.771592,2.1229036,2.0843658,2.4707525,1.7712344
846,,,,,
848,1.771564,2.0637164,2.030471,2.3892374,1.771217
847,,,,,
849,1.7715553,2.0496712,2.017551,2.3712738,1.7712117
848,,,,,
850,1.7715371,2.0100675,1.9812573,2.3159027,1.7712002
849,,,,,
851,1.7715366,2.0082939,1.979676,2.3126056,1.7712
850,,,,,
852,1.7715335,2.0041468,1.9758128,2.3079085,1.771198
851,,,,,
853,1.7714947,1.9570372,1.9334615,2.2332733,1.7711742
852,,,,,
854,1.7714704,1.9291009,1.9081916,2.189403,1.7711593
853,,,,,
855,1.7714964,1.9635141,1.9403884,2.2299023,1.7711754
854,,,,,
856,1.7714815,1.9422255,1.9206579,2.2016745,1.7711662
855,,,,,
857,1.7714689,1.9260678,1.9057264,2.1797938,1.7711583
856,,,,,
858,1.7714967,1.957492,1.9339978,2.231178,1.7711753
857,,,,,
859,1.771494,1.9539853,1.9305172,2.2301702,1.7711736
858,,,,,
860,1.7714474,1.8958766,1.877332,2.1441586,1.7711451
859,,,,,
861,1.7714428,1.8903573,1.872295,2.135359,1.7711421
860,,,,,
862,1.7714534,1.9014223,1.882422,2.1513846,1.7711487
861,,,,,
863,1.77143,1.8769813,1.8601348,2.113905,1.7711343
862,,,,,
864,1.7714185,1.867036,1.8511887,2.097599,1.7711271
863,,,,,
865,1.7714466,1.8952161,1.876937,2.1398473,1.7711445
864,,,,,
866,1.7714593,1.908965,1.8894776,2.1605136,1.7711524
865,,,,,
867,1.7714413,1.890208,1.8723997,2.1320324,1.7711413
866,,,,,
868,1.7714537,1.9024483,1.8834107,2.1524642,1.7711488
867,,,,,
869,1.7714499,1.8986726,1.8798755,2.148506,1.7711465
868,,,,,
870,1.7714478,1.8949572,1.8764713,2.1421807,1.7711452
869,,,,,
871,1.7714543,1.9018276,1.8827989,2.1513836,1.7711492
870,,,,,
872,1.7714634,1.9110658,1.8910544,2.1677575,1.7711548
871,,,,,
873,1.7714587,1.9058557,1.8862803,2.1602685,1.771152
872,,,,,
874,1.7714268,1.8828957,1.8663669,2.1154082,1.7711326
873,,,,,
875,1.7714038,1.8613214,1.8468385,2.0802815,1.7711184
874,,,,,
876,1.7713841,1.8422091,1.8293371,2.0506887,1.7711062
875,,,,,
877,1.771383,1.8399762,1.8272182,2.047315,1.7711055
876,,,,,
878,1.771404,1.8595097,1.8452018,2.074891,1.7711186
877,,,,,
879,1.7714543,1.9055574,1.8867536,2.150311,1.7711494
878,,,,,
880,1.7714661,1.9164696,1.8962847,2.1724648,1.7711564
879,,,,,
881,1.7714347,1.8935171,1.8763528,2.128462,1.7711375
880,,,,,
882,1.7714363,1.8935455,1.8762369,2.1294923,1.7711384
881,,,,,
883,1.771426,1.8809288,1.8645818,2.1110582,1.771132
882,,,,,
884,1.7714106,1.8628684,1.8478435,2.0853841,1.7711225
883,,,,,
885,1.7714126,1.8641124,1.8489097,2.0878022,1.7711238
884,,,,,
886,1.7714585,1.9055297,1.8860962,2.1579292,1.7711517
885,,,,,
887,1.771479,1.9297476,1.9082518,2.1937268,1.7711644
886,,,,,
888,1.771476,1.9264095,1.9051024,2.1906762,1.7711624
887,,,,,
889,1.7714667,1.916975,1.8965069,2.177031,1.7711568
888,,,,,
890,1.7714918,1.9478663,1.9248737,2.220681,1.7711722
889,,,,,
891,1.7715228,1.993921,1.9676325,2.279126,1.7711915
890,,,,,
892,1.7715138,1.9813039,1.9559003,2.263804,1.7711861
891,,,,,
893,1.7715139,1.981562,1.9558346,2.2684112,1.7711861
892,,,,,
894,1.7715477,2.0316029,2.0012445,2.3430078,1.7712069
893,,,,,
895,1.7715603,2.0530422,2.020924,2.3712735,1.7712146
894,,,,,
896,1.7715433,2.021387,1.9918704,2.3285217,1.771204
895,,,,,
897,1.7715143,1.984977,1.9590195,2.2735324,1.7711864
896,,,,,
898,1.7715371,2.018783,1.9899127,2.3208797,1.7712003
897,,,,,
899,1.77154,2.021509,1.9924581,2.3233128,1.7712022
898,,,,,
900,1.7715399,2.0195177,1.9906037,2.3203948,1.7712022
899,,,,,
901,1.7715603,2.05482,2.0229604,2.3681931,1.7712147
900,,,,,
902,1.7715927,2.111997,2.0739145,2.4611027,1.7712348
901,,,,,
903,1.771591,2.1090314,2.0711489,2.4579573,1.7712336
902,,,,,
904,1.7716316,2.2057269,2.1598094,2.5781531,1.7712591
903,,,,,
905,1.7716297,2.2051308,2.1587172,2.583584,1.771258
904,,,,,
906,1.7716632,2.300928,2.2457247,2.702366,1.7712789
905,,,,,
907,1.7716907,2.3992293,2.3331208,2.833851,1.7712961
906,,,,,
908,1.7716963,2.431575,2.3602145,2.8906968,1.7712997
907,,,,,
909,1.7717257,2.5481162,2.4651082,3.0214243,1.771318
908,,,,,
910,1.7717279,2.5824618,2.4922252,3.0891614,1.7713195
909,,,,,
911,1.7717314,2.5917227,2.5009885,3.094654,1.7713217
910,,,,,
912,1.7717153,2.5198205,2.4376209,3.0064688,1.7713116
911,,,,,
913,1.7717324,2.6066713,2.5129137,3.1208966,1.7713221
912,,,,,
914,1.771727,2.5552435,2.4695072,3.046721,1.7713188
913,,,,,
915,1.771737,2.6175618,2.5224335,3.136976,1.771325
914,,,,,
916,1.7717334,2.596455,2.50422,3.1091638,1.7713227
915,,,,,
917,1.7717549,2.723485,2.613418,3.2747705,1.7713363
916,,,,,
918,1.7717853,2.930005,2.790919,3.5192502,1.7713555
917,,,,,
919,1.7717681,2.8267355,2.7011979,3.4052448,1.7713447
918,,,,,
920,1.7717518,2.7398074,2.6256855,3.3038325,1.7713345
919,,,,,
921,1.7717611,2.7916656,2.6708128,3.361772,1.7713404
920,,,,,
922,1.7717608,2.7790759,2.660918,3.3407958,1.77134
921,,,,,
923,1.7717475,2.669495,2.5681355,3.1975005,1.7713318
922,,,,,
924,1.7717799,2.8851192,2.7532353,3.4614303,1.771352
923,,,,,
925,1.7717917,3.0260904,2.866866,3.6615765,1.7713596
924,,,,,
926,1.7717767,2.9165833,2.7743337,3.5321805,1.7713501
925,,,,,
927,1.7717686,2.8528662,2.720986,3.450512,1.7713449
926,,,,,
928,1.7717384,2.6638367,2.5601883,3.2089157,1.7713261
927,,,,,
929,1.7717195,2.532996,2.4485538,3.0298872,1.771314
928,,,,,
930,1.7716955,2.426228,2.3548563,2.890274,1.771299
929,,,,,
931,1.7717458,2.6492279,2.5543005,3.1441355,1.7713307
930,,,,,
932,1.7717444,2.6568394,2.559263,3.1633484,1.7713299
931,,,,,
933,1.7717476,2.699985,2.5937808,3.2364538,1.7713319
932,,,,,
934,1.7717665,2.8191519,2.6964834,3.3785775,1.7713438
933,,,,,
935,1.771767,2.8567588,2.7245078,3.4493783,1.771344
934,,,,,
936,1.7717282,2.580311,2.4895494,3.092984,1.7713196
935,,,,,
937,1.7717553,2.7193131,2.6118178,3.2546241,1.7713367
936,,,,,
938,1.7717078,2.5120938,2.4313436,2.99286,1.7713069
937,,,,,
939,1.7716761,2.3683593,2.3048701,2.8011107,1.771287
938,,,,,
940,1.7716796,2.3750367,2.3111784,2.8051345,1.7712892
939,,,,,
941,1.7716755,2.3575094,2.2955334,2.7821486,1.7712867
940,,,,,
942,1.7715976,2.1399038,2.1002374,2.4898555,1.7712379
941,,,,,
943,1.7716231,2.1990137,2.153636,2.5700688,1.7712538
942,,,,,
944,1.7716188,2.1861045,2.1419091,2.5527332,1.7712512
943,,,,,
945,1.7716012,2.1392038,2.099312,2.4903045,1.77124
944,,,,,
946,1.7715571,2.0536363,2.0215924,2.371766,1.7712128
945,,,,,
947,1.7715466,2.037934,2.0070944,2.3524961,1.7712061
946,,,,,
948,1.7715261,1.9984356,1.9709332,2.2965107,1.7711934
947,,,,,
949,1.7714999,1.9577501,1.9336697,2.2382936,1.7711772
948,,,,,
950,1.7714581,1.9073325,1.8877549,2.161868,1.7711515
949,,,,,
951,1.7714858,1.9417042,1.9195142,2.2082717,1.7711686
950,,,,,
952,1.7714552,1.9124384,1.8933544,2.1597302,1.7711499
951,,,,,
953,1.7714742,1.9350708,1.9143519,2.1884296,1.7711617
952,,,,,
954,1.7714726,1.9321665,1.9114968,2.1864917,1.7711606
953,,,,,
955,1.7714967,1.959823,1.9363743,2.2315788,1.7711754
954,,,,,
956,1.7714847,1.9417945,1.9196907,2.2071068,1.7711681
955,,,,,
957,1.7715716,2.0797865,2.046674,2.3933985,1.771222
956,,,,,
958,1.7715584,2.0564258,2.0249915,2.3656557,1.7712137
957,,,,,
959,1.7715211,2.009796,1.983178,2.2938836,1.7711909
958,,,,,
960,1.7715062,1.986701,1.9619089,2.2621412,1.7711818
959,,,,,
961,1.7714927,1.9668388,1.9436487,2.2342975,1.7711732
960,,,,,
962,1.7714309,1.8802353,1.8633139,2.11705,1.7711349
961,,,,,
963,1.771423,1.8706001,1.8544174,2.102654,1.7711298
962,,,,,
964,1.7714338,1.8795635,1.8623073,2.1199942,1.7711366
963,,,,,
965,1.771423,1.8692015,1.852928,2.103254,1.7711298
964,,,,,
966,1.7714267,1.8725457,1.8559827,2.1080441,1.771132
965,,,,,
967,1.7714128,1.8619912,1.8466116,2.0896893,1.7711238
966,,,,,
968,1.7714201,1.8685298,1.8525966,2.0988557,1.7711283
967,,,,,
969,1.7714106,1.8602775,1.8451498,2.0855033,1.7711225
968,,,,,
970,1.7714207,1.8691311,1.8531538,2.0996823,1.7711285
969,,,,,
971,1.7714182,1.8665549,1.8507797,2.095829,1.7711271
970,,,,,
972,1.7714211,1.8684591,1.8523377,2.1013165,1.7711289
971,,,,,
973,1.7714123,1.8598893,1.844552,2.0874696,1.7711234
972,,,,,
974,1.7714286,1.8746202,1.8578924,2.111057,1.7711334
973,,,,,
975,1.771435,1.8808943,1.8636237,2.120323,1.7711372
974,,,,,
976,1.7714139,1.8641253,1.8487035,2.0912583,1.7711246
975,,,,,
977,1.7714373,1.8864645,1.8690593,2.125328,1.7711387
976,,,,,
978,1.7714554,1.9050486,1.8859557,2.1540644,1.7711498
977,,,,,
979,1.7714576,1.9071381,1.8877985,2.1579316,1.7711513
978,,,,,
980,1.7714533,1.9022743,1.8833025,2.151396,1.7711486
979,,,,,
981,1.7714998,1.9562551,1.9324317,2.2338161,1.7711772
980,,,,,
982,1.7714787,1.932183,1.9105706,2.1976564,1.7711643
981,,,,,
983,1.7714907,1.9469496,1.9241441,2.2179623,1.7711716
982,,,,,
984,1.7714565,1.9138259,1.8945607,2.1625881,1.7711507
983,,,,,
985,1.7714564,1.912452,1.8931894,2.1614141,1.7711506
984,,,,,
986,1.7714864,1.9520365,1.9302771,2.2082305,1.7711693
985,,,,,
987,1.771467,1.9321136,1.9121562,2.179803,1.7711574
986,,,,,
988,1.7714704,1.9340204,1.9137396,2.1833053,1.7711595
987,,,,,
989,1.7715211,1.9977182,1.9715009,2.2806172,1.7711906
988,,,,,
990,1.7715493,2.0417325,2.0114894,2.3449192,1.7712079
989,,,,,
991,1.7715772,2.0946279,2.0606499,2.4070313,1.7712255
990,,,,,
992,1.77159,2.1150444,2.077454,2.4576113,1.7712331
991,,,,,
993,1.7715838,2.104643,2.0676935,2.4469264,1.7712294
992,,,,,
994,1.7715628,2.064136,2.030883,2.3899367,1.7712164
993,,,,,
995,1.771538,2.0210328,1.9916816,2.3279903,1.7712009
