1.7716752,2.3510032,2.2885742,2.7869554,1.7712862
1.771666,2.3161144,2.2576356,2.738973,1.7712804
1.7716318,2.2123117,2.1645432,2.600089,1.7712592
1.771662,2.297844,2.2419024,2.7091846,1.7712781
1.7716823,2.361666,2.2999017,2.7837484,1.7712908
1.7716984,2.4278507,2.3581061,2.875198,1.7713009
1.7717016,2.4470067,2.374232,2.9070032,1.7713027
1.7717139,2.509987,2.4279468,3.0041058,1.7713106
1.7717284,2.5694227,2.4811351,3.0710156,1.7713196
1.7717175,2.5135376,2.4322422,2.9996371,1.7713127
1.7717243,2.545258,2.4601004,3.0395937,1.771317
1.771772,2.816884,2.6970582,3.3656847,1.7713473
1.7717713,2.8542845,2.7246535,3.4380717,1.7713467
1.7717872,2.9681733,2.8220417,3.5676692,1.7713567
1.771775,2.916003,2.7743225,3.5250437,1.7713492
1.7717875,3.015396,2.8580146,3.6408842,1.771357
1.7717901,2.982418,2.834783,3.581164,1.7713586
1.7717814,2.95829,2.8101332,3.5758939,1.7713532
1.7717702,2.8485363,2.719395,3.431765,1.7713461
1.7718043,3.1506495,2.9709115,3.8028135,1.7713674
1.7718323,3.4627588,3.226436,4.1537023,1.7713852
1.7718316,3.4762979,3.2345595,4.177143,1.771385
1.7718434,3.8099473,3.4793098,4.61237,1.7713921
1.7718536,4.100415,3.6885867,4.955875,1.7713987
1.7718399,3.7935016,3.4628549,4.606908,1.7713901
1.771815,3.330846,3.1099293,4.0518084,1.7713742
1.7717822,2.9874656,2.831385,3.6298828,1.7713535
1.771792,3.0406005,2.8791134,3.6755548,1.77136
1.7718102,3.1773016,2.9959886,3.8195643,1.7713712
1.7718344,3.482833,3.2430708,4.172351,1.7713865
1.7718444,3.7335837,3.4312418,4.483692,1.771393
1.7718027,3.3336678,3.1062987,4.062394,1.7713667
1.7717997,3.219892,3.0234067,3.882636,1.7713647
1.7717859,3.0137358,2.858687,3.6177993,1.7713561
1.7717717,2.8546984,2.727224,3.4170089,1.7713473
1.7717595,2.7598927,2.6464233,3.3013685,1.7713393
1.7717884,3.0108917,2.8527865,3.6505075,1.7713575
1.7717555,2.7656336,2.646883,3.3430338,1.7713367
1.7716999,2.4777057,2.3996313,2.959586,1.771302
1.7717023,2.4624865,2.3882124,2.9235592,1.7713033
1.7716789,2.3669531,2.303529,2.8,1.7712888
1.771741,2.6222327,2.534902,3.0750577,1.7713281
1.7716931,2.4522226,2.3832803,2.876167,1.7712982
1.7717026,2.5031781,2.4259033,2.9570146,1.771304
1.7716602,2.3367724,2.2783773,2.7413301,1.7712774
1.7716498,2.3012223,2.2463427,2.695131,1.771271
1.7715693,2.0696507,2.0356674,2.3996136,1.7712202
1.7715622,2.0585213,2.0253673,2.3864324,1.7712157
1.7715284,1.9994987,1.9715881,2.3018866,1.7711948
1.7715366,2.0111713,1.9824538,2.3153942,1.7712
1.7714895,1.947875,1.9250172,2.2201862,1.771171
1.7714916,1.9493796,1.9263868,2.2217433,1.7711722
1.7714814,1.9364594,1.9145435,2.2031848,1.771166
1.771483,1.9377422,1.9156572,2.205551,1.7711669
1.7714822,1.9345148,1.9126788,2.2001035,1.7711664
1.7715127,1.9727083,1.9472828,2.2598228,1.7711852
1.7715087,1.967434,1.9424076,2.2530465,1.7711828
1.7715172,1.9793158,1.9531045,2.2724638,1.771188
1.7715113,1.9717681,1.9461787,2.2622907,1.7711843
1.7715161,1.9776984,1.9516982,2.269194,1.7711872
1.7714909,1.9450123,1.9219476,2.2205415,1.7711717
1.7714967,1.9520782,1.9284351,2.230191,1.7711753
1.7714934,1.9475957,1.9243207,2.2237039,1.7711734
1.771493,1.9468552,1.9235944,2.2233584,1.7711729
1.7714541,1.9043399,1.8851708,2.1558638,1.7711489
1.7714703,1.9222809,1.9015514,2.1823092,1.7711592
1.7714365,1.8879987,1.8705888,2.127244,1.7711384
1.771408,1.8619986,1.8471298,2.084529,1.7711209
1.7713865,1.8431127,1.8300214,2.0537279,1.7711078
1.7713917,1.8464875,1.8329612,2.0602398,1.7711108
1.7713755,1.8311086,1.8188138,2.0368567,1.771101
1.7713971,1.8484788,1.8345176,2.0650165,1.7711141
1.7714158,1.863722,1.8481792,2.0913045,1.7711257
1.7714002,1.8532882,1.8390467,2.0721726,1.7711161
1.7714138,1.8648924,1.8495437,2.0905476,1.7711244
1.7714105,1.8617727,1.8466773,2.0861807,1.7711223
1.7714128,1.863155,1.8479037,2.0881412,1.7711238
1.7713934,1.8474967,1.8338438,2.0618966,1.771112
1.7713813,1.8401796,1.827503,2.0479453,1.7711046
1.7714293,1.8923601,1.8763129,2.113675,1.7711343
1.7714357,1.8969301,1.8801079,2.1249444,1.771138
1.7714194,1.8810139,1.8655431,2.1018336,1.771128
1.7714436,1.9025109,1.8847463,2.1386714,1.7711428
1.7714546,1.9088488,1.8897141,2.1581278,1.7711495
1.7714313,1.8782046,1.8612543,2.11552,1.7711352
1.7714375,1.8840399,1.8665401,2.1247973,1.7711388
1.7714514,1.897072,1.8782032,2.147516,1.7711473
1.7714845,1.9392849,1.917406,2.2027788,1.7711679
1.771471,1.9258882,1.9051957,2.1842253,1.7711596
1.7714801,1.9359769,1.9143258,2.1998358,1.7711651
1.7714871,1.9440414,1.9215795,2.2129178,1.7711694
1.7714838,1.9397883,1.917597,2.207992,1.7711674
1.7714984,1.9585712,1.9351518,2.2298267,1.7711766
1.771534,2.0068758,1.9788355,2.3050923,1.7711983
1.7715615,2.054432,2.0223887,2.3704197,1.7712156
1.7715893,2.1080768,2.0711164,2.4463284,1.7712326
1.7716472,2.2470922,2.196942,2.6352825,1.7712687
1.7716702,2.319556,2.261982,2.7310896,1.7712833
1.7716525,2.2786646,2.2245483,2.6859875,1.7712722
1.7716427,2.2518427,2.2002838,2.6512587,1.771266
1.7716552,2.2855675,2.230878,2.692119,1.771274
1.7716198,2.1838534,2.1392968,2.5566988,1.7712518
1.7715905,2.112143,2.0742252,2.4596944,1.7712334
1.7715944,2.120795,2.0818946,2.4736965,1.7712358
1.7715954,2.1217563,2.0828216,2.4741488,1.7712364
1.7716324,2.2093098,2.1639838,2.5730393,1.7712597
1.7716575,2.283421,2.2303243,2.6755888,1.7712753
1.7716814,2.3664463,2.3036954,2.7934108,1.7712903
1.771693,2.4158595,2.3463123,2.8700337,1.7712973
1.7716836,2.3912349,2.3236163,2.8457656,1.7712915
1.7716762,2.3461564,2.2846012,2.7777586,1.771287
1.7717197,2.5133321,2.4351137,2.973297,1.7713143
1.7717527,2.6902444,2.590048,3.1901445,1.771335
1.7718138,3.1825044,3.0080833,3.7697809,1.7713739
1.7718208,3.4252167,3.186507,4.1482515,1.7713782
1.7718093,3.3590462,3.127575,4.0910873,1.7713709
1.7718155,3.3386986,3.1207345,4.0290127,1.7713748
1.7717904,3.0684507,2.9005976,3.7082226,1.771359
1.7717388,2.6463723,2.546604,3.1780758,1.7713263
1.7717705,2.836374,2.7113538,3.4024436,1.7713463
1.7717584,2.7804086,2.6613219,3.3466861,1.7713387
1.771745,2.6668725,2.5656724,3.1942153,1.7713301
1.7717831,2.9145315,2.7795417,3.4857924,1.7713543
1.7718066,3.1736305,2.9902909,3.8246188,1.7713691
1.7717811,2.9421005,2.7975626,3.5499961,1.7713528
1.7717713,2.9037097,2.7621698,3.5198343,1.7713467
1.7718012,3.1307728,2.9554055,3.7707171,1.7713656
1.771744,2.6911013,2.5857325,3.2303212,1.7713296
1.7717307,2.600296,2.508132,3.1070974,1.7713212
1.7717614,2.769791,2.6564565,3.3039806,1.7713406
1.7717621,2.801332,2.6805098,3.3604348,1.771341
1.7717521,2.7028775,2.5979426,3.2291322,1.7713346
1.7717804,2.921448,2.7807202,3.5242598,1.7713524
1.7717505,2.7455018,2.6300778,3.3130474,1.7713337
1.7717041,2.4812598,2.402866,2.964345,1.7713046
1.7717007,2.4588058,2.383736,2.9291573,1.7713023
1.7716734,2.3436162,2.2820787,2.776066,1.7712852
1.771668,2.3124068,2.2548494,2.729463,1.7712818
1.7717139,2.485728,2.4101396,2.9435046,1.7713107
1.7717515,2.684243,2.5827832,3.2009554,1.771334
1.7717339,2.6151094,2.520678,3.129348,1.7713231
1.7717093,2.5200393,2.4367743,3.013836,1.771308
1.771691,2.4353552,2.3629196,2.8977978,1.7712964
1.771677,2.3566926,2.294327,2.7869065,1.7712874
1.771632,2.2118165,2.1643698,2.59672,1.7712592
1.7716454,2.246864,2.1963077,2.6394231,1.7712677
1.7716583,2.2866204,2.2315803,2.696773,1.7712756
1.771616,2.185039,2.1406114,2.5564852,1.7712495
1.7715874,2.112759,2.0751033,2.4573605,1.7712315
1.771609,2.1589684,2.1173456,2.516208,1.7712451
1.7715734,2.081401,2.0467646,2.41164,1.7712228
1.771565,2.0614362,2.0285232,2.3837826,1.7712175
1.7715443,2.0321636,2.0019195,2.3432117,1.7712048
1.7715522,2.044054,2.012874,2.3577528,1.7712097
1.7715399,2.0180511,1.9890003,2.3218257,1.771202
1.7715311,2.0051107,1.9770781,2.3051567,1.7711967
1.771519,1.9850345,1.9586588,2.2769346,1.7711891
1.7715558,2.0426471,2.011167,2.3599873,1.7712119
1.7715241,1.9945291,1.9674045,2.2905903,1.7711923
1.7714949,1.954216,1.9306834,2.2310174,1.7711742
1.771489,1.9462245,1.9233518,2.2193954,1.7711706
1.7714878,1.9433329,1.9207041,2.2146225,1.7711699
1.7714633,1.9098074,1.88979,2.1671348,1.7711546
1.7714547,1.9013608,1.8821186,2.1544344,1.7711494
1.771441,1.8886795,1.870716,2.1337345,1.7711409
1.7714173,1.867474,1.85169,2.097772,1.7711265
1.77138,1.8378326,1.8252113,2.0458186,1.7711037
1.7713895,1.8453339,1.8320668,2.056091,1.7711097
1.7714319,1.8896737,1.8731945,2.1159625,1.7711358
1.7714657,1.9258361,1.9061387,2.1709323,1.7711564
1.7714789,1.9381284,1.9167457,2.1970909,1.7711644
1.7715187,1.9833704,1.9570563,2.2754722,1.7711889
1.7714959,1.9568781,1.9331443,2.2347984,1.771175
1.7714593,1.9118805,1.8921596,2.1664438,1.7711524
1.7714598,1.9104875,1.8908839,2.1632154,1.7711527
1.7714733,1.9256175,1.9047146,2.1853678,1.771161
1.7714313,1.8835996,1.866739,2.1183975,1.7711353
1.7714679,1.9242432,1.9040418,2.1769054,1.7711576
1.771458,1.9139689,1.8946099,2.1631808,1.7711515
1.7714362,1.8902006,1.8729068,2.127195,1.7711383
1.7714677,1.9287378,1.908832,2.1756773,1.7711576
1.7715174,1.9907364,1.9651314,2.2699387,1.7711883
1.7714826,1.9460331,1.9243021,2.2059975,1.7711669
1.7714695,1.9322876,1.9117051,2.1874692,1.7711588
1.7714888,1.9535136,1.9307848,2.2216005,1.7711706
1.771472,1.9271786,1.9064078,2.185154,1.7711601
1.7714504,1.8986988,1.8800535,2.1455338,1.7711468
1.7714623,1.9107962,1.8909105,2.166209,1.771154
1.7714761,1.9247034,1.9032542,2.1916263,1.7711625
1.7714696,1.9166882,1.8959483,2.1792386,1.7711585
1.7715392,2.0268543,1.9990258,2.3119683,1.7712018
1.7715226,2.0050566,1.9788257,2.286159,1.7711917
1.7715572,2.0625787,2.0314057,2.36525,1.771213
1.771595,2.1363332,2.098327,2.4681118,1.7712365
1.7715971,2.1424751,2.1029806,2.4872859,1.7712377
1.7715445,2.0318801,2.0018854,2.3393579,1.771205
1.7715771,2.0874662,2.0520406,2.4226806,1.771225
1.7715931,2.1184785,2.080761,2.4589572,1.771235
1.771574,2.0787513,2.0443819,2.4069684,1.7712233
1.7715851,2.1008658,2.064298,2.4399593,1.77123
1.7716267,2.1944275,2.1490262,2.5689106,1.7712561
1.7716448,2.2437027,2.1935754,2.6337092,1.7712674
1.7716709,2.3218286,2.2645652,2.728333,1.7712837
1.7716573,2.2936578,2.2381861,2.7039804,1.7712752
1.7716385,2.2464118,2.1955075,2.6432593,1.7712636
1.7716353,2.229551,2.1807184,2.6158123,1.7712613
1.7716249,2.197661,2.152019,2.572061,1.7712548
1.7716475,2.2515287,2.2021785,2.6280105,1.7712692
1.7716483,2.2609155,2.2094638,2.6531363,1.7712696
1.7716496,2.2699406,2.2166374,2.6747875,1.7712703
1.7716662,2.3180478,2.2602818,2.732293,1.7712809
1.7716872,2.3907099,2.3250697,2.8268425,1.7712939
1.7716727,2.33075,2.2716768,2.7487876,1.7712848
1.7717187,2.5117197,2.432508,2.9805992,1.7713137
1.7717059,2.4799306,2.4024487,2.9584398,1.7713056
1.7717274,2.5705187,2.4833007,3.0615594,1.7713192
1.7717159,2.520848,2.4391234,3.002701,1.7713119
1.7717249,2.5649476,2.4776523,3.0585246,1.7713177
1.7717204,2.5285015,2.4464471,3.0075202,1.7713146
1.7717366,2.6241128,2.5274687,3.1495457,1.7713248
1.7717092,2.4847484,2.4062002,2.9685383,1.7713076
1.7717266,2.5633724,2.4754171,3.0667584,1.7713186
1.7717288,2.5700872,2.4815235,3.073448,1.7713199
1.7717516,2.6846445,2.5826173,3.2066007,1.7713344
1.7717711,2.8226323,2.700024,3.3843243,1.7713466
1.771791,3.0127523,2.8563523,3.6417255,1.7713592
1.7717531,2.763881,2.6456273,3.3376603,1.7713354
1.7717698,2.862876,2.7316837,3.4458365,1.7713459
1.7717516,2.7209718,2.6115918,3.2651443,1.7713344
1.7716968,2.454619,2.3804886,2.9204617,1.7713
1.7717172,2.522875,2.4431336,2.9862423,1.7713128
1.7717209,2.5547814,2.4691126,3.0418687,1.7713151
1.7717003,2.4502456,2.377501,2.906552,1.7713022
1.7716709,2.3429532,2.2820644,2.7688136,1.7712837
1.7716982,2.4449658,2.3718655,2.908578,1.7713008
1.7716762,2.3443344,2.2830431,2.7746854,1.771287
1.7716576,2.288851,2.2332242,2.7036312,1.7712753
1.7716596,2.2906928,2.2351894,2.7026181,1.7712765
1.7716907,2.3971493,2.3303583,2.84083,1.771296
1.7716861,2.3792286,2.3142955,2.818683,1.771293
1.7716457,2.261751,2.2094028,2.662955,1.771268
1.7716458,2.26266,2.2099822,2.6655576,1.7712681
1.7716012,2.151442,2.1102183,2.5102417,1.7712402
1.7715977,2.1315503,2.0925808,2.4779139,1.7712379
1.7715917,2.114349,2.076912,2.454317,1.771234
1.7716248,2.1912806,2.1466782,2.5586593,1.7712548
1.7716235,2.1893394,2.1446335,2.5592077,1.7712538
1.7716466,2.2510245,2.1992238,2.6537402,1.7712684
1.771635,2.2178745,2.169437,2.6087554,1.7712612
1.7716726,2.329008,2.2703774,2.7448995,1.7712847
1.7716581,2.2862659,2.2316525,2.6928926,1.7712756
1.7716507,2.269187,2.2158713,2.674627,1.771271
1.7716254,2.204339,2.1575546,2.5872123,1.7712553
1.7716324,2.219957,2.1718113,2.6055903,1.7712595
1.7715751,2.083526,2.0483055,2.4195185,1.7712238
1.7716484,2.2673662,2.2186706,2.6278627,1.77127
1.7716547,2.2918334,2.2396338,2.6687527,1.771274
1.7716228,2.2222435,2.1765127,2.582635,1.7712541
1.771588,2.1403039,2.1021798,2.4732625,1.7712325
1.7715744,2.1139,2.0778377,2.4406052,1.7712239
1.7714875,1.9466901,1.9239237,2.2188928,1.7711695
1.7714528,1.8992157,1.8801533,2.1513412,1.7711482
1.7715117,1.9820517,1.9574033,2.2555704,1.7711848
1.7715045,1.9723433,1.9482571,2.2452006,1.7711803
1.7715179,1.9908102,1.9649379,2.2738345,1.7711884
1.7715492,2.0378041,2.0074146,2.3455734,1.7712078
1.7715856,2.1034698,2.066903,2.4407396,1.7712305
1.7715518,2.0370421,2.006138,2.3512845,1.7712095
1.77157,2.0688608,2.0348566,2.399365,1.7712206
1.7715646,2.0598888,2.0265875,2.3881834,1.7712172
1.7715524,2.0377605,2.006437,2.3567772,1.7712096
1.7715477,2.026815,1.996523,2.339811,1.7712067
1.7715353,2.0089192,1.9801731,2.315298,1.7711991
1.7714889,1.9491476,1.9262297,2.2220385,1.7711706
1.7714516,1.9081994,1.889271,2.156276,1.7711477
1.7714494,1.9032031,1.8846407,2.1482296,1.7711463
1.7714429,1.8924515,1.8745966,2.1331785,1.7711422
1.7714444,1.8935574,1.8755399,2.135452,1.7711432
1.7714955,1.9553306,1.9322903,2.2237809,1.7711746
1.771494,1.9527893,1.929509,2.227094,1.7711736
1.7715092,1.9732686,1.9482709,2.2558577,1.7711831
1.7715065,1.9692539,1.9444978,2.2513032,1.7711813
1.771542,2.0241811,1.9950148,2.3256366,1.7712035
1.7715212,1.9904283,1.9639657,2.2801743,1.7711906
1.7715155,1.9831823,1.9570752,2.274198,1.7711871
1.7715284,2.0016336,1.9741563,2.2971454,1.7711949
1.7715142,1.9824724,1.9566343,2.270509,1.7711862
1.7715073,1.9685048,1.943767,2.2502794,1.771182
1.7715024,1.9619682,1.9377035,2.2420926,1.7711788
1.7714881,1.9460795,1.9232699,2.2189167,1.77117
1.7714523,1.9022684,1.8832537,2.1530807,1.7711481
1.7714878,1.9465506,1.9242221,2.2123868,1.7711699
1.7715051,1.9704658,1.946374,2.2430544,1.7711807
1.7714834,1.9451672,1.9232994,2.2070792,1.7711674
1.7714908,1.952837,1.9299184,2.223091,1.7711719
1.7714587,1.9245194,1.9049734,2.1725297,1.7711523
1.7714591,1.9198915,1.9006023,2.1651723,1.7711524
1.7714521,1.9072431,1.8886979,2.1488116,1.7711478
1.7714883,1.9509835,1.9287419,2.212487,1.7711704
1.7714565,1.9189773,1.899956,2.162015,1.7711507
1.7715037,1.9707799,1.9464676,2.2471638,1.7711798
1.7715228,1.9984803,1.9720533,2.2829947,1.7711915
1.7715449,2.034237,2.0047998,2.332175,1.7712053
1.7715088,1.9825453,1.9576648,2.2592902,1.771183
1.7715305,2.0077937,1.9796479,2.3084304,1.7711962
1.7715304,2.0055304,1.9776049,2.3041785,1.771196
1.7715257,1.9958923,1.9687728,2.2900357,1.7711933
1.7715164,1.9797965,1.9539378,2.2679265,1.7711874
1.7715392,2.012377,1.9832696,2.320163,1.7712016
1.7715713,2.0692556,2.035461,2.3966072,1.7712215
1.7715918,2.110641,2.0732234,2.452716,1.7712343
1.771614,2.1608706,2.118827,2.521176,1.7712479
1.7716112,2.158447,2.116125,2.5242944,1.7712463
1.7716249,2.1920574,2.1462965,2.5722792,1.7712548
1.7716395,2.227942,2.17914,2.615389,1.771264
1.7716308,2.206613,2.159705,2.588991,1.7712586
1.7716244,2.1892338,2.1439874,2.5656466,1.7712545
1.771613,2.1666386,2.1232822,2.5385458,1.7712475
1.7716438,2.2442415,2.1944087,2.631257,1.7712666
1.7716403,2.2320783,2.1833913,2.6152956,1.7712643
1.7716496,2.2607222,2.208852,2.6565897,1.7712703
1.7716665,2.3137476,2.256379,2.7268312,1.771281
1.7716982,2.4289234,2.357804,2.888821,1.7713007
1.7717023,2.439356,2.3675745,2.8979266,1.7713032
1.771697,2.4268234,2.3556888,2.8887699,1.7712998
1.7716668,2.3314729,2.270947,2.7636497,1.7712811
1.7716997,2.44175,2.37105,2.887825,1.7713017
1.7717116,2.4901018,2.413984,2.9466605,1.7713091
1.7716676,2.3355167,2.276362,2.7510188,1.7712818
1.7716999,2.452017,2.3809228,2.89118,1.7713021
1.7717261,2.5792823,2.490447,3.0727742,1.7713184
1.7716872,2.4019651,2.3345113,2.8463597,1.7712939
1.7716541,2.2858605,2.2310197,2.6937983,1.7712731
1.7717288,2.5729113,2.4876542,3.0461388,1.7713201
1.7717192,2.5262604,2.4460788,2.9909368,1.771314
1.7717333,2.5984528,2.5090806,3.0818913,1.7713228
1.7717489,2.7048898,2.5987234,3.234521,1.7713327
1.7717434,2.7066705,2.5966506,3.2632122,1.7713294
1.7717323,2.594189,2.502726,3.102192,1.7713221
1.7717268,2.5697048,2.480973,3.0737016,1.7713187
1.7716942,2.4260507,2.3549068,2.88785,1.7712982
1.7716705,2.337399,2.2763634,2.7697163,1.7712834
1.7716779,2.3613973,2.2977464,2.800706,1.7712879
1.7716424,2.2412307,2.1904528,2.6403003,1.7712657
1.7716541,2.2693484,2.2164881,2.6699634,1.7712731
1.7716753,2.338221,2.2782314,2.7602866,1.7712864
1.771711,2.4763324,2.401124,2.9371912,1.7713089
1.7717178,2.514201,2.4336338,2.9923408,1.7713131
1.7717383,2.6273465,2.5304203,3.1535437,1.7713258
1.7717279,2.578429,2.4875755,3.0934196,1.7713194
1.7716973,2.4484267,2.3738606,2.923375,1.7713001
1.7717043,2.4579117,2.3840222,2.9209962,1.7713047
1.7716773,2.3600984,2.2970278,2.7960188,1.7712878
1.7716913,2.403225,2.33641,2.8423033,1.7712964
1.7716542,2.2900968,2.2352645,2.696159,1.7712734
1.7716317,2.2325282,2.1834104,2.6201835,1.7712594
1.77159,2.119478,2.0811713,2.4670348,1.7712331
1.7715963,2.1304708,2.0913112,2.479541,1.7712373
1.7715524,2.0361214,2.0050473,2.3529906,1.7712096
1.7715623,2.0536404,2.0210414,2.3772397,1.7712159
1.7715514,2.0366635,2.0054958,2.3546913,1.7712091
1.7715783,2.0863943,2.051282,2.4183326,1.7712258
1.7715412,2.0235043,1.9940642,2.329861,1.7712029
1.7715524,2.0416796,2.0105941,2.3556497,1.7712097
1.771505,1.9757884,1.9510728,2.2555313,1.7711805
1.771535,2.0216386,1.9933602,2.3152907,1.7711992
1.7715313,2.0105224,1.9830289,2.3003707,1.7711968
1.7715219,1.9979564,1.9712943,2.2866604,1.7711911
1.7715093,1.9775676,1.9524989,2.2588713,1.7711831
1.7715356,2.0124052,1.9836323,2.3169615,1.7711992
1.7714813,1.940248,1.9182583,2.2068906,1.771166
1.7714484,1.8992714,1.880694,2.146487,1.7711456
1.771499,1.9667978,1.9434761,2.233507,1.771177
1.771481,1.9442894,1.9227834,2.20273,1.771166
1.7714636,1.9217849,1.9020004,2.17171,1.7711554
1.7714933,1.954911,1.931827,2.225484,1.7711734
1.7715093,1.974642,1.9495058,2.2582836,1.7711831
1.7714596,1.9092971,1.8896512,2.1634123,1.7711524
1.7714652,1.9150939,1.8948363,2.1733465,1.7711558
1.7714984,1.958076,1.9344691,2.232285,1.7711766
1.7715014,1.9612769,1.9373429,2.2372901,1.7711781
1.7714932,1.9505157,1.9274033,2.2231019,1.7711732
1.7715155,1.9783394,1.9523937,2.2690144,1.771187
1.7714695,1.9349331,1.9142387,2.1903832,1.7711588
1.7714478,1.9045659,1.8861682,2.1474335,1.7711453
1.7714574,1.9139124,1.8947744,2.1594393,1.7711513
1.7714238,1.8835621,1.8675742,2.10918,1.7711307
1.7713888,1.8512559,1.838194,2.058602,1.7711095
1.7714088,1.8640269,1.8491616,2.085488,1.7711214
1.77142,1.8740048,1.8582628,2.099948,1.7711284
1.7714053,1.8576828,1.8431184,2.0769985,1.7711194
1.7714287,1.876734,1.8600687,2.1112514,1.7711335
1.7714516,1.8972439,1.8783708,2.1475158,1.7711474
1.7714864,1.939397,1.9171423,2.207316,1.7711691
1.7714771,1.9285353,1.9071736,2.1923256,1.7711632
1.7714689,1.9199812,1.8993424,2.1805286,1.7711582
1.7714832,1.9369555,1.9148746,2.205016,1.7711669
1.7714653,1.9176741,1.8974055,2.1752632,1.7711562
1.7714752,1.928388,1.9073952,2.1876004,1.7711622
1.7714868,1.9421808,1.919861,2.2097068,1.7711693
1.7714993,1.9570293,1.9331363,2.2353003,1.7711769
1.7714666,1.9205363,1.9001539,2.1781433,1.7711568
1.7714727,1.9263612,1.9052525,2.1893768,1.7711606
1.7714581,1.9063286,1.8868188,2.159978,1.7711514
1.7714909,1.9498968,1.927373,2.215465,1.7711719
1.7714916,1.9503171,1.927592,2.2181916,1.7711722
1.7715226,1.9900825,1.9634326,2.2820115,1.7711912
1.7715417,2.0191743,1.9897832,2.3262725,1.7712032
1.7715614,2.0522811,2.0197752,2.3755648,1.7712154
1.7715436,2.0204492,1.99068,2.3313365,1.7712042
1.7715546,2.039089,2.007569,2.3592079,1.771211
1.7715465,2.0255988,1.9952494,2.340478,1.771206
1.7715374,2.0106432,1.9816178,2.31897,1.7712003
1.7715484,2.0282183,1.9979318,2.3402195,1.7712071
1.7715646,2.0569894,2.0242,2.3803697,1.7712172
1.7715724,2.071619,2.037513,2.400992,1.7712221
1.7715858,2.098314,2.061616,2.4404824,1.7712305
1.7716155,2.1636438,2.120909,2.5301278,1.7712488
1.77159,2.1121306,2.0742087,2.460227,1.771233
1.7716018,2.1364334,2.096495,2.49048,1.7712404
1.7716473,2.2535408,2.2037034,2.6337469,1.7712691
1.7716388,2.236331,2.1874568,2.6187916,1.7712637
1.771615,2.1768708,2.1335328,2.541351,1.7712488
1.7716534,2.2785943,2.2249312,2.680198,1.7712727
1.7716479,2.2632072,2.2109013,2.6615982,1.7712693
1.7716109,2.1576617,2.115525,2.521892,1.7712462
1.7716237,2.188917,2.143786,2.5642147,1.7712543
1.7716564,2.2783582,2.2244859,2.6825702,1.7712744
1.771691,2.3914647,2.3273551,2.8140903,1.7712963
1.7716955,2.4199815,2.3513517,2.8629441,1.7712991
1.7717404,2.6304183,2.535403,3.1384768,1.7713271
1.7717706,2.8309433,2.706299,3.399378,1.7713463
1.7717865,2.969547,2.8217142,3.5780776,1.7713562
1.7717763,2.8847935,2.7503889,3.4752066,1.7713498
1.7717694,2.8730812,2.736821,3.4831934,1.7713455
1.7717409,2.674868,2.5696106,3.2241304,1.7713276
1.7717545,2.72357,2.614754,3.264411,1.7713363
1.7717545,2.7144594,2.6074026,3.249725,1.7713362
1.7717196,2.5432475,2.4580321,3.0384912,1.7713141
1.7717452,2.6743183,2.5726578,3.1980739,1.7713304
1.7717671,2.8228734,2.6990693,3.3885558,1.7713442
1.7717315,2.6044934,2.5112195,3.1169865,1.7713218
1.7717053,2.4768739,2.399786,2.9519942,1.7713052
1.7717392,2.640991,2.543088,3.1619415,1.7713265
1.7716974,2.4437275,2.3707597,2.90855,1.7713003
1.7716848,2.380509,2.3153412,2.8211105,1.7712922
1.7716734,2.3457832,2.2840605,2.7786863,1.7712853
1.7716695,2.3329046,2.272481,2.762161,1.7712829
1.7716633,2.298383,2.2423005,2.7107365,1.7712789
1.7716712,2.3274124,2.2677617,2.7542224,1.7712837
1.7716895,2.3881319,2.3226953,2.8261032,1.7712953
1.7717206,2.520165,2.4392343,2.998039,1.7713149
1.7717466,2.6623893,2.5623744,3.185599,1.7713313
1.7717073,2.494511,2.415331,2.9758024,1.7713066
1.7716743,2.377333,2.3120136,2.8194306,1.771286
1.7716488,2.2785776,2.2244928,2.6833053,1.7712699
1.7716479,2.260832,2.2093942,2.6518185,1.7712693
1.7715958,2.1265526,2.0878036,2.4745324,1.7712368
1.771595,2.1252847,2.0864482,2.4747627,1.7712362
1.7716297,2.2078528,2.1616015,2.5820773,1.771258
1.7715893,2.1233451,2.0853698,2.46539,1.7712327
1.7715452,2.033549,2.0033865,2.3427525,1.7712053
1.7715343,2.016476,1.9877311,2.3193567,1.7711986
1.7715417,2.02616,1.9967259,2.3302512,1.7712032
1.7715274,1.996008,1.9688652,2.2898066,1.7711942
1.7715287,1.9984382,1.9708188,2.297245,1.771195
1.7715296,1.9998142,1.9719398,2.3010888,1.7711954
1.7715571,2.0454464,2.013727,2.3639252,1.7712127
1.7715107,1.9799312,1.9545348,2.2648585,1.771184
1.7715245,1.9993676,1.9725981,2.2879899,1.7711927
1.7715212,1.9945441,1.9679811,2.2837648,1.7711906
1.7715249,1.9991897,1.9720988,2.291629,1.7711929
1.7714819,1.9402186,1.9182904,2.205594,1.7711662
1.7714813,1.9387625,1.9166846,2.2071373,1.771166
1.7714491,1.897393,1.8786861,2.1466584,1.7711459
1.7714543,1.9023333,1.8832473,2.1528275,1.7711492
1.7714572,1.9046006,1.885331,2.1553996,1.7711508
1.7714565,1.9038715,1.8845391,2.1565437,1.7711505
1.7714378,1.8875608,1.869951,2.1293032,1.7711393
1.7714275,1.8779125,1.8612398,2.113589,1.7711327
1.7714258,1.8749267,1.8584838,2.1084118,1.7711318
1.7713761,1.8386059,1.8264503,2.0412095,1.7711016
1.7713706,1.8336273,1.8218737,2.033401,1.7710983
1.7713933,1.8512974,1.837806,2.062073,1.771112
1.7714148,1.870005,1.854774,2.0914598,1.7711251
1.7714158,1.8699653,1.8546107,2.092612,1.7711258
1.7714329,1.879661,1.8625224,2.1188152,1.7711359
1.7714268,1.8744776,1.8578314,2.1110232,1.7711323
1.7713983,1.8519589,1.8378224,2.0707288,1.7711148
1.7713805,1.8363559,1.8236641,2.0451384,1.7711041
1.7713642,1.8238468,1.8124298,2.023532,1.7710941
1.771385,1.8409758,1.8280835,2.0490274,1.7711068
1.7714137,1.8665923,1.8514524,2.0881443,1.7711244
1.7714406,1.8898804,1.8722255,2.129304,1.7711409
1.7714823,1.937475,1.9157661,2.19981,1.7711666
1.7715137,1.9743656,1.9488213,2.2619815,1.7711858
1.7715088,1.9685502,1.9434097,2.2553873,1.7711828
1.7714925,1.9484783,1.9251639,2.2254238,1.7711726
1.77147,1.9237597,1.9028881,2.1858397,1.7711588
1.7714349,1.8842034,1.8668206,2.1249855,1.7711372
1.7714585,1.9116601,1.8924624,2.158732,1.771152
1.7714841,1.9435856,1.9218667,2.2030034,1.7711676
1.7714921,1.9528745,1.9300628,2.2204902,1.7711725
1.771516,1.9826012,1.9567354,2.2697084,1.7711872
1.7715487,2.030225,1.999646,2.3447332,1.7712076
1.7715431,2.0194762,1.9898359,2.3292978,1.771204
1.7715712,2.0704668,2.0369794,2.3932924,1.7712214
1.7715782,2.085098,2.0498362,2.4197044,1.7712257
1.7715752,2.0808845,2.0457814,2.4167514,1.7712239
1.7716092,2.153796,2.1128144,2.5076842,1.7712452
1.7716186,2.1773574,2.1337407,2.5441904,1.7712511
1.7716082,2.151066,2.1098316,2.5093973,1.7712445
1.7716615,2.2957075,2.2414129,2.6916666,1.7712779
1.7716419,2.2532475,2.202431,2.64538,1.7712656
1.7716508,2.2725577,2.2204056,2.6633623,1.7712713
1.77167,2.3330786,2.2744794,2.7436142,1.771283
1.7716547,2.2937093,2.2385468,2.6987197,1.7712736
1.7716647,2.3113081,2.2555268,2.7102072,1.77128
1.771695,2.4207375,2.351273,2.8709211,1.7712989
1.7716805,2.3671942,2.3034923,2.8031478,1.7712897
1.7717049,2.4559512,2.3833718,2.9077442,1.771305
1.7717321,2.5910804,2.5000148,3.0980504,1.771322
1.7717525,2.6912637,2.5886662,3.211661,1.7713349
1.771775,2.8556778,2.7281675,3.4236372,1.7713492
1.7717627,2.8204591,2.6937287,3.409446,1.7713413
1.7717634,2.8054872,2.6828818,3.3778098,1.7713417
1.7717804,2.9275715,2.7866008,3.524602,1.7713525
1.771747,2.6952453,2.5889428,3.2377608,1.7713314
1.7717296,2.5876417,2.4964256,3.0972998,1.7713205
1.7717557,2.739722,2.6272905,3.293467,1.7713369
1.7717696,2.8183024,2.695945,3.381606,1.7713456
1.7717656,2.787787,2.6698308,3.344493,1.7713432
1.7717838,2.9464874,2.8015563,3.557144,1.7713544
1.7717711,2.881849,2.7444336,3.4930136,1.7713464
1.7718387,3.499997,3.265269,4.1593246,1.7713895
1.7718447,3.687722,3.4055655,4.38517,1.7713934
1.7717957,3.1911008,3.0010424,3.843572,1.7713625
1.7717869,3.095811,2.9244363,3.713835,1.771357
1.7717907,3.1588721,2.9730418,3.7973888,1.7713593
1.771739,2.6426127,2.5445085,3.1619132,1.7713264
1.7716951,2.4264698,2.3555784,2.8854983,1.7712989
1.7717117,2.499689,2.419324,2.9870281,1.7713091
1.7717077,2.4731638,2.3966143,2.9479668,1.7713066
1.7717117,2.4844446,2.4070852,2.9582443,1.7713091
1.7717355,2.5920444,2.5026586,3.0855749,1.7713242
1.7717334,2.6059399,2.512154,3.1239972,1.7713228
1.7717224,2.5572813,2.4693267,3.064114,1.7713159
1.7717264,2.571623,2.4823124,3.0781324,1.7713184
1.7717123,2.5031457,2.422514,2.9895382,1.7713097
1.7716461,2.2650425,2.2121725,2.6693952,1.7712681
1.7716675,2.3265173,2.2681696,2.7404132,1.7712816
1.7716159,2.1939566,2.14961,2.5587049,1.7712495
1.7716082,2.1645403,2.1231263,2.5162032,1.7712446
1.7716303,2.216364,2.1708393,2.5759711,1.7712586
1.7716079,2.1733444,2.1314163,2.5255706,1.7712445
1.7715778,2.0978618,2.0624678,2.4264805,1.7712257
1.7716116,2.1683767,2.1259754,2.527846,1.7712467
1.7715921,2.1229186,2.084632,2.4672542,1.7712346
1.7715514,2.0375884,2.0066078,2.3525703,1.7712091
1.7715504,2.036494,2.0053265,2.3549075,1.7712085
1.7715611,2.0540774,2.0215664,2.376588,1.7712151
1.7715373,2.0110178,1.9821743,2.3168328,1.7712002
1.7715341,2.0056133,1.9772263,2.3091063,1.7711983
1.7715418,2.017965,1.9884646,2.3271499,1.7712032
1.7715211,1.9902502,1.9633394,2.2865026,1.7711904
1.7714989,1.9562325,1.9322015,2.2371914,1.7711766
1.7715067,1.9661471,1.9413425,2.2501843,1.7711813
1.7714751,1.9285336,1.9072498,2.1923532,1.7711618
1.7714885,1.945228,1.9227786,2.2127795,1.7711703
1.7714955,1.9534796,1.9300752,2.2281094,1.7711746
1.771482,1.9374853,1.9154805,2.204892,1.7711662
1.7714516,1.9031066,1.884221,2.1520357,1.7711476
1.7714293,1.8849834,1.8681953,2.1196895,1.771134
1.7714293,1.881305,1.8647066,2.1136005,1.7711338
1.7714409,1.8929605,1.8753961,2.1300402,1.7711412
1.7714295,1.8822758,1.8656522,2.1144557,1.7711343
1.771395,1.8606097,1.8471047,2.0696847,1.771113
1.7714044,1.8657984,1.8513782,2.0822885,1.7711189
1.7713604,1.8314724,1.8206397,2.0232806,1.7710922
1.7713305,1.8075079,1.7987905,1.9852892,1.7710738
1.7713345,1.8093684,1.8003597,1.988892,1.7710762
1.7713585,1.8219073,1.8110301,2.0161579,1.7710907
1.7713614,1.8235956,1.8124944,2.0193403,1.7710924
1.7713898,1.8426601,1.8292924,2.0551713,1.7711097
1.771412,1.859696,1.8444432,2.085882,1.7711232
1.771432,1.8782604,1.861279,2.1154947,1.7711354
1.7714691,1.9192561,1.8989081,2.1751294,1.7711582
1.7714822,1.9335518,1.9116426,2.2007754,1.7711662
1.7714763,1.9272358,1.905818,2.1927712,1.7711626
1.7714581,1.9092208,1.8896043,2.1637988,1.7711515
1.7714881,1.94717,1.9247714,2.2135873,1.7711701
1.771476,1.9301246,1.9090096,2.1901503,1.7711625
1.7714522,1.9056581,1.8868666,2.1521738,1.7711478
1.7714957,1.9616127,1.9385848,2.2275903,1.7711748
1.7715052,1.9719017,1.9473808,2.250173,1.7711807
1.771509,1.9749588,1.9501911,2.2533858,1.771183
1.7715142,1.9819307,1.9563648,2.2659378,1.7711862
1.7715248,1.9944956,1.9671695,2.2927647,1.7711927
1.7715122,1.9728279,1.9472988,2.2615643,1.7711849
1.7715493,2.0317192,2.0014563,2.3413208,1.7712078
1.7715662,2.0619566,2.0292592,2.3808496,1.7712182
1.7715831,2.0949535,2.0590863,2.4294279,1.7712288
1.7716311,2.2047937,2.158753,2.5787165,1.7712587
1.7716521,2.263691,2.2110648,2.6658955,1.7712716
1.7716415,2.237205,2.186996,2.6332467,1.7712651
1.771637,2.2258716,2.176701,2.6188006,1.7712624
1.7716403,2.2346497,2.1844995,2.6315289,1.7712643
1.7716131,2.1617904,2.1188376,2.5322964,1.7712475
1.7716674,2.3128037,2.257614,2.7068717,1.7712816
1.7716633,2.309508,2.2535017,2.71364,1.7712791
1.7716892,2.4008093,2.334915,2.8319647,1.7712952
1.7716824,2.3852859,2.3200874,2.820711,1.771291
1.7717258,2.5687475,2.4816713,3.0574496,1.7713182
1.7716734,2.3458962,2.284839,2.7730794,1.7712853
1.7717016,2.4511914,2.3783545,2.908997,1.7713029
1.7717066,2.466789,2.3924878,2.9255092,1.7713059
1.7717509,2.690861,2.5886118,3.2064414,1.7713339
1.77174,2.6325,2.5372055,3.1392102,1.771327
1.7717553,2.7473822,2.6325583,3.3125427,1.7713367
1.7717746,2.8689916,2.73756,3.45382,1.7713488
1.7718011,3.0924134,2.925112,3.7218885,1.7713655
1.7718028,3.1045792,2.9351375,3.736095,1.7713665
1.7717911,3.0552673,2.889255,3.7021985,1.7713593
1.7718122,3.2907329,3.0799122,3.991532,1.7713724
1.7718276,3.4438982,3.2065418,4.1539564,1.7713822
1.7718166,3.3038003,3.0934474,3.9937408,1.7713753
1.7717689,2.8861609,2.7488108,3.4899037,1.7713453
1.771779,2.967056,2.8165922,3.5854096,1.7713516
1.7717924,3.0363665,2.8788326,3.6457772,1.7713602
1.7717724,2.8533084,2.7253463,3.4239066,1.7713475
1.7717499,2.7105658,2.6026175,3.2518713,1.7713332
1.7717466,2.717783,2.6061015,3.2795727,1.7713313
1.7717111,2.5236084,2.4393477,3.0219374,1.7713089
1.771706,2.4643989,2.389675,2.9298167,1.7713057
1.7717426,2.626017,2.5343797,3.111552,1.7713287
1.7717161,2.5254676,2.4442754,3.0005434,1.7713122
1.7717248,2.5739186,2.485844,3.0663502,1.7713177
1.7717404,2.6662095,2.5642374,3.1951497,1.7713271
1.7717257,2.5780404,2.48827,3.0802517,1.771318
1.7716957,2.4181786,2.348499,2.872755,1.7712991
1.7717079,2.474434,2.397192,2.9548829,1.7713068
1.7716907,2.4056494,2.3364873,2.865063,1.771296
1.7716882,2.3909981,2.3239644,2.8416996,1.7712945
1.7716898,2.3936849,2.326552,2.8434093,1.7712953
1.771656,2.2880838,2.2324443,2.7038872,1.7712743
1.7716105,2.170353,2.1270466,2.53962,1.771246
1.7716177,2.1828568,2.1387708,2.550978,1.7712505
1.7716159,2.1721156,2.129274,2.5336366,1.7712493
1.7715963,2.1245034,2.0858786,2.4712753,1.7712373
1.771622,2.1843927,2.1402793,2.5512326,1.7712531
1.7716242,2.1934752,2.1475782,2.5745382,1.7712544
1.7716047,2.1452897,2.1040616,2.5080633,1.7712421
1.7715819,2.0946717,2.0581796,2.437551,1.771228
1.771562,2.0578732,2.024784,2.3853183,1.7712156
1.7715017,1.9653671,1.9408792,2.2477283,1.7711784
1.7715029,1.9650433,1.9406426,2.245493,1.7711792
1.7714754,1.929283,1.9079847,2.192695,1.7711623
1.7714473,1.8971648,1.8787119,2.143731,1.7711447
1.7714736,1.9297216,1.9089813,2.1855102,1.7711613
1.7715051,1.9679478,1.9436107,2.245126,1.7711805
1.7714794,1.9359268,1.9143648,2.1987424,1.7711649
1.7714971,1.9573755,1.9337881,2.2321723,1.7711755
1.7715117,1.9750288,1.9494979,2.263037,1.7711844
1.7714733,1.9260138,1.9048821,2.1893275,1.771161
1.7714856,1.9409597,1.9187844,2.2075608,1.7711685
1.7715132,1.9770043,1.9516039,2.261557,1.7711855
1.7714864,1.9442668,1.9218557,2.2128747,1.7711691
1.7714734,1.9282087,1.9071565,2.1894734,1.771161
1.771447,1.9055874,1.8871479,2.1495957,1.7711451
1.7714309,1.8840047,1.8671653,2.1185327,1.771135
1.7714403,1.8924295,1.8749518,2.1287699,1.7711406
1.7714446,1.896097,1.8781072,2.136887,1.7711434
1.771441,1.8921933,1.8744535,2.1322758,1.7711412
1.7714592,1.9072357,1.8875526,2.1627126,1.7711523
1.7714533,1.9008149,1.8817096,2.1528351,1.7711486
1.7714198,1.8671106,1.8510975,2.0995195,1.7711278
1.7714165,1.8638539,1.8481487,2.0939965,1.7711259
1.7714231,1.869789,1.8535545,2.1028807,1.77113
1.7714267,1.8730971,1.8565646,2.1077974,1.7711323
1.7714446,1.891569,1.8734912,2.1349704,1.7711432
1.7714398,1.8872697,1.8695041,2.1302419,1.7711403
1.7714437,1.890941,1.8727832,2.1366138,1.7711427
1.7714438,1.8907217,1.8725686,2.1362586,1.7711427
1.7714487,1.8954622,1.8768864,2.1433206,1.7711457
1.7714585,1.9062111,1.8868122,2.157702,1.7711517
1.7714924,1.9459172,1.9229698,2.218325,1.7711726
1.7714812,1.9338142,1.9119191,2.2014992,1.7711657
1.7714951,1.9511572,1.9277076,2.2275765,1.7711743
1.7715127,1.9749596,1.9494818,2.261776,1.7711852
1.7714852,1.9416583,1.9192892,2.2112603,1.7711682
1.7714769,1.92922,1.907841,2.1931007,1.7711631
1.7715008,1.9589621,1.9349144,2.2379694,1.7711779
1.7715551,2.0508077,2.0204136,2.350508,1.7712117
1.7715576,2.0557399,2.024563,2.3613591,1.771213
1.771562,2.0623057,2.0296323,2.382547,1.7712157
1.7716088,2.1598556,2.118785,2.510807,1.7712451
1.7716384,2.2347572,2.18638,2.6119993,1.7712634
1.7715757,2.096149,2.0610993,2.4229636,1.7712246
1.7715912,2.1267824,2.0889578,2.4636402,1.771234
1.7716429,2.253348,2.2036674,2.6307712,1.7712663
1.7716601,2.3005767,2.2467573,2.6858168,1.7712771
1.771659,2.2982917,2.2441583,2.687714,1.7712762
1.7716618,2.314026,2.2557976,2.7365086,1.7712779
1.7716835,2.3846974,2.3192384,2.8238437,1.7712914
1.7716683,2.3263083,2.2672913,2.7466397,1.771282
1.7716526,2.2706535,2.217509,2.6726217,1.7712723
1.7717,2.4320931,2.363906,2.8621943,1.7713021
1.7717239,2.5482814,2.4635952,3.0357852,1.7713169
1.7717426,2.6425712,2.5464044,3.1493511,1.7713287
1.7717416,2.6608148,2.5597444,3.190156,1.771328
1.7717437,2.6871247,2.5807743,3.2344735,1.7713294
1.7717093,2.4898806,2.410581,2.9755123,1.7713077
1.7717236,2.549435,2.463484,3.0462217,1.7713168
1.7717268,2.5503056,2.4653816,3.0393486,1.7713187
1.7717618,2.7478228,2.637295,3.2836392,1.7713407
1.7717466,2.6884193,2.5834289,3.2278218,1.7713311
1.7717713,2.8575113,2.727129,3.4428072,1.7713467
1.7717415,2.6789968,2.5741477,3.2217972,1.771328
1.7717439,2.6736503,2.5712168,3.202774,1.7713295
1.7717228,2.5450072,2.4599984,3.0371346,1.7713162
1.771691,2.4296508,2.3581011,2.8913343,1.7712963
1.7716917,2.4114857,2.3434677,2.8551223,1.7712967
1.7716856,2.39531,2.3284135,2.8398225,1.771293
1.7716395,2.2429059,2.192485,2.637,1.7712641
1.7716384,2.2322662,2.1833093,2.618013,1.7712632
1.7716516,2.2717335,2.218263,2.6760995,1.7712716
1.7716231,2.1868253,2.1417608,2.5630243,1.7712537
1.7716597,2.2879972,2.2341843,2.6848202,1.7712766
1.7716898,2.3928342,2.3269482,2.8311305,1.7712954
1.7717042,2.4512024,2.3786647,2.9064603,1.7713046
1.7717186,2.521278,2.4395423,3.0035138,1.7713135
1.7717419,2.6498811,2.5497134,3.1835468,1.7713281
1.7716962,2.4412205,2.3679285,2.911312,1.7712996
1.7716727,2.3519244,2.2891018,2.7904594,1.7712848
1.7716246,2.2070172,2.1599567,2.59078,1.7712547
1.7716054,2.1504807,2.1090615,2.5114865,1.7712427
1.771587,2.1016128,2.0646768,2.444422,1.7712313
1.7715898,2.1074107,2.0698905,2.4530869,1.771233
1.7715802,2.0879683,2.052159,2.426874,1.771227
1.7716137,2.1601014,2.1178205,2.5240638,1.7712477
1.7716082,2.149234,2.1078203,2.511118,1.7712445
1.7716012,2.1338453,2.0937843,2.4910154,1.77124
1.7715693,2.0748878,2.04049,2.4071672,1.7712202
1.7715615,2.0598352,2.0267854,2.3856514,1.7712156
1.7715682,2.067254,2.0339744,2.390135,1.7712196
1.771564,2.0592186,2.0265293,2.3802853,1.771217
1.7715483,2.0323544,2.0019236,2.3441246,1.7712071
1.7715689,2.0680437,2.0341778,2.3975139,1.7712198
1.7715719,2.0737689,2.0392818,2.406763,1.7712219
1.7715393,2.0149796,1.9856762,2.3241587,1.7712016
1.7715288,1.9979872,1.9701691,2.2996554,1.771195
1.771517,1.9817266,1.9553533,2.276137,1.7711879
1.7714703,1.9248494,1.9039418,2.1868038,1.7711592
1.7714627,1.9131372,1.893161,2.1690345,1.7711545
1.7714474,1.8964689,1.8779914,2.1433637,1.7711451
1.7714517,1.9003335,1.8815513,2.1480577,1.7711477
1.7714673,1.9179583,1.897742,2.1731248,1.7711573
1.7714801,1.9307283,1.9089562,2.1981177,1.771165
1.7714617,1.91072,1.8907909,2.1673722,1.7711538
1.7714429,1.8939825,1.8758442,2.1391473,1.7711422
1.7714435,1.8930837,1.875021,2.1367896,1.7711426
1.7714102,1.8615255,1.8464353,2.0861764,1.7711223
1.7713944,1.8476956,1.8339235,2.0635145,1.7711127
1.7713927,1.845909,1.8322814,2.0606685,1.7711115
1.7714324,1.8835967,1.8667799,2.1168015,1.7711358
1.7714132,1.8656167,1.8504082,2.0892322,1.7711241
1.7714293,1.8789167,1.8622304,2.1131966,1.7711338
1.7714387,1.8870422,1.8694144,2.1284091,1.7711396
1.7714461,1.8937435,1.8753895,2.140272,1.7711443
1.7714379,1.8835472,1.8659892,2.125063,1.7711393
1.7714481,1.8929623,1.8743958,2.1418734,1.7711453
1.7714761,1.9264333,1.9052743,2.1882946,1.7711625
1.771477,1.9274774,1.9060965,2.191945,1.7711631
1.7714828,1.9342923,1.9122213,2.2034044,1.7711667
1.7714756,1.9262801,1.9048948,2.191922,1.7711624
1.7714707,1.9206475,1.8997394,2.18386,1.7711592
1.7714689,1.9166371,1.8960801,2.1767886,1.7711581
1.7714796,1.9294411,1.9077677,2.195953,1.7711649
1.7714622,1.9106797,1.8907498,2.167195,1.771154
1.771455,1.9032662,1.8839965,2.156105,1.7711495
1.7715048,1.9698858,1.9457996,2.2435102,1.7711804
1.7715338,2.0153155,1.9877228,2.3033063,1.7711984
1.7715552,2.0512638,2.0204453,2.3547456,1.7712117
1.7715554,2.0519364,2.0202684,2.3665135,1.7712119
1.7715644,2.065881,2.0322652,2.3946645,1.7712171
1.7715397,2.0190759,1.9895871,2.328256,1.7712018
1.7715744,2.0831137,2.0493517,2.4018273,1.7712237
1.7715743,2.0829124,2.048928,2.403924,1.7712237
1.771586,2.1056368,2.0689318,2.4435203,1.7712306
1.7716318,2.2132485,2.1669047,2.5844712,1.7712592
1.7716129,2.1766903,2.1334012,2.5416732,1.7712475
1.7715509,2.0493727,2.0180907,2.3628461,1.7712091
1.7715365,2.0222244,1.993253,2.3244298,1.7712001
1.7715092,1.9814374,1.9561155,2.2648842,1.7711831
1.7715397,2.0286875,2.0007722,2.3138535,1.7712022
1.7715662,2.0753264,2.0430968,2.3810568,1.7712187
1.7715988,2.1388779,2.1000571,2.4778597,1.7712387
1.7716082,2.161105,2.1195724,2.5152478,1.7712445
1.771602,2.1509385,2.1094952,2.51257,1.7712407
1.7715958,2.1243536,2.085757,2.4713721,1.7712367
1.7716346,2.2189562,2.1726573,2.5857658,1.7712611
1.7716626,2.3027134,2.2483284,2.692869,1.7712786
1.7716863,2.3882794,2.3240383,2.8110564,1.7712934
1.7717137,2.5048497,2.423875,2.9941726,1.7713106
1.7717041,2.4693956,2.3922672,2.9516068,1.7713042
1.7716795,2.3661869,2.301529,2.8123527,1.771289
1.7716753,2.342694,2.2812278,2.7759519,1.7712862
1.7717186,2.5052252,2.4280362,2.9630032,1.7713137
1.771706,2.4683862,2.3939397,2.9287486,1.7713058
1.7717274,2.5710547,2.4836042,3.062631,1.7713192
1.7717314,2.60575,2.5120707,3.119751,1.7713217
1.7717392,2.6483989,2.5489278,3.173818,1.7713265
1.7716972,2.4313867,2.3597007,2.8944955,1.7713
1.7716864,2.3978806,2.329543,2.8547413,1.7712934
1.7716812,2.366267,2.3022592,2.80639,1.7712901
1.7716752,2.3444614,2.282833,2.777742,1.7712862
1.7716504,2.2626507,2.2097027,2.6690435,1.7712709
1.7716407,2.2360919,2.1857648,2.6340625,1.7712647
1.7716801,2.3568132,2.295152,2.7819142,1.7712893
1.7717028,2.440721,2.370538,2.882899,1.7713038
1.7716674,2.3330207,2.2740417,2.7495368,1.7712815
1.7716596,2.3123496,2.255005,2.7262428,1.7712766
1.7717177,2.5316362,2.4517372,2.9881856,1.7713132
1.7716556,2.307837,2.2529154,2.702503,1.7712743
1.7715912,2.1373723,2.0990632,2.4754062,1.7712343
1.7716137,2.1872747,2.1441453,2.5424125,1.7712483
1.7716384,2.2497997,2.2009969,2.6198459,1.7712636
1.7715963,2.1279018,2.0896358,2.4680562,1.7712374
1.7716477,2.2569582,2.2067544,2.6374304,1.7712692
1.7716855,2.3780434,2.3133407,2.8161972,1.7712928
1.7716632,2.3124428,2.2544274,2.7339754,1.7712789
1.7716275,2.21008,2.1627526,2.5947945,1.7712564
1.7716029,2.1538532,2.1121209,2.5164394,1.7712412
1.7716167,2.1760564,2.1334162,2.5333915,1.7712498
1.7716354,2.221381,2.1750956,2.5860364,1.7712616
1.7716346,2.2244904,2.1770709,2.599154,1.7712611
1.7716513,2.2732215,2.2202015,2.6713014,1.7712713
1.771664,2.3152301,2.2565422,2.7405367,1.7712792
1.7716779,2.3499765,2.2889116,2.7738373,1.7712879
1.7716577,2.2845335,2.2300756,2.6906316,1.7712755
1.7716376,2.235694,2.185844,2.6294518,1.7712628
1.7715912,2.1319058,2.0927594,2.48142,1.771234
1.7715584,2.0664155,2.0334895,2.387571,1.7712137
1.7715307,2.0042772,1.976316,2.3039203,1.7711964
1.7715359,2.0098855,1.9816272,2.3087888,1.7711997
1.7715398,2.0162947,1.9873828,2.3191237,1.7712018
1.7715683,2.065008,2.0315976,2.390501,1.7712196
1.7715567,2.0482426,2.016135,2.3705258,1.7712126
1.7715657,2.0632617,2.0299792,2.3890917,1.771218
1.7715812,2.092126,2.0566683,2.424,1.7712276
1.7715724,2.0769463,2.0426233,2.406114,1.7712221
1.7715399,2.0224285,1.9930212,2.3290288,1.7712022
1.7715644,2.063224,2.0300653,2.3878372,1.7712171
1.7715307,2.0084696,1.9803075,2.3089502,1.7711964
1.7715284,1.9998819,1.9724982,2.294945,1.7711949
1.771518,1.984931,1.9587464,2.274909,1.7711884
1.7715001,1.9635063,1.9392977,2.2434404,1.7711775
1.7714856,1.9407445,1.9183515,2.210703,1.7711685
1.7714854,1.940286,1.9178361,2.2112608,1.7711684
1.7715052,1.9673846,1.943185,2.2430618,1.7711807
1.7715082,1.9714195,1.9466891,2.251368,1.7711825
1.7715122,1.9763154,1.950768,2.2639537,1.7711849
1.7715127,1.9765439,1.9509059,2.2650077,1.7711852
1.7715244,1.9927081,1.9655477,2.289669,1.7711923
1.7714931,1.9462286,1.9229503,2.2232661,1.771173
1.7715058,1.9634317,1.9388072,2.2464757,1.771181
1.771524,1.9894513,1.9625628,2.2843866,1.7711921
1.7714806,1.942422,1.9205855,2.206425,1.7711656
1.7714953,1.9607934,1.9375706,2.2298281,1.7711746
1.7714847,1.9475824,1.9253938,2.2122276,1.7711682
1.7714849,1.9453111,1.9232374,2.2088685,1.7711682
1.7714701,1.9249178,1.9043916,2.1808488,1.771159
1.7714903,1.9447936,1.9218057,2.2194529,1.7711712
1.7714784,1.9278972,1.9062856,2.1947448,1.7711641
1.7715101,1.96981,1.944736,2.2544734,1.7711835
1.77149,1.9445589,1.9217117,2.21761,1.7711711
1.7714888,1.9428468,1.9200764,2.2160525,1.7711703
1.7714903,1.9446698,1.9216976,2.2191656,1.7711713
1.7714661,1.9182884,1.8978772,2.1773913,1.7711564
1.7714562,1.9035082,1.8842242,2.1556978,1.7711504
1.771476,1.926559,1.9053319,2.1893861,1.7711625
1.7714998,1.957635,1.9339371,2.2325406,1.7711772
1.7715379,2.0171583,1.988908,2.3112686,1.7712009
1.771539,2.0184572,1.9893913,2.3231642,1.7712016
1.7715763,2.0855784,2.050951,2.4126718,1.7712246
1.7715536,2.0498526,2.0183952,2.3641114,1.7712108
1.7715377,2.022106,1.9930148,2.3254712,1.7712008
1.7715343,2.0119147,1.9836979,2.309889,1.7711986
1.771534,2.011611,1.9831152,2.3136141,1.7711984
1.7715212,1.9866587,1.9601432,2.2788882,1.7711904
1.7715238,1.9906267,1.9635426,2.2878468,1.7711921
1.7715195,1.9846785,1.9580623,2.2800272,1.7711892
1.7715247,1.990828,1.9638555,2.2860377,1.7711924
1.7715412,2.0167603,1.9875011,2.323575,1.7712028
1.7715479,2.027822,1.9976416,2.3385997,1.771207
1.7715739,2.0742095,2.039927,2.4038897,1.771223
1.7715943,2.1151538,2.0768445,2.464665,1.7712357
1.7716328,2.2079237,2.1617746,2.5810895,1.7712598
1.7716584,2.282632,2.228808,2.6831546,1.7712759
1.7716647,2.3074925,2.2502377,2.7249377,1.7712796
1.7716761,2.346816,2.2851017,2.7791364,1.7712868
1.7716379,2.2484272,2.197403,2.6451097,1.7712632
1.7716109,2.167509,2.1245973,2.533703,1.7712462
1.7715946,2.1239736,2.0851882,2.4732642,1.771236
1.7715924,2.1168194,2.0787573,2.4623396,1.7712346
1.7716112,2.1565776,2.115636,2.507464,1.7712466
1.7716651,2.3016024,2.2462604,2.7038853,1.77128
1.7716925,2.4013839,2.3348153,2.8392239,1.7712972
1.7717512,2.6775143,2.578078,3.1840749,1.7713339
1.7717288,2.603667,2.5107193,3.1164181,1.7713201
1.7717388,2.6508942,2.5522826,3.1682198,1.7713263
1.7716981,2.4655056,2.390392,2.9303374,1.7713008
1.7716694,2.3523898,2.2904816,2.7796545,1.7712829
1.7716256,2.197947,2.1519365,2.5765467,1.7712554
1.7716596,2.2929082,2.2378526,2.6982899,1.7712766
1.7716831,2.3633642,2.3024945,2.7753522,1.7712914
1.7716929,2.409703,2.3421254,2.8507595,1.7712973
1.7716858,2.3963125,2.3289995,2.8446486,1.771293
1.7716898,2.4143233,2.3443375,2.87294,1.7712954
1.7716796,2.368361,2.3040686,2.80837,1.7712892
1.7716632,2.297096,2.2409225,2.711387,1.7712786
1.7716577,2.2828233,2.2279258,2.6945899,1.7712753
1.7716743,2.336461,2.275776,2.7669067,1.7712855
1.7716955,2.4125235,2.3438416,2.8628035,1.771299
1.7716845,2.3783894,2.3129919,2.8232548,1.7712921
1.7716894,2.3946104,2.327589,2.842398,1.7712952
1.771696,2.4237902,2.3529847,2.884571,1.7712994
1.7716719,2.3403246,2.2788062,2.7756066,1.7712842
1.7717056,2.4547195,2.3831205,2.9005754,1.7713056
1.7716982,2.4396381,2.3683069,2.8934042,1.7713008
1.7717175,2.5187597,2.4387689,2.987581,1.7713128
1.7717127,2.5064821,2.4269204,2.979663,1.77131
1.7717239,2.5703008,2.480984,3.0758183,1.7713169
1.7716721,2.3433516,2.2816648,2.7779298,1.7712843
1.7716744,2.3513012,2.2886603,2.7885098,1.7712859
1.7716461,2.2508936,2.199116,2.6533697,1.771268
1.771647,2.250568,2.1990967,2.6500075,1.7712687
1.7716713,2.3222792,2.2644975,2.7343848,1.7712839
1.7716583,2.2927616,2.2371824,2.7048876,1.7712759
1.7716627,2.3055708,2.248717,2.7203388,1.7712785
1.7716767,2.3517258,2.2897956,2.7821066,1.7712872
1.7716902,2.3995776,2.3326037,2.8421104,1.7712958
1.7716594,2.2917995,2.2362728,2.7032661,1.7712765
1.7716477,2.2652893,2.2119315,2.6740103,1.7712691
1.771668,2.321762,2.2635562,2.7380955,1.7712818
1.7716435,2.249349,2.1984353,2.6440606,1.7712665
1.7716343,2.2177896,2.1701453,2.600061,1.7712607
1.7716267,2.2004979,2.1542702,2.5797062,1.7712561
1.7716011,2.1481445,2.1070206,2.5082426,1.7712402
1.77159,2.1122637,2.074651,2.4561522,1.7712331
1.771597,2.126909,2.0879495,2.4759789,1.7712375
1.7716092,2.1521697,2.1112683,2.505613,1.7712452
1.7716047,2.1440058,2.1035433,2.4983845,1.7712424
1.7716336,2.2132747,2.165516,2.600124,1.7712603
1.7716162,2.1712933,2.127551,2.5440516,1.7712494
1.7715713,2.0852344,2.0502174,2.4184961,1.7712216
1.7715713,2.0783534,2.0442214,2.4045966,1.7712215
1.77158,2.0942013,2.0586853,2.4255502,1.771227
1.7715474,2.033982,2.0036845,2.3434405,1.7712067
1.7715319,2.0087526,1.9805747,2.3086543,1.7711972
1.7715435,2.025549,1.995475,2.337716,1.7712042
1.7715394,2.015249,1.986154,2.321274,1.7712017
1.771492,1.9507749,1.9276457,2.2246056,1.7711725
1.7715125,1.9787633,1.9533925,2.262675,1.7711852
1.771528,2.0017812,1.974428,2.2953067,1.7711948
1.7715129,1.9804734,1.9549023,2.266002,1.7711854
1.7714868,1.9439219,1.9214196,2.2136078,1.7711692
1.7715019,1.9612646,1.9368434,2.2441308,1.7711785
1.7714974,1.9530048,1.9292992,2.2312028,1.7711759
1.7714776,1.9268016,1.9052919,2.1930954,1.7711633
1.7714999,1.9557241,1.9318728,2.2337754,1.7711772
1.7715198,1.9833363,1.9570066,2.2751722,1.7711895
1.7715024,1.9617789,1.9373983,2.2438545,1.7711788
1.771493,1.9487432,1.92547,2.2247508,1.7711729
1.7714845,1.9389087,1.916488,2.2105632,1.7711676
1.7714472,1.8970181,1.8784926,2.1448503,1.7711447
1.7714587,1.9093621,1.8899958,2.159474,1.7711521
1.7714871,1.9438058,1.9215889,2.2090003,1.7711694
1.7715117,1.9777979,1.952811,2.2565308,1.7711846
1.771516,1.9834745,1.9576375,2.269774,1.7711872
1.7715586,2.047356,2.0153887,2.3675447,1.7712137
1.7715445,2.0245333,1.9945396,2.3361094,1.7712048
1.7715275,1.9982687,1.9705902,2.2984862,1.7711942
1.7715069,1.9672883,1.9422907,2.2534955,1.7711815
1.7715118,1.9735029,1.9479355,2.2627177,1.7711844
1.7714515,1.9058725,1.8870054,2.153787,1.7711476
1.7714429,1.8952575,1.8772502,2.1377492,1.7711424
1.7714707,1.9282212,1.9078212,2.180949,1.7711593
1.7714901,1.9527872,1.9303356,2.2159562,1.7711713
1.7714889,1.9501753,1.9277564,2.2144172,1.7711706
1.7715274,1.9960092,1.9685944,2.2935486,1.7711942
1.7715346,2.0064874,1.9778628,2.3126051,1.7711986
1.7715359,2.00748,1.978871,2.3123288,1.7711993
1.771534,2.0042794,1.9759386,2.3078218,1.7711983
1.7715186,1.9837863,1.9572824,2.278544,1.7711889
