1.952302e-06,6.1033387e-09,1.1305009e-06,1.5236889e-08,3.970256e-09
2.0900243e-06,6.2068537e-09,1.3244842e-06,1.5658628e-08,4.1020027e-09
2.1140295e-06,6.2427357e-09,1.3757956e-06,1.5804646e-08,4.147696e-09
2.0038233e-06,6.1625327e-09,1.2213998e-06,1.5477605e-08,4.0455124e-09
2.2887502e-06,6.3337113e-09,1.5946225e-06,1.6176207e-08,4.2637023e-09
2.4741082e-06,6.4089636e-09,1.8100056e-06,1.6480355e-08,4.3580486e-09
2.6351886e-06,6.5065953e-09,2.0777006e-06,1.6885588e-08,4.485775e-09
2.542622e-06,6.4448926e-09,1.9218694e-06,1.663112e-08,4.405816e-09
2.7674682e-06,6.532358e-09,2.2320837e-06,1.6988375e-08,4.517293e-09
2.8809113e-06,6.6036487e-09,2.4423293e-06,1.7285409e-08,4.6111097e-09
3.1515583e-06,6.697568e-09,2.8989934e-06,1.7675092e-08,4.7337085e-09
3.4160403e-06,6.816742e-09,3.4346883e-06,1.8177783e-08,4.893327e-09
4.213537e-06,7.005358e-09,5.40747e-06,1.8967969e-08,5.142968e-09
4.479254e-06,6.968304e-09,7.2644175e-06,1.8812578e-08,5.0935243e-09
4.2504203e-06,6.910652e-09,6.135355e-06,1.8570514e-08,5.0168687e-09
3.559414e-06,6.700718e-09,3.885238e-06,1.770517e-08,4.7453694e-09
2.8935606e-06,6.539153e-09,2.4578658e-06,1.70275e-08,4.531144e-09
2.5410104e-06,6.441894e-09,1.9103688e-06,1.6616314e-08,4.4007473e-09
2.640274e-06,6.5072987e-09,2.0816396e-06,1.688748e-08,4.4862003e-09
2.7115861e-06,6.5468213e-09,2.2011232e-06,1.7051182e-08,4.5377355e-09
3.2155385e-06,6.7312946e-09,3.0147655e-06,1.7814576e-08,4.777578e-09
3.4290672e-06,6.764644e-09,3.4056513e-06,1.7952212e-08,4.8206035e-09
3.2632029e-06,6.673636e-09,3.0703725e-06,1.7576717e-08,4.702616e-09
3.1847267e-06,6.675424e-09,2.9388605e-06,1.7583346e-08,4.7046864e-09
3.0522283e-06,6.632906e-09,2.702077e-06,1.740592e-08,4.6487183e-09
3.0251108e-06,6.6607497e-09,2.6776816e-06,1.75215e-08,4.6852833e-09
2.9031175e-06,6.586719e-09,2.4525648e-06,1.7215303e-08,4.588949e-09
3.1640702e-06,6.682551e-09,2.8998743e-06,1.7611956e-08,4.7136073e-09
3.1968812e-06,6.70308e-09,2.9692758e-06,1.7697246e-08,4.74051e-09
3.151748e-06,6.6619736e-09,2.8734044e-06,1.7526851e-08,4.6868056e-09
3.0532094e-06,6.654867e-09,2.710563e-06,1.749596e-08,4.676984e-09
2.8201312e-06,6.509693e-09,2.3061218e-06,1.690488e-08,4.492476e-09
2.6928578e-06,6.493174e-09,2.1440565e-06,1.6834052e-08,4.4699924e-09
2.551095e-06,6.4454806e-09,1.9391045e-06,1.6634493e-08,4.407e-09
2.6638477e-06,6.5073844e-09,2.12139e-06,1.6890041e-08,4.4873065e-09
2.551706e-06,6.4591306e-09,1.9469983e-06,1.6688562e-08,4.423699e-09
3.1273435e-06,6.704105e-09,2.8555355e-06,1.7703055e-08,4.742701e-09
2.916352e-06,6.5769066e-09,2.468842e-06,1.7180032e-08,4.5786424e-09
2.539712e-06,6.3795826e-09,1.9112367e-06,1.637913e-08,4.3291575e-09
2.2627964e-06,6.2633507e-09,1.5468293e-06,1.5899696e-08,4.178749e-09
2.3260545e-06,6.3342376e-09,1.674925e-06,1.6190114e-08,4.269856e-09
2.0271868e-06,6.1838143e-09,1.2549323e-06,1.5563668e-08,4.0723114e-09
2.2774484e-06,6.342143e-09,1.6137428e-06,1.6215479e-08,4.2768664e-09
2.6257985e-06,6.496612e-09,2.0563589e-06,1.6843448e-08,4.4723696e-09
2.8294808e-06,6.5637202e-09,2.3373425e-06,1.711793e-08,4.558019e-09
2.84316e-06,6.579406e-09,2.3685857e-06,1.7182668e-08,4.578389e-09
3.3261229e-06,6.7627255e-09,3.2119442e-06,1.7946014e-08,4.8190576e-09
2.821893e-06,6.5195125e-09,2.324314e-06,1.6951635e-08,4.5082045e-09
2.6549615e-06,6.456678e-09,2.0911828e-06,1.669068e-08,4.4260475e-09
2.462891e-06,6.368552e-09,1.8175567e-06,1.6327785e-08,4.312241e-09
2.3968064e-06,6.368163e-09,1.7481395e-06,1.6323392e-08,4.310608e-09
1.9900067e-06,6.1469385e-09,1.1890833e-06,1.5412366e-08,4.0248147e-09
2.131543e-06,6.2284977e-09,1.3512803e-06,1.5741268e-08,4.1268584e-09
2.0724306e-06,6.1944037e-09,1.2764991e-06,1.5601854e-08,4.0832813e-09
2.1942035e-06,6.276106e-09,1.4467464e-06,1.5935973e-08,4.1878137e-09
1.8520823e-06,6.042236e-09,1.0339037e-06,1.4994917e-08,3.8959005e-09
1.6348203e-06,5.858595e-09,8.234293e-07,1.4271241e-08,3.673765e-09
1.3471863e-06,5.6207257e-09,5.494016e-07,1.33300695e-08,3.3843648e-09
1.4471063e-06,5.7444978e-09,6.9842565e-07,1.3827448e-08,3.5389838e-09
1.3505861e-06,5.6757843e-09,5.7324553e-07,1.354241e-08,3.4492524e-09
1.2684558e-06,5.576298e-09,4.926497e-07,1.3153697e-08,3.330297e-09
1.3176233e-06,5.6190297e-09,5.162946e-07,1.3316406e-08,3.379218e-09
1.363466e-06,5.657135e-09,5.3435e-07,1.3460561e-08,3.4223877e-09
1.398841e-06,5.7239102e-09,5.993504e-07,1.3726711e-08,3.5049048e-09
1.4116874e-06,5.7339227e-09,6.055576e-07,1.3764405e-08,3.5161651e-09
1.381401e-06,5.680525e-09,5.5915297e-07,1.35543266e-08,3.4514875e-09
1.3153599e-06,5.6114695e-09,4.955595e-07,1.328275e-08,3.3681564e-09
1.3654173e-06,5.664876e-09,5.41673e-07,1.3491312e-08,3.4319232e-09
1.2794054e-06,5.60989e-09,4.46718e-07,1.32647076e-08,3.3609089e-09
1.1658517e-06,5.4920566e-09,3.4146444e-07,1.280154e-08,3.2188652e-09
1.2629938e-06,5.5893126e-09,4.1740535e-07,1.3180698e-08,3.3345582e-09
1.1793834e-06,5.487623e-09,3.5748778e-07,1.2788903e-08,3.2156187e-09
1.144816e-06,5.462764e-09,3.265824e-07,1.2689001e-08,3.184729e-09
1.1246804e-06,5.4532983e-09,3.07946e-07,1.26491635e-08,3.172187e-09
1.2195499e-06,5.551919e-09,3.8951117e-07,1.3035338e-08,3.290349e-09
1.321381e-06,5.65615e-09,5.0319926e-07,1.345061e-08,3.4186605e-09
1.2684864e-06,5.575642e-09,4.5276448e-07,1.3139452e-08,3.323874e-09
1.312989e-06,5.6240363e-09,4.9425535e-07,1.33286395e-08,3.381756e-09
1.4240657e-06,5.734735e-09,6.1966205e-07,1.3769366e-08,3.5178862e-09
1.3979924e-06,5.707119e-09,5.837729e-07,1.3658012e-08,3.4832506e-09
1.3683833e-06,5.688468e-09,5.484717e-07,1.3580555e-08,3.4588779e-09
1.6394779e-06,5.9194116e-09,7.901459e-07,1.4490814e-08,3.73815e-09
1.6616203e-06,5.928444e-09,8.0476303e-07,1.4526345e-08,3.7489714e-09
1.4578357e-06,5.74956e-09,6.038106e-07,1.3818867e-08,3.531385e-09
1.3713515e-06,5.66495e-09,5.239499e-07,1.3486382e-08,3.429443e-09
1.2232136e-06,5.524562e-09,3.9757037e-07,1.2935917e-08,3.2609497e-09
1.1588086e-06,5.48555e-09,3.333419e-07,1.2775299e-08,3.210712e-09
1.2227371e-06,5.5617653e-09,4.0921884e-07,1.3077846e-08,3.304111e-09
1.3960237e-06,5.724922e-09,5.782186e-07,1.3723716e-08,3.5028291e-09
1.4368427e-06,5.746609e-09,5.95179e-07,1.3806647e-08,3.5276906e-09
1.8534943e-06,6.084582e-09,1.0900458e-06,1.517129e-08,3.9519077e-09
2.0055322e-06,6.1718923e-09,1.2545506e-06,1.5521897e-08,4.060409e-09
2.0682637e-06,6.1996865e-09,1.3184599e-06,1.563305e-08,4.09468e-09
2.0531209e-06,6.1774212e-09,1.2843377e-06,1.554159e-08,4.065923e-09
2.1362357e-06,6.207085e-09,1.347209e-06,1.5657127e-08,4.1009596e-09
1.8252551e-06,6.0300294e-09,9.677532e-07,1.4933761e-08,3.874974e-09
1.9525496e-06,6.1423155e-09,1.1624547e-06,1.5393999e-08,4.01929e-09
2.3469033e-06,6.4036607e-09,1.7719401e-06,1.6481241e-08,4.362397e-09
2.5741974e-06,6.4846306e-09,2.0622192e-06,1.6810086e-08,4.464596e-09
2.7917004e-06,6.5436376e-09,2.3399675e-06,1.7047856e-08,4.5380872e-09
2.9662847e-06,6.568807e-09,2.5518082e-06,1.7146041e-08,4.5677466e-09
3.083635e-06,6.653274e-09,2.7967485e-06,1.749772e-08,4.6788124e-09
2.7334754e-06,6.535063e-09,2.1985732e-06,1.7000795e-08,4.5214925e-09
2.8461761e-06,6.5851706e-09,2.383493e-06,1.7208393e-08,4.586802e-09
3.0551596e-06,6.66155e-09,2.7306291e-06,1.7525227e-08,4.686476e-09
3.2307582e-06,6.6886e-09,3.010438e-06,1.7635577e-08,4.720735e-09
3.0493334e-06,6.6419723e-09,2.684189e-06,1.7440172e-08,4.659005e-09
2.8573284e-06,6.5390577e-09,2.3515347e-06,1.7017886e-08,4.526708e-09
2.8747047e-06,6.5835475e-09,2.417767e-06,1.7202556e-08,4.585023e-09
2.823808e-06,6.5735994e-09,2.3431219e-06,1.7160136e-08,4.5715587e-09
3.0023552e-06,6.6491164e-09,2.647767e-06,1.7474218e-08,4.670556e-09
2.9900511e-06,6.6289285e-09,2.614438e-06,1.7389976e-08,4.6438964e-09
3.3607112e-06,6.7433676e-09,3.2628818e-06,1.786277e-08,4.7922644e-09
3.374778e-06,6.759256e-09,3.2948901e-06,1.7929104e-08,4.8132542e-09
3.2269206e-06,6.679806e-09,2.9988646e-06,1.7600286e-08,4.709791e-09
2.9954113e-06,6.6051062e-09,2.5877257e-06,1.7289379e-08,4.611815e-09
2.8973095e-06,6.5644405e-09,2.4252981e-06,1.7121085e-08,4.5588977e-09
2.604086e-06,6.4468435e-09,1.97136e-06,1.6635276e-08,4.406335e-09
2.5069721e-06,6.4356747e-09,1.8536509e-06,1.6587178e-08,4.3910946e-09
2.4319475e-06,6.383208e-09,1.7347352e-06,1.6372468e-08,4.323884e-09
2.3821644e-06,6.3629706e-09,1.6708246e-06,1.6288901e-08,4.2976604e-09
2.5051813e-06,6.4412093e-09,1.8676267e-06,1.6612354e-08,4.399415e-09
3.01859e-06,6.6904304e-09,2.7254157e-06,1.7655115e-08,4.729169e-09
3.2814505e-06,6.769916e-09,3.2131788e-06,1.7986771e-08,4.833772e-09
3.2252392e-06,6.655228e-09,3.0507647e-06,1.7517193e-08,4.6865742e-09
3.5678686e-06,6.785274e-09,3.8085407e-06,1.8057332e-08,4.8566884e-09
3.9049537e-06,6.906714e-09,4.689234e-06,1.856736e-08,5.018252e-09
3.3271567e-06,6.7224684e-09,3.304652e-06,1.7793784e-08,4.77339e-09
2.9386083e-06,6.5763603e-09,2.5676206e-06,1.7185844e-08,4.58174e-09
3.4940645e-06,6.7721593e-09,3.6040356e-06,1.7994566e-08,4.835643e-09
2.9991502e-06,6.589942e-09,2.633415e-06,1.7239088e-08,4.5979434e-09
2.6380367e-06,6.483003e-09,2.0550337e-06,1.6788396e-08,4.4551527e-09
2.4560104e-06,6.3730123e-09,1.7816262e-06,1.6339648e-08,4.314949e-09
2.6363305e-06,6.481633e-09,2.0774519e-06,1.67876e-08,4.455679e-09
2.3486596e-06,6.353349e-09,1.6504407e-06,1.6254166e-08,4.2876107e-09
2.3364437e-06,6.330808e-09,1.6181417e-06,1.6161634e-08,4.258532e-09
2.3854655e-06,6.3790426e-09,1.7120599e-06,1.6360081e-08,4.3208885e-09
2.4161443e-06,6.3662426e-09,1.7201858e-06,1.6306767e-08,4.3038995e-09
2.2196386e-06,6.2780665e-09,1.4587563e-06,1.5942287e-08,4.1894257e-09
2.1221756e-06,6.21407e-09,1.3295082e-06,1.5682216e-08,4.108331e-09
1.8658645e-06,6.028864e-09,1.0445724e-06,1.4943964e-08,3.8804164e-09
1.787726e-06,6.0155276e-09,9.71587e-07,1.4884834e-08,3.8614623e-09
1.887545e-06,6.0954446e-09,1.1058585e-06,1.5209071e-08,3.962553e-09
1.9288013e-06,6.125651e-09,1.1574418e-06,1.5330723e-08,4.0003223e-09
1.8833282e-06,6.0763785e-09,1.0845629e-06,1.5131494e-08,3.938241e-09
1.957682e-06,6.1038428e-09,1.1270064e-06,1.5236804e-08,3.9698547e-09
1.8280359e-06,6.0291137e-09,9.80456e-07,1.4933164e-08,3.8752876e-09
1.6014347e-06,5.8659073e-09,7.326595e-07,1.427766e-08,3.6721772e-09
1.4611944e-06,5.7638765e-09,5.845061e-07,1.38666705e-08,3.5446774e-09
1.395095e-06,5.705999e-09,5.201637e-07,1.3637122e-08,3.4739895e-09
1.3954718e-06,5.7120673e-09,5.2418056e-07,1.36609035e-08,3.4813201e-09
1.4220461e-06,5.7447456e-09,5.597546e-07,1.3791218e-08,3.5216583e-09
1.5093528e-06,5.8175225e-09,6.45651e-07,1.4080651e-08,3.6108898e-09
1.564474e-06,5.8597807e-09,6.9977165e-07,1.4249133e-08,3.6628787e-09
1.6219506e-06,5.8981677e-09,7.4896485e-07,1.4401305e-08,3.7096397e-09
1.5736167e-06,5.8515286e-09,6.9518956e-07,1.4216093e-08,3.652513e-09
1.3837509e-06,5.68009e-09,5.233657e-07,1.3541822e-08,3.445764e-09
1.3635938e-06,5.6764993e-09,5.09485e-07,1.3525889e-08,3.4407093e-09
1.1325016e-06,5.43373e-09,3.414731e-07,1.2585621e-08,3.1547138e-09
1.2751746e-06,5.5973226e-09,5.263377e-07,1.3240854e-08,3.3579353e-09
1.2868371e-06,5.6051133e-09,5.2418176e-07,1.3268084e-08,3.3656784e-09
1.30529e-06,5.6115708e-09,5.178669e-07,1.3289169e-08,3.3712835e-09
1.183846e-06,5.488746e-09,4.0327154e-07,1.2805998e-08,3.2230592e-09
1.2197952e-06,5.5195932e-09,3.9919144e-07,1.291829e-08,3.255865e-09
9.361568e-07,5.2222084e-09,1.7019458e-07,1.1756718e-08,2.900953e-09
9.110547e-07,5.2054014e-09,1.489787e-07,1.1688521e-08,2.87982e-09
9.1617653e-07,5.2164393e-09,1.5204199e-07,1.1730159e-08,2.8923595e-09
9.828539e-07,5.2982596e-09,2.04271e-07,1.204741e-08,2.9889866e-09
9.780796e-07,5.288193e-09,1.9608912e-07,1.200788e-08,2.9768041e-09
1.0370633e-06,5.3542824e-09,2.1576344e-07,1.2257691e-08,3.051669e-09
1.0275792e-06,5.3454414e-09,2.089954e-07,1.22231345e-08,3.0411247e-09
9.602082e-07,5.2621356e-09,1.6748105e-07,1.19035555e-08,2.9443803e-09
9.432948e-07,5.249902e-09,1.5496794e-07,1.1854759e-08,2.9293803e-09
1.0345046e-06,5.359125e-09,2.3262584e-07,1.2280496e-08,3.0594252e-09
1.0182198e-06,5.3348455e-09,2.1721706e-07,1.2186398e-08,3.0307203e-09
9.962941e-07,5.307636e-09,1.9932673e-07,1.2080788e-08,2.9985263e-09
1.0389618e-06,5.3554623e-09,2.2131623e-07,1.2263638e-08,3.0537135e-09
1.1374664e-06,5.4689377e-09,3.1814739e-07,1.2709999e-08,3.1907519e-09
1.2069281e-06,5.545724e-09,3.9160204e-07,1.3013684e-08,3.2842518e-09
1.2576377e-06,5.5873945e-09,4.192667e-07,1.3174329e-08,3.33285e-09
1.2969517e-06,5.618068e-09,4.3979406e-07,1.3292429e-08,3.368541e-09
1.3846991e-06,5.699973e-09,5.1643786e-07,1.3614265e-08,3.4671606e-09
1.4619446e-06,5.7782095e-09,6.108057e-07,1.39277265e-08,3.5643288e-09
1.4076397e-06,5.7263296e-09,5.5087975e-07,1.37209915e-08,3.5004635e-09
1.6423975e-06,5.9285488e-09,8.2518545e-07,1.4534885e-08,3.753108e-09
1.5292011e-06,5.8010765e-09,7.1244597e-07,1.4036355e-08,3.600515e-09
1.6515435e-06,5.9114638e-09,8.62579e-07,1.4478802e-08,3.737627e-09
1.626211e-06,5.8957466e-09,8.2862573e-07,1.4412736e-08,3.7167087e-09
1.6651258e-06,5.917626e-09,8.544549e-07,1.4497408e-08,3.7423504e-09
1.6844831e-06,5.9553322e-09,8.922244e-07,1.4647817e-08,3.788975e-09
1.953889e-06,6.1352123e-09,1.1430647e-06,1.536072e-08,4.008139e-09
2.0041464e-06,6.1730328e-09,1.2121747e-06,1.5514692e-08,4.0562167e-09
2.3486057e-06,6.385201e-09,1.6983959e-06,1.638888e-08,4.3306416e-09
2.7282106e-06,6.5508257e-09,2.2145264e-06,1.7066936e-08,4.5425335e-09
2.584176e-06,6.4429444e-09,1.9680251e-06,1.662666e-08,4.404872e-09
2.6476523e-06,6.4674746e-09,2.0605828e-06,1.6726e-08,4.435722e-09
2.514882e-06,6.393609e-09,1.8628299e-06,1.6423574e-08,4.341086e-09
2.2022805e-06,6.256916e-09,1.4367058e-06,1.5858395e-08,4.1635557e-09
2.1770998e-06,6.276692e-09,1.4315392e-06,1.5938076e-08,4.188487e-09
2.3405546e-06,6.358148e-09,1.6359293e-06,1.6270192e-08,4.292087e-09
2.3894947e-06,6.384912e-09,1.7055975e-06,1.638004e-08,4.326494e-09
2.5390964e-06,6.4463737e-09,1.8980094e-06,1.6631333e-08,4.4049386e-09
2.7679416e-06,6.5460575e-09,2.2319869e-06,1.704182e-08,4.5336392e-09
2.8487834e-06,6.590112e-09,2.3718776e-06,1.7225045e-08,4.5914375e-09
2.881346e-06,6.583617e-09,2.4056183e-06,1.7198134e-08,4.5828785e-09
3.0009467e-06,6.6336527e-09,2.6094704e-06,1.74059e-08,4.648304e-09
3.1857335e-06,6.6988424e-09,2.9338257e-06,1.7676967e-08,4.7336925e-09
3.6272527e-06,6.876653e-09,3.844083e-06,1.842825e-08,4.972379e-09
3.5553467e-06,6.7971957e-09,3.7112964e-06,1.8097152e-08,4.8677795e-09
3.321431e-06,6.666026e-09,3.2313612e-06,1.755804e-08,4.698699e-09
3.065195e-06,6.5970847e-09,2.762803e-06,1.727037e-08,4.607962e-09
2.6954758e-06,6.4603585e-09,2.152754e-06,1.670517e-08,4.430431e-09
2.5749014e-06,6.49609e-09,2.021464e-06,1.6849294e-08,4.475614e-09
2.8728978e-06,6.632255e-09,2.516941e-06,1.741676e-08,4.654672e-09
3.4777022e-06,6.8240444e-09,3.6070583e-06,1.8212486e-08,4.9049125e-09
4.0043333e-06,6.935907e-09,4.939613e-06,1.8679218e-08,5.0520006e-09
4.589161e-06,6.9662924e-09,8.43949e-06,1.8801341e-08,5.089438e-09
4.021515e-06,6.8694987e-09,5.0835542e-06,1.8393973e-08,4.9604343e-09
3.918073e-06,6.889622e-09,4.6041096e-06,1.8478133e-08,4.9871702e-09
3.8608396e-06,6.8957697e-09,4.419336e-06,1.8503357e-08,4.995153e-09
3.6759184e-06,6.8340116e-09,3.9712263e-06,1.8243794e-08,4.9129354e-09
4.1567682e-06,6.967441e-09,5.2543537e-06,1.8805679e-08,5.0910227e-09
4.743596e-06,7.0734973e-09,7.762548e-06,1.925304e-08,5.232834e-09
4.8682473e-06,7.0780946e-09,8.947454e-06,1.9272283e-08,5.23887e-09
4.595177e-06,6.982598e-09,8.2063625e-06,1.8871459e-08,5.1119446e-09
4.703142e-06,6.9918498e-09,9.187738e-06,1.8909562e-08,5.123822e-09
4.0928326e-06,6.891425e-09,5.3254603e-06,1.8485895e-08,4.989525e-09
3.643236e-06,6.8083987e-09,3.8947574e-06,1.813537e-08,4.8784017e-09
3.6870335e-06,6.869286e-09,3.96392e-06,1.8392406e-08,4.960154e-09
3.5736418e-06,6.777115e-09,3.7377808e-06,1.801036e-08,4.839802e-09
3.3685346e-06,6.722379e-09,3.2989785e-06,1.7781161e-08,4.767365e-09
3.0485526e-06,6.596559e-09,2.6955972e-06,1.7261549e-08,4.6041517e-09
2.658506e-06,6.441829e-09,2.0717184e-06,1.6624995e-08,4.4046393e-09
2.435741e-06,6.4030568e-09,1.772389e-06,1.6457538e-08,4.351204e-09
2.2503873e-06,6.280329e-09,1.5094039e-06,1.5959127e-08,4.195838e-09
2.0553343e-06,6.176582e-09,1.2611764e-06,1.5533693e-08,4.0626906e-09
2.3571745e-06,6.38164e-09,1.7312179e-06,1.6383295e-08,4.330302e-09
2.3229418e-06,6.324173e-09,1.6466422e-06,1.6148494e-08,4.2567203e-09
2.2394217e-06,6.29894e-09,1.5449705e-06,1.6040914e-08,4.222503e-09
2.4404553e-06,6.3929013e-09,1.795433e-06,1.6421716e-08,4.340885e-09
2.3925563e-06,6.339754e-09,1.703537e-06,1.6204934e-08,4.273052e-09
1.9906693e-06,6.134919e-09,1.172551e-06,1.5361895e-08,4.008723e-09
2.0113316e-06,6.1465895e-09,1.1945414e-06,1.5408261e-08,4.0229917e-09
1.939986e-06,6.119425e-09,1.1172594e-06,1.5295935e-08,3.9877914e-09
1.7592351e-06,5.995342e-09,9.0211745e-07,1.4793777e-08,3.8315826e-09
1.897906e-06,6.1030323e-09,1.0844705e-06,1.5231702e-08,3.9682417e-09
1.7914641e-06,6.005282e-09,9.544647e-07,1.4841814e-08,3.8477217e-09
1.7185802e-06,5.9542233e-09,8.7260514e-07,1.4635635e-08,3.783664e-09
1.7629566e-06,6.006258e-09,9.441552e-07,1.4845894e-08,3.8491867e-09
1.7922788e-06,6.017539e-09,9.641949e-07,1.4889898e-08,3.862534e-09
1.6426329e-06,5.912814e-09,7.8859387e-07,1.4465169e-08,3.730274e-09
1.5130422e-06,5.7808895e-09,6.690614e-07,1.3949248e-08,3.572442e-09
1.4898576e-06,5.7709935e-09,6.478389e-07,1.3908002e-08,3.5594945e-09
1.4200036e-06,5.7337575e-09,5.75124e-07,1.3754178e-08,3.5112908e-09
1.4142729e-06,5.7331895e-09,5.687847e-07,1.3750662e-08,3.5100403e-09
1.3672172e-06,5.686673e-09,5.170442e-07,1.356566e-08,3.4529364e-09
1.3818741e-06,5.6867497e-09,5.114735e-07,1.3563663e-08,3.4517875e-09
1.3396491e-06,5.6527094e-09,4.7301688e-07,1.3428447e-08,3.4101506e-09
1.2968842e-06,5.6229217e-09,4.3401457e-07,1.33088776e-08,3.373176e-09
1.1072797e-06,5.418282e-09,2.9521863e-07,1.2516071e-08,3.131964e-09
1.0089095e-06,5.30879e-09,2.2302243e-07,1.2091639e-08,3.0028002e-09
1.1481118e-06,5.4710227e-09,3.696431e-07,1.2731963e-08,3.1997875e-09
1.1962627e-06,5.524134e-09,4.125988e-07,1.2939362e-08,3.2631955e-09
1.2182899e-06,5.547436e-09,4.2764344e-07,1.3029138e-08,3.2904202e-09
1.279656e-06,5.5976543e-09,4.4414224e-07,1.321825e-08,3.3468246e-09
1.2135587e-06,5.5108798e-09,3.948505e-07,1.2884271e-08,3.2454357e-09
1.0654395e-06,5.370357e-09,2.6240264e-07,1.2329918e-08,3.0752372e-09
1.0446752e-06,5.3613776e-09,2.449491e-07,1.2292111e-08,3.0633671e-09
9.909663e-07,5.3063856e-09,1.9726205e-07,1.2075524e-08,2.9969165e-09
1.0198507e-06,5.3411986e-09,2.1971854e-07,1.2210485e-08,3.0380156e-09
1.1028847e-06,5.431836e-09,2.6762686e-07,1.2558681e-08,3.1433842e-09
1.0658332e-06,5.3823657e-09,2.4048944e-07,1.2368313e-08,3.0855993e-09
1.0726571e-06,5.3967653e-09,2.4909872e-07,1.242401e-08,3.102608e-09
1.1374203e-06,5.469102e-09,3.0600194e-07,1.2706984e-08,3.1891902e-09
1.2396999e-06,5.5772205e-09,4.1023426e-07,1.3134712e-08,3.3208518e-09
1.3095092e-06,5.6418714e-09,4.7156368e-07,1.3389172e-08,3.398875e-09
1.5462554e-06,5.8518506e-09,6.979934e-07,1.42207925e-08,3.6547465e-09
1.4225577e-06,5.7158625e-09,5.881047e-07,1.3691133e-08,3.4930252e-09
1.4553697e-06,5.7496363e-09,6.207498e-07,1.3823557e-08,3.5336032e-09
1.2902893e-06,5.5933804e-09,4.6954992e-07,1.3209059e-08,3.345174e-09
1.2933046e-06,5.6074874e-09,4.744138e-07,1.3262723e-08,3.3614382e-09
1.3263109e-06,5.658628e-09,5.216729e-07,1.3465009e-08,3.423856e-09
1.3918237e-06,5.7060485e-09,5.512294e-07,1.3646298e-08,3.4783905e-09
1.4222303e-06,5.7373613e-09,5.837077e-07,1.3770039e-08,3.5164631e-09
1.5119531e-06,5.8056333e-09,6.4470305e-07,1.4035637e-08,3.5972683e-09
1.5348485e-06,5.8266214e-09,6.687758e-07,1.4118868e-08,3.622912e-09
1.3865965e-06,5.7006075e-09,5.170112e-07,1.36167255e-08,3.4678975e-09
1.5048599e-06,5.808154e-09,6.4246564e-07,1.4045141e-08,3.6001824e-09
1.614614e-06,5.9064043e-09,7.79447e-07,1.4441553e-08,3.7234429e-09
1.5779532e-06,5.8597447e-09,7.282336e-07,1.4255917e-08,3.6660528e-09
1.5645871e-06,5.847695e-09,7.1083457e-07,1.42069325e-08,3.650758e-09
1.7936597e-06,6.0287246e-09,9.740954e-07,1.4934972e-08,3.8765915e-09
1.9791655e-06,6.1654823e-09,1.2258768e-06,1.5493574e-08,4.051283e-09
2.031151e-06,6.19446e-09,1.2867899e-06,1.5610569e-08,4.0875996e-09
2.0988623e-06,6.2024537e-09,1.3193784e-06,1.563941e-08,4.0957358e-09
2.12539e-06,6.203266e-09,1.3327199e-06,1.564102e-08,4.095853e-09
2.3676198e-06,6.382874e-09,1.7350347e-06,1.6386922e-08,4.331172e-09
2.3801524e-06,6.389257e-09,1.7523901e-06,1.6411093e-08,4.338437e-09
2.5571392e-06,6.4745564e-09,2.0136501e-06,1.676225e-08,4.4485438e-09
2.7614024e-06,6.526469e-09,2.2558654e-06,1.6970574e-08,4.512757e-09
2.884697e-06,6.5458545e-09,2.4068584e-06,1.7047206e-08,4.536096e-09
2.7942265e-06,6.5661063e-09,2.2983431e-06,1.7129777e-08,4.562131e-09
2.9443906e-06,6.6291355e-09,2.54984e-06,1.7391551e-08,4.6445887e-09
3.0153014e-06,6.656295e-09,2.6736939e-06,1.7504249e-08,4.6800634e-09
3.366778e-06,6.7664456e-09,3.3089416e-06,1.7962176e-08,4.8242317e-09
3.956069e-06,6.9186603e-09,4.6535706e-06,1.859759e-08,5.0246642e-09
3.912419e-06,6.8886106e-09,4.580602e-06,1.8471454e-08,4.9846958e-09
3.5938783e-06,6.7620816e-09,3.810293e-06,1.7946881e-08,4.819567e-09
3.7009281e-06,6.8354753e-09,4.0430914e-06,1.8254779e-08,4.917123e-09
3.8561084e-06,6.9021793e-09,4.4297494e-06,1.8535523e-08,5.0061892e-09
3.6426848e-06,6.829639e-09,3.925673e-06,1.8229919e-08,4.909281e-09
4.2183474e-06,7.0228223e-09,5.411127e-06,1.9050663e-08,5.1706572e-09
4.547789e-06,6.9516677e-09,8.542368e-06,1.8753722e-08,5.0765436e-09
4.247753e-06,6.929336e-09,5.957817e-06,1.8657484e-08,5.0457936e-09
4.2434076e-06,6.980665e-09,5.6784415e-06,1.887338e-08,5.114347e-09
4.4170993e-06,6.9679382e-09,6.919e-06,1.8818433e-08,5.096582e-09
3.6340707e-06,6.8152275e-09,3.920999e-06,1.8169713e-08,4.890224e-09
4.169281e-06,6.9340356e-09,5.4482434e-06,1.8664476e-08,5.046064e-09
4.377889e-06,7.0041724e-09,6.089279e-06,1.896096e-08,5.1402758e-09
3.6166625e-06,6.7772903e-09,3.859763e-06,1.8014902e-08,4.8417994e-09
3.413043e-06,6.719388e-09,3.4145914e-06,1.7772866e-08,4.765343e-09
3.6362974e-06,6.8301045e-09,3.920839e-06,1.823761e-08,4.912596e-09
3.7017917e-06,6.8679125e-09,4.0887153e-06,1.8395585e-08,4.9625757e-09
3.0572173e-06,6.6220336e-09,2.7427723e-06,1.7375136e-08,4.6412887e-09
3.611697e-06,6.8278982e-09,3.8744547e-06,1.8234314e-08,4.9125126e-09
4.059626e-06,6.936093e-09,5.1261513e-06,1.8686457e-08,5.055238e-09
3.796008e-06,6.861657e-09,4.4106073e-06,1.8371317e-08,4.9551003e-09
3.8855324e-06,6.9179515e-09,4.6034393e-06,1.8608027e-08,5.030177e-09
4.8143247e-06,7.0365243e-09,9.318049e-06,1.9096671e-08,5.183036e-09
3.8793e-06,6.811633e-09,4.725267e-06,1.8159266e-08,4.8873896e-09
3.4092e-06,6.7186514e-09,3.4093396e-06,1.7768386e-08,4.7637014e-09
3.2227053e-06,6.66774e-09,3.0371575e-06,1.7555632e-08,4.6965507e-09
3.1399356e-06,6.7090653e-09,2.90004e-06,1.7727501e-08,4.7510187e-09
2.8186432e-06,6.5524093e-09,2.3309685e-06,1.7079426e-08,4.547222e-09
3.2012613e-06,6.707787e-09,3.003096e-06,1.7724602e-08,4.750381e-09
2.875412e-06,6.536573e-09,2.4272326e-06,1.702328e-08,4.5308823e-09
2.6843009e-06,6.4578956e-09,2.142152e-06,1.6698001e-08,4.428669e-09
2.4953415e-06,6.429957e-09,1.887119e-06,1.6575793e-08,4.3895e-09
2.6437383e-06,6.4892505e-09,2.0931293e-06,1.6817959e-08,4.4650768e-09
2.3441355e-06,6.3495724e-09,1.6443112e-06,1.6238426e-08,4.282641e-09
2.6388916e-06,6.492991e-09,2.0556317e-06,1.682647e-08,4.466644e-09
2.4754504e-06,6.375683e-09,1.801124e-06,1.635087e-08,4.318461e-09
2.3117861e-06,6.3204273e-09,1.5931744e-06,1.612051e-08,4.2459014e-09
1.9097006e-06,6.058597e-09,1.1177965e-06,1.5070354e-08,3.9207375e-09
1.8305229e-06,6.019436e-09,1.0307692e-06,1.4909272e-08,3.870313e-09
1.4741546e-06,5.756146e-09,6.3651316e-07,1.38512855e-08,3.5423828e-09
1.356064e-06,5.650862e-09,5.237014e-07,1.3434946e-08,3.4143703e-09
1.1709835e-06,5.4928795e-09,3.3306986e-07,1.2802114e-08,3.2185263e-09
1.1997977e-06,5.5235554e-09,3.5534978e-07,1.2921296e-08,3.2548444e-09
1.1196926e-06,5.451244e-09,2.7915743e-07,1.2633567e-08,3.1661216e-09
1.0224609e-06,5.3281886e-09,2.23745e-07,1.216346e-08,3.0241025e-09
1.2453102e-06,5.573078e-09,4.819367e-07,1.3140179e-08,3.3261898e-09
1.2550012e-06,5.574475e-09,4.7533769e-07,1.3142615e-08,3.326336e-09
1.2346779e-06,5.549495e-09,4.4614407e-07,1.3042164e-08,3.2951066e-09
1.083987e-06,5.371061e-09,3.495973e-07,1.2357197e-08,3.0876761e-09
1.0769061e-06,5.358549e-09,3.2647785e-07,1.2304268e-08,3.0707392e-09
9.618057e-07,5.264986e-09,1.9734452e-07,1.1922521e-08,2.9515879e-09
8.2690593e-07,5.086358e-09,1.3217905e-07,1.124372e-08,2.7471696e-09
8.449488e-07,5.1187907e-09,1.4292564e-07,1.136658e-08,2.784213e-09
8.569301e-07,5.1307323e-09,1.3726192e-07,1.1409157e-08,2.796464e-09
1.0219244e-06,5.3335967e-09,2.8291396e-07,1.22002675e-08,3.0382212e-09
9.782144e-07,5.282221e-09,2.3875782e-07,1.1998086e-08,2.9761398e-09
9.964955e-07,5.2962177e-09,2.2452016e-07,1.2045901e-08,2.9894358e-09
9.771168e-07,5.277864e-09,2.0695705e-07,1.1973096e-08,2.967035e-09
9.619603e-07,5.2544094e-09,1.9195615e-07,1.1882106e-08,2.939255e-09
8.30893e-07,5.1060303e-09,8.765726e-08,1.1303533e-08,2.7626263e-09
8.378786e-07,5.1189732e-09,9.256944e-08,1.1352761e-08,2.7775082e-09
7.985778e-07,5.059575e-09,7.866781e-08,1.11291785e-08,2.7104825e-09
8.248759e-07,5.100588e-09,9.80268e-08,1.128635e-08,2.7581342e-09
8.970384e-07,5.194077e-09,1.4394911e-07,1.1645183e-08,2.8668081e-09
8.908359e-07,5.1813385e-09,1.3611913e-07,1.15958825e-08,2.8517404e-09
8.682702e-07,5.1524633e-09,1.2045581e-07,1.1484644e-08,2.8179796e-09
8.6648254e-07,5.145303e-09,1.1314349e-07,1.1456145e-08,2.8090952e-09
8.7041354e-07,5.157501e-09,1.1677256e-07,1.1502232e-08,2.8230165e-09
8.267835e-07,5.10443e-09,8.7265924e-08,1.1297447e-08,2.7608489e-09
8.013901e-07,5.0668607e-09,7.554365e-08,1.1155184e-08,2.7180536e-09
8.286412e-07,5.1054467e-09,9.1741825e-08,1.130251e-08,2.7625733e-09
8.576295e-07,5.142562e-09,1.02929164e-07,1.1442986e-08,2.8047484e-09
8.969429e-07,5.1965863e-09,1.3479013e-07,1.1651882e-08,2.868337e-09
9.636545e-07,5.277642e-09,1.8060257e-07,1.1964566e-08,2.9632679e-09
1.1343327e-06,5.4706515e-09,3.1693043e-07,1.2716051e-08,3.1925484e-09
1.296184e-06,5.6335283e-09,4.709076e-07,1.3358806e-08,3.3900345e-09
1.3316491e-06,5.652875e-09,4.7902165e-07,1.3431472e-08,3.4115626e-09
1.3601634e-06,5.675992e-09,4.9960227e-07,1.3521654e-08,3.4390495e-09
1.552158e-06,5.8501106e-09,7.144895e-07,1.4218436e-08,3.6547336e-09
1.6288851e-06,5.912976e-09,8.0083396e-07,1.4470357e-08,3.732744e-09
1.5334232e-06,5.825263e-09,6.907562e-07,1.4120153e-08,3.624448e-09
1.5910875e-06,5.8629435e-09,7.309869e-07,1.42671555e-08,3.6692005e-09
1.7781083e-06,6.0141665e-09,9.537778e-07,1.4876358e-08,3.8583803e-09
1.7245416e-06,5.9797762e-09,8.897698e-07,1.4735756e-08,3.8144448e-09
1.8286665e-06,6.063537e-09,1.0280929e-06,1.5076115e-08,3.920632e-09
2.084656e-06,6.224339e-09,1.3241508e-06,1.5725867e-08,4.1224797e-09
2.067961e-06,6.1793157e-09,1.2698777e-06,1.5544185e-08,4.0658237e-09
2.2496843e-06,6.3171717e-09,1.5616129e-06,1.6113551e-08,4.2449533e-09
2.3575335e-06,6.356854e-09,1.6830147e-06,1.6273477e-08,4.2944546e-09
2.360226e-06,6.3572445e-09,1.684871e-06,1.6273837e-08,4.2943666e-09
2.186871e-06,6.2489214e-09,1.4419484e-06,1.583199e-08,4.156342e-09
2.5029076e-06,6.4212893e-09,1.8651268e-06,1.653472e-08,4.375668e-09
2.3771072e-06,6.376983e-09,1.6920295e-06,1.634905e-08,4.317029e-09
2.777279e-06,6.5928325e-09,2.3435914e-06,1.7250272e-08,4.601799e-09
3.0009514e-06,6.6569426e-09,2.694539e-06,1.7514713e-08,4.6846482e-09
3.3247388e-06,6.7173245e-09,3.2108044e-06,1.7759188e-08,4.760341e-09
3.2971402e-06,6.70709e-09,3.1612738e-06,1.7715992e-08,4.7466138e-09
3.340324e-06,6.7099832e-09,3.2462076e-06,1.7727265e-08,4.7499946e-09
2.8368659e-06,6.5493557e-09,2.3210391e-06,1.7056548e-08,4.538316e-09
2.715857e-06,6.5113794e-09,2.1410042e-06,1.6898671e-08,4.4886317e-09
2.7037995e-06,6.507421e-09,2.124098e-06,1.6882217e-08,4.4834527e-09
2.8117342e-06,6.5784436e-09,2.320939e-06,1.7178165e-08,4.576945e-09
2.908584e-06,6.6156725e-09,2.4781355e-06,1.7332757e-08,4.625619e-09
3.1833056e-06,6.7077877e-09,2.9421471e-06,1.7715227e-08,4.745969e-09
3.3147153e-06,6.731401e-09,3.1771551e-06,1.78131e-08,4.7766546e-09
3.6619956e-06,6.8418577e-09,3.9096512e-06,1.8275266e-08,4.922689e-09
4.10111e-06,6.9948225e-09,4.9982464e-06,1.8924826e-08,5.1295324e-09
4.2467273e-06,6.953189e-09,5.8015835e-06,1.8750134e-08,5.0740385e-09
4.329864e-06,6.960029e-09,6.20293e-06,1.8778106e-08,5.082716e-09
4.6490204e-06,7.0099455e-09,8.033083e-06,1.898696e-08,5.1486246e-09
4.527621e-06,6.993997e-09,7.2274133e-06,1.8919039e-08,5.127015e-09
4.004223e-06,6.9225883e-09,4.8220727e-06,1.8614065e-08,5.0298534e-09
5.0833887e-06,7.195577e-09,8.655519e-06,1.9780087e-08,5.402004e-09
6.616927e-06,7.3630755e-09,3.8446196e-05,2.0495857e-08,5.6302407e-09
8.8277975e-06,7.4137247e-09,1.8346369e-05,2.071043e-08,5.698129e-09
1.4477129e-05,7.5703595e-09,1.0288313e-05,2.1381954e-08,5.912459e-09
4.8072954e-05,7.632217e-09,3.3731023e-05,2.1645064e-08,5.9958825e-09
2.0345497e-05,7.538969e-09,1.5456555e-05,2.1241712e-08,5.866613e-09
1.5141256e-05,7.556068e-09,1.10170195e-05,2.1315156e-08,5.8902137e-09
2.1147664e-05,7.580083e-09,1.3894837e-05,2.1418256e-08,5.92307e-09
1.3226669e-05,7.400589e-09,1.0456002e-05,2.0650225e-08,5.677965e-09
8.734027e-06,7.2389703e-09,9.150748e-06,1.996409e-08,5.4597753e-09
6.513709e-06,7.1634347e-09,2.2997432e-05,1.9641508e-08,5.3570224e-09
4.9804294e-06,7.0642328e-09,1.0913945e-05,1.921539e-08,5.22096e-09
3.9130236e-06,6.8518924e-09,4.68478e-06,1.832106e-08,4.9375646e-09
3.6407164e-06,6.7935124e-09,3.9108054e-06,1.8076031e-08,4.8600626e-09
3.3326833e-06,6.688324e-09,3.2334196e-06,1.7639607e-08,4.7226854e-09
3.2520443e-06,6.720111e-09,3.0840956e-06,1.777172e-08,4.7645385e-09
3.1125037e-06,6.687885e-09,2.8287127e-06,1.7634905e-08,4.721083e-09
3.3452143e-06,6.7542607e-09,3.2578246e-06,1.7910917e-08,4.80797e-09
3.358177e-06,6.7407413e-09,3.2799749e-06,1.7854326e-08,4.7900057e-09
3.4819714e-06,6.747629e-09,3.527362e-06,1.7881936e-08,4.798397e-09
3.3040087e-06,6.7253816e-09,3.151285e-06,1.778773e-08,4.768585e-09
2.5871227e-06,6.391038e-09,2.0099124e-06,1.6435315e-08,4.3481725e-09
2.58157e-06,6.453153e-09,2.0821801e-06,1.6689965e-08,4.4282062e-09
2.725672e-06,6.5433383e-09,2.3512957e-06,1.706284e-08,4.5455484e-09
2.479739e-06,6.387423e-09,1.9411716e-06,1.6424211e-08,4.345612e-09
2.054929e-06,6.1469265e-09,1.3532486e-06,1.5443423e-08,4.039373e-09
2.2232848e-06,6.233063e-09,1.5115854e-06,1.578107e-08,4.1424695e-09
1.750758e-06,5.9514336e-09,9.3711117e-07,1.463873e-08,3.786835e-09
1.7062148e-06,5.975733e-09,9.148528e-07,1.473082e-08,3.8148804e-09
1.920339e-06,6.1306547e-09,1.1912763e-06,1.5360843e-08,4.0114077e-09
1.9985725e-06,6.152993e-09,1.2425536e-06,1.5447018e-08,4.037295e-09
1.7383397e-06,5.940094e-09,9.634784e-07,1.4603861e-08,3.7777874e-09
1.7242426e-06,5.919077e-09,9.294613e-07,1.4516187e-08,3.749994e-09
1.4789692e-06,5.7581593e-09,6.483859e-07,1.3861352e-08,3.545838e-09
1.3614025e-06,5.6862755e-09,5.1562677e-07,1.3564318e-08,3.4526095e-09
1.381627e-06,5.710508e-09,5.39197e-07,1.3660029e-08,3.4820764e-09
1.5261154e-06,5.830013e-09,6.616501e-07,1.4130412e-08,3.626234e-09
1.4216664e-06,5.7176455e-09,5.656582e-07,1.3691418e-08,3.4919811e-09
1.3941926e-06,5.694754e-09,5.381176e-07,1.3599947e-08,3.4637133e-09
1.3845104e-06,5.6988068e-09,5.338197e-07,1.3614593e-08,3.4681062e-09
1.4073709e-06,5.7286274e-09,5.6327815e-07,1.3732699e-08,3.5045447e-09
1.3337636e-06,5.6580203e-09,4.854757e-07,1.3452105e-08,3.4179952e-09
1.4671253e-06,5.7753553e-09,5.9953936e-07,1.3913382e-08,3.5593226e-09
1.558715e-06,5.852619e-09,6.940835e-07,1.4221266e-08,3.6543684e-09
1.278092e-06,5.563996e-09,5.071139e-07,1.3109391e-08,3.3171756e-09
1.2240686e-06,5.528367e-09,4.489682e-07,1.2963296e-08,3.2715306e-09
1.2277237e-06,5.5362794e-09,4.455078e-07,1.2991424e-08,3.2797003e-09
1.2126367e-06,5.532578e-09,4.2644e-07,1.29731585e-08,3.2735858e-09
1.0533425e-06,5.363237e-09,2.815953e-07,1.23089015e-08,3.0700975e-09
1.2349278e-06,5.5606897e-09,3.948117e-07,1.3069e-08,3.3004453e-09
1.1802881e-06,5.504125e-09,3.4527147e-07,1.284684e-08,3.23235e-09
1.1580108e-06,5.482346e-09,3.2466517e-07,1.2760821e-08,3.205919e-09
9.546652e-07,5.2368225e-09,2.1492907e-07,1.18233014e-08,2.9229028e-09
9.195571e-07,5.1928146e-09,1.9047243e-07,1.165369e-08,2.8714249e-09
7.4284776e-07,4.9663145e-09,9.39299e-08,1.0788796e-08,2.6103273e-09
6.747657e-07,4.8777355e-09,5.4574617e-08,1.0449794e-08,2.5078906e-09
6.4784075e-07,4.8499764e-09,2.9649891e-08,1.0339626e-08,2.4740139e-09
7.186607e-07,4.955916e-09,4.968061e-08,1.0737222e-08,2.592915e-09
9.03532e-07,5.197109e-09,2.1530369e-07,1.1677224e-08,2.8801526e-09
1.1616822e-06,5.4946256e-09,4.1327473e-07,1.2831293e-08,3.2315226e-09
1.1826389e-06,5.5001066e-09,3.9612826e-07,1.2846458e-08,3.2348542e-09
1.1199534e-06,5.415826e-09,3.4932793e-07,1.252214e-08,3.136399e-09
1.0918448e-06,5.3820965e-09,3.2114264e-07,1.2389564e-08,3.0957104e-09
1.010294e-06,5.3122604e-09,2.411622e-07,1.2109893e-08,3.009251e-09
8.744072e-07,5.165864e-09,1.1684142e-07,1.1533152e-08,2.832209e-09
9.466971e-07,5.256524e-09,1.7067686e-07,1.1883724e-08,2.9388265e-09
1.0718577e-06,5.401461e-09,2.5876454e-07,1.244418e-08,3.1091656e-09
1.0240425e-06,5.333334e-09,2.2752536e-07,1.2183665e-08,3.0303393e-09
1.1901817e-06,5.5199996e-09,4.109588e-07,1.2924501e-08,3.258881e-09
1.1489404e-06,5.4596363e-09,3.69998e-07,1.2690075e-08,3.187299e-09
1.1611551e-06,5.4761737e-09,3.7565127e-07,1.2752375e-08,3.2059884e-09
1.2113462e-06,5.5345835e-09,4.2462776e-07,1.298112e-08,3.276064e-09
1.3962353e-06,5.711845e-09,5.708386e-07,1.3672529e-08,3.4870542e-09
1.4958692e-06,5.8144347e-09,7.0550755e-07,1.4086524e-08,3.615891e-09
1.638768e-06,5.9141025e-09,7.9569446e-07,1.4472686e-08,3.733033e-09
1.7405475e-06,5.9837815e-09,8.9173375e-07,1.4749645e-08,3.8183106e-09
1.8813089e-06,6.0873466e-09,1.0616952e-06,1.5168268e-08,3.9484886e-09
2.0714733e-06,6.2148793e-09,1.3066945e-06,1.5687798e-08,4.1106647e-09
2.0362086e-06,6.1908185e-09,1.2559059e-06,1.5588618e-08,4.079515e-09
2.5163972e-06,6.471674e-09,1.9388067e-06,1.6747098e-08,4.4433293e-09
2.5332897e-06,6.4272423e-09,1.9052604e-06,1.6564865e-08,4.385996e-09
2.385136e-06,6.3341083e-09,1.6927722e-06,1.6184947e-08,4.267289e-09
2.337944e-06,6.330204e-09,1.6486538e-06,1.6166805e-08,4.2613855e-09
2.3293371e-06,6.3220695e-09,1.6322301e-06,1.613208e-08,4.2502832e-09
2.1142978e-06,6.2391523e-09,1.3455297e-06,1.5783188e-08,4.1398427e-09
2.3162108e-06,6.3514602e-09,1.6100769e-06,1.6242687e-08,4.2835033e-09
2.5513082e-06,6.459879e-09,1.9194952e-06,1.6686325e-08,4.422129e-09
3.1849002e-06,6.7778e-09,3.0538986e-06,1.8030887e-08,4.849648e-09
4.034553e-06,6.9983024e-09,4.9445985e-06,1.8953932e-08,5.1411537e-09
4.777843e-06,7.066268e-09,8.837513e-06,1.9235323e-08,5.229235e-09
5.3131726e-06,7.0709305e-09,3.0427324e-05,1.9252429e-08,5.2339932e-09
5.561662e-06,7.0437323e-09,0.0008903854,1.9136696e-08,5.196952e-09
4.0912632e-06,6.894558e-09,5.306949e-06,1.849955e-08,4.9939306e-09
3.5877008e-06,6.804299e-09,3.748603e-06,1.8117131e-08,4.872512e-09
3.3823542e-06,6.7417005e-09,3.3021904e-06,1.7855358e-08,4.7898236e-09
3.3981519e-06,6.758536e-09,3.337364e-06,1.792569e-08,4.8120725e-09
3.8003475e-06,6.9027877e-09,4.2288566e-06,1.853413e-08,5.0051776e-09
4.073676e-06,6.9599535e-09,5.002713e-06,1.8774843e-08,5.081426e-09
4.082849e-06,6.910475e-09,5.224012e-06,1.8567727e-08,5.015809e-09
4.5426923e-06,7.0144868e-09,6.997784e-06,1.9005125e-08,5.1543014e-09
5.0802237e-06,7.1207906e-09,1.020828e-05,1.9455468e-08,5.2974323e-09
4.7837166e-06,7.054971e-09,8.607096e-06,1.9176008e-08,5.208524e-09
4.0834007e-06,6.8585884e-09,5.5875744e-06,1.8357966e-08,4.950527e-09
4.1177773e-06,6.881935e-09,5.5666555e-06,1.8454095e-08,4.9806657e-09
3.9249203e-06,6.893951e-09,4.6836967e-06,1.8502988e-08,4.996105e-09
3.7103305e-06,6.872901e-09,4.0722684e-06,1.841141e-08,4.9667808e-09
4.0567274e-06,6.982091e-09,4.9703795e-06,1.8873928e-08,5.1138507e-09
4.7641847e-06,7.029861e-09,9.004718e-06,1.9069763e-08,5.1747158e-09
5.1014067e-06,7.0904997e-09,1.1804432e-05,1.9325618e-08,5.255839e-09
4.8396023e-06,7.0296995e-09,9.99183e-06,1.9068956e-08,5.174383e-09
4.835839e-06,7.0601653e-09,8.908131e-06,1.9197609e-08,5.215284e-09
4.58272e-06,7.045407e-09,6.9673642e-06,1.9133752e-08,5.194897e-09
4.795755e-06,7.027471e-09,9.432402e-06,1.9058179e-08,5.1707727e-09
4.330044e-06,6.941261e-09,6.335601e-06,1.8694895e-08,5.0556217e-09
3.84781e-06,6.7956405e-09,4.6639234e-06,1.8090692e-08,4.8654187e-09
3.2694898e-06,6.6737647e-09,3.112676e-06,1.7579143e-08,4.703667e-09
3.4643526e-06,6.8415735e-09,3.5371413e-06,1.829286e-08,4.9314695e-09
3.8165435e-06,6.9267e-09,4.3859363e-06,1.8650049e-08,5.044433e-09
3.837499e-06,6.864367e-09,4.5776546e-06,1.8388466e-08,4.9614304e-09
4.3142086e-06,6.931769e-09,6.521527e-06,1.8665613e-08,5.0480127e-09
4.6128825e-06,6.968508e-09,8.850303e-06,1.8817152e-08,5.0954485e-09
3.3843344e-06,6.7074537e-09,3.3353485e-06,1.7719426e-08,4.7478927e-09
3.282714e-06,6.743302e-09,3.1390346e-06,1.7868693e-08,4.7952247e-09
3.4285915e-06,6.7701835e-09,3.4304971e-06,1.7979955e-08,4.8301168e-09
3.3524436e-06,6.736649e-09,3.2778796e-06,1.7839465e-08,4.7856625e-09
2.9189819e-06,6.5552155e-09,2.4787885e-06,1.7092129e-08,4.551202e-09
3.0486292e-06,6.6137207e-09,2.7167189e-06,1.7332447e-08,4.626484e-09
2.4652336e-06,6.3728223e-09,1.7909476e-06,1.63389e-08,4.31469e-09
2.4932397e-06,6.4321606e-09,1.8811782e-06,1.6583867e-08,4.3918824e-09
2.260465e-06,6.296391e-09,1.5435457e-06,1.6027387e-08,4.217669e-09
2.2175814e-06,6.254912e-09,1.4730324e-06,1.5858074e-08,4.1646775e-09
1.9986305e-06,6.1387757e-09,1.1965664e-06,1.5381811e-08,4.0156283e-09
1.8661881e-06,6.0340417e-09,1.0419957e-06,1.4963208e-08,3.8861643e-09
1.4563433e-06,5.7405827e-09,5.9440396e-07,1.3782472e-08,3.5199743e-09
1.5216899e-06,5.817244e-09,6.875804e-07,1.4090258e-08,3.6155752e-09
1.7514403e-06,6.015133e-09,1.0065727e-06,1.4898143e-08,3.8683114e-09
1.6939064e-06,5.9520784e-09,9.1805674e-07,1.4643176e-08,3.788868e-09
1.7257644e-06,5.9585576e-09,9.267871e-07,1.4665699e-08,3.795114e-09
1.9549311e-06,6.1150516e-09,1.1560298e-06,1.5287545e-08,3.986625e-09
1.8881522e-06,6.0741328e-09,1.075043e-06,1.5120566e-08,3.934492e-09
1.6174805e-06,5.8911658e-09,7.5352887e-07,1.4376844e-08,3.7026462e-09
1.6636754e-06,5.926217e-09,8.0103973e-07,1.4516658e-08,3.74581e-09
1.6912759e-06,5.9443166e-09,8.265416e-07,1.4588603e-08,3.7679593e-09
1.5762772e-06,5.859633e-09,7.014187e-07,1.424798e-08,3.6623398e-09
1.4427196e-06,5.7431984e-09,5.686706e-07,1.3786329e-08,3.5201788e-09
1.3193887e-06,5.6219656e-09,4.6362757e-07,1.33122455e-08,3.37522e-09
1.2062603e-06,5.522143e-09,3.60326e-07,1.2917069e-08,3.2536915e-09
1.088756e-06,5.4070965e-09,2.5884643e-07,1.2464771e-08,3.1150558e-09
1.0646414e-06,5.3908407e-09,2.394123e-07,1.2399443e-08,3.0948843e-09
9.509418e-07,5.248231e-09,1.7464501e-07,1.18542225e-08,2.9301361e-09
9.1380826e-07,5.2015574e-09,1.5123977e-07,1.1675031e-08,2.8758675e-09
9.4201266e-07,5.2437237e-09,1.753211e-07,1.1837736e-08,2.9253824e-09
1.0692768e-06,5.3943587e-09,2.9599454e-07,1.2428459e-08,3.106442e-09
1.0671123e-06,5.390792e-09,2.870918e-07,1.24126505e-08,3.1012704e-09
1.1715242e-06,5.5001914e-09,3.4239352e-07,1.2831661e-08,3.2278078e-09
1.2125354e-06,5.535359e-09,3.5824854e-07,1.2965487e-08,3.2679925e-09
1.3127053e-06,5.639925e-09,4.631151e-07,1.3379758e-08,3.3956211e-09
1.1992146e-06,5.52576e-09,3.588961e-07,1.2930691e-08,3.257873e-09
1.178573e-06,5.5016356e-09,3.3873124e-07,1.2836001e-08,3.2288323e-09
1.1656698e-06,5.4893463e-09,3.2668947e-07,1.2787311e-08,3.2138487e-09
1.2946065e-06,5.623516e-09,4.566964e-07,1.3317779e-08,3.3770742e-09
1.1829479e-06,5.5120273e-09,3.4994537e-07,1.2877739e-08,3.2418501e-09
1.2779014e-06,5.6070375e-09,4.3334467e-07,1.3250611e-08,3.3560636e-09
1.2069053e-06,5.521617e-09,3.755425e-07,1.2919555e-08,3.2552274e-09
1.2616078e-06,5.581412e-09,4.267588e-07,1.315389e-08,3.3270127e-09
1.2436979e-06,5.5756595e-09,4.1038876e-07,1.3128693e-08,3.3189649e-09
1.2097048e-06,5.5301665e-09,3.762051e-07,1.2951265e-08,3.2646876e-09
1.0446156e-06,5.3471894e-09,2.5638536e-07,1.2242895e-08,3.0492404e-09
1.1259167e-06,5.4410783e-09,3.176436e-07,1.2606418e-08,3.1598468e-09
1.1212675e-06,5.445897e-09,3.1375006e-07,1.2623341e-08,3.1648015e-09
1.0560267e-06,5.3786553e-09,2.525756e-07,1.2358072e-08,3.0833152e-09
1.1847249e-06,5.518294e-09,3.7141166e-07,1.2906595e-08,3.2514955e-09
1.2183591e-06,5.5410103e-09,3.7256123e-07,1.2990407e-08,3.2760985e-09
1.3293995e-06,5.657135e-09,4.966634e-07,1.34525e-08,3.418812e-09
1.2870471e-06,5.6092633e-09,4.513487e-07,1.32636e-08,3.3607153e-09
1.3648689e-06,5.6815477e-09,5.177624e-07,1.354709e-08,3.447485e-09
1.3764302e-06,5.6985585e-09,5.3178013e-07,1.3613715e-08,3.4679257e-09
1.6064636e-06,5.896715e-09,7.687653e-07,1.4402933e-08,3.7114978e-09
1.4559785e-06,5.7589586e-09,6.099227e-07,1.3856182e-08,3.5429855e-09
1.4890278e-06,5.7803247e-09,6.2969997e-07,1.3938794e-08,3.5679961e-09
1.6755848e-06,5.9452203e-09,8.670176e-07,1.46054315e-08,3.775493e-09
1.6022561e-06,5.8731597e-09,7.769142e-07,1.4317578e-08,3.6864285e-09
1.6011332e-06,5.887001e-09,7.825921e-07,1.4370899e-08,3.7027017e-09
1.939754e-06,6.138317e-09,1.1877306e-06,1.5386584e-08,4.018486e-09
1.9882668e-06,6.1415415e-09,1.206874e-06,1.5396658e-08,4.020922e-09
1.8691442e-06,6.068606e-09,1.0584383e-06,1.5098193e-08,3.927581e-09
2.163706e-06,6.2589813e-09,1.4202417e-06,1.5869812e-08,4.1677604e-09
2.2073098e-06,6.277477e-09,1.4687415e-06,1.5944305e-08,4.1908312e-09
2.1297844e-06,6.244922e-09,1.3701346e-06,1.5808627e-08,4.148079e-09
2.6181424e-06,6.519335e-09,2.0877874e-06,1.6944107e-08,4.50522e-09
2.7281776e-06,6.5193317e-09,2.1915923e-06,1.6941735e-08,4.503831e-09
2.6757675e-06,6.4947066e-09,2.114752e-06,1.683889e-08,4.471336e-09
3.0955584e-06,6.688664e-09,2.8412048e-06,1.7647606e-08,4.726619e-09
3.1512145e-06,6.6630066e-09,2.9125415e-06,1.7540188e-08,4.6924686e-09
2.98216e-06,6.6380155e-09,2.6258951e-06,1.743232e-08,4.6580215e-09
3.14239e-06,6.6615384e-09,2.8709912e-06,1.752764e-08,4.6874824e-09
2.8717773e-06,6.5208523e-09,2.4015746e-06,1.6952665e-08,4.5077204e-09
2.8615646e-06,6.6050205e-09,2.4609292e-06,1.730431e-08,4.6192126e-09
3.4741142e-06,6.847359e-09,3.6420138e-06,1.8323183e-08,4.9420636e-09
3.553197e-06,6.827127e-09,3.8570583e-06,1.823604e-08,4.913987e-09
4.013944e-06,6.9249473e-09,5.148147e-06,1.8643282e-08,5.0421853e-09
4.955911e-06,7.01677e-09,1.3899806e-05,1.9016973e-08,5.1582036e-09
4.503973e-06,6.9861574e-09,7.108926e-06,1.8886162e-08,5.116599e-09
3.4158431e-06,6.709542e-09,3.3967513e-06,1.7731745e-08,4.752324e-09
3.3402616e-06,6.7137336e-09,3.260686e-06,1.7747958e-08,4.7573354e-09
3.1813154e-06,6.6920096e-09,2.9602593e-06,1.7655049e-08,4.7278035e-09
3.2899575e-06,6.739913e-09,3.1788265e-06,1.7854788e-08,4.7908717e-09
2.9199643e-06,6.587449e-09,2.4916437e-06,1.7221279e-08,4.5912794e-09
3.8531334e-06,6.94851e-09,4.3653654e-06,1.8745201e-08,5.075092e-09
3.8264975e-06,6.8605455e-09,4.458135e-06,1.8377081e-08,4.958538e-09
3.5930557e-06,6.7675736e-09,3.9198167e-06,1.7988205e-08,4.8355773e-09
3.663468e-06,6.8323827e-09,4.0780064e-06,1.825862e-08,4.921057e-09
4.4758212e-06,7.0159887e-09,6.784707e-06,1.9025876e-08,5.1632165e-09
3.8184735e-06,6.9056276e-09,4.35797e-06,1.8550494e-08,5.0110867e-09
4.248097e-06,6.9568435e-09,5.824102e-06,1.876306e-08,5.077752e-09
4.371289e-06,6.9074466e-09,7.2713046e-06,1.8556943e-08,5.0124696e-09
3.8318462e-06,6.8213573e-09,4.4995877e-06,1.8194585e-08,4.8977546e-09
3.184832e-06,6.654398e-09,2.9300359e-06,1.7495891e-08,4.677045e-09
2.9393318e-06,6.5985857e-09,2.5026006e-06,1.7261225e-08,4.6028465e-09
2.8184702e-06,6.5652825e-09,2.3114812e-06,1.7121776e-08,4.55883e-09
2.5942027e-06,6.434275e-09,1.9578795e-06,1.6587544e-08,4.39197e-09
2.5866875e-06,6.4639787e-09,1.983219e-06,1.6709564e-08,4.4303636e-09
2.8727168e-06,6.6093198e-09,2.46354e-06,1.7314699e-08,4.6213e-09
2.9453195e-06,6.6294596e-09,2.581399e-06,1.7397406e-08,4.647169e-09
3.0113429e-06,6.6437464e-09,2.6877028e-06,1.745586e-08,4.665379e-09
3.4384072e-06,6.7548247e-09,3.4252657e-06,1.791092e-08,4.80746e-09
3.211306e-06,6.660736e-09,2.9716823e-06,1.7521673e-08,4.6850674e-09
2.6345515e-06,6.4379533e-09,2.0132393e-06,1.6604174e-08,4.397347e-09
2.7420215e-06,6.5412253e-09,2.245566e-06,1.7034637e-08,4.533463e-09
2.485061e-06,6.401433e-09,1.8468498e-06,1.6460314e-08,4.3534687e-09
2.5707654e-06,6.476245e-09,2.0182292e-06,1.6769972e-08,4.451039e-09
2.5149986e-06,6.4197536e-09,1.9094798e-06,1.6537438e-08,4.377967e-09
2.4889312e-06,6.3734777e-09,1.8410193e-06,1.6347695e-08,4.3183865e-09
2.1079775e-06,6.1992442e-09,1.3260354e-06,1.5627434e-08,4.0921204e-09
2.2610707e-06,6.3004575e-09,1.5418868e-06,1.6040538e-08,4.221232e-09
2.116778e-06,6.241859e-09,1.3530641e-06,1.5795186e-08,4.1437547e-09
2.1115893e-06,6.2256174e-09,1.3327493e-06,1.5728842e-08,4.122936e-09
1.9533445e-06,6.0949867e-09,1.139998e-06,1.5207588e-08,3.9618206e-09
1.9752933e-06,6.119879e-09,1.1755891e-06,1.5306973e-08,3.9925885e-09
1.7877267e-06,6.006773e-09,9.509543e-07,1.4845964e-08,3.8487427e-09
1.8144704e-06,6.0493917e-09,1.0046911e-06,1.5018372e-08,3.9025494e-09
1.9827517e-06,6.171705e-09,1.234446e-06,1.5518586e-08,4.059064e-09
2.1468838e-06,6.2451333e-09,1.3817462e-06,1.5810052e-08,4.148548e-09
1.9260174e-06,6.079678e-09,1.117959e-06,1.5148109e-08,3.943747e-09
1.9627764e-06,6.107533e-09,1.1622628e-06,1.5258651e-08,3.9777994e-09
1.7914113e-06,6.0024687e-09,9.602832e-07,1.4831684e-08,3.844771e-09
1.4038683e-06,5.6918084e-09,5.717018e-07,1.35975675e-08,3.4644627e-09
1.266635e-06,5.575897e-09,4.3546848e-07,1.3135568e-08,3.3218697e-09
1.2372046e-06,5.5476974e-09,4.068665e-07,1.3023825e-08,3.2874725e-09
1.1003688e-06,5.4199747e-09,2.7735382e-07,1.2517526e-08,3.1316199e-09
1.1947078e-06,5.5326455e-09,3.9354615e-07,1.2966581e-08,3.270545e-09
1.3670746e-06,5.6967986e-09,5.3891864e-07,1.3609997e-08,3.4674095e-09
1.2832596e-06,5.595857e-09,4.637478e-07,1.32173605e-08,3.3475591e-09
1.2972523e-06,5.6073914e-09,4.6858332e-07,1.3260671e-08,3.3604692e-09
1.3761048e-06,5.682996e-09,5.3575343e-07,1.3556459e-08,3.4509129e-09
1.3265391e-06,5.6525415e-09,4.847642e-07,1.3431737e-08,3.411973e-09
1.2651108e-06,5.5960445e-09,4.2080808e-07,1.32064795e-08,3.3423988e-09
1.314789e-06,5.635412e-09,4.457898e-07,1.3357816e-08,3.3881002e-09
1.2798945e-06,5.598246e-09,4.1368526e-07,1.3212077e-08,3.3434504e-09
1.3759422e-06,5.700945e-09,5.3048075e-07,1.3622778e-08,3.470665e-09
1.3815968e-06,5.706889e-09,5.343971e-07,1.3645518e-08,3.47754e-09
1.3821924e-06,5.7000236e-09,5.2725443e-07,1.3617755e-08,3.4688261e-09
1.3719143e-06,5.6824687e-09,5.1018026e-07,1.3548047e-08,3.4472603e-09
1.3460342e-06,5.651352e-09,4.8188116e-07,1.34255025e-08,3.4095933e-09
1.1628669e-06,5.4802456e-09,3.174587e-07,1.27508395e-08,3.2024725e-09
1.2456198e-06,5.579012e-09,4.1962608e-07,1.3144234e-08,3.3241454e-09
1.2588772e-06,5.5902034e-09,4.2751228e-07,1.318729e-08,3.3371714e-09
1.3361288e-06,5.6635243e-09,4.9978365e-07,1.3476516e-08,3.425994e-09
1.4843126e-06,5.795293e-09,6.469743e-07,1.3999462e-08,3.5870849e-09
1.6503916e-06,5.923573e-09,7.903856e-07,1.4505182e-08,3.7421755e-09
1.6022786e-06,5.886038e-09,7.3601836e-07,1.4354115e-08,3.6953025e-09
1.6097049e-06,5.8822724e-09,7.3409046e-07,1.4338742e-08,3.6904095e-09
1.5178449e-06,5.80067e-09,6.414971e-07,1.40155265e-08,3.5909136e-09
1.5409188e-06,5.836422e-09,6.808801e-07,1.4158615e-08,3.6353338e-09
1.5315723e-06,5.832238e-09,6.717343e-07,1.4141157e-08,3.6298486e-09
1.4442949e-06,5.748852e-09,5.811571e-07,1.3810956e-08,3.5281815e-09
1.4837487e-06,5.7860543e-09,6.232291e-07,1.3958642e-08,3.5737115e-09
1.6148679e-06,5.8951106e-09,7.597995e-07,1.4393421e-08,3.707959e-09
1.4651346e-06,5.7654823e-09,6.036e-07,1.3877831e-08,3.5489187e-09
1.40929e-06,5.7186775e-09,5.467168e-07,1.3691029e-08,3.491212e-09
1.4944958e-06,5.794039e-09,6.2989267e-07,1.3989502e-08,3.583064e-09
1.4013763e-06,5.709594e-09,5.371043e-07,1.3654918e-08,3.4800602e-09
1.2983439e-06,5.6224962e-09,4.345618e-07,1.3307434e-08,3.3727523e-09
1.4625575e-06,5.778057e-09,6.150004e-07,1.3928494e-08,3.5647878e-09
1.6577536e-06,5.942327e-09,8.4634206e-07,1.4590513e-08,3.7704178e-09
1.7285746e-06,5.9897074e-09,9.1984924e-07,1.4780327e-08,3.8291104e-09
1.9090144e-06,6.1057888e-09,1.1011134e-06,1.5243966e-08,3.972221e-09
2.201819e-06,6.2843695e-09,1.4472655e-06,1.5966723e-08,4.1969477e-09
2.1966e-06,6.269465e-09,1.4282612e-06,1.5905883e-08,4.177874e-09
2.0662708e-06,6.1873444e-09,1.2593835e-06,1.55719e-08,4.073713e-09
2.1285139e-06,6.2296337e-09,1.3434149e-06,1.57439e-08,4.127371e-09
2.2435952e-06,6.3042114e-09,1.5053417e-06,1.6049324e-08,4.222987e-09
2.0949542e-06,6.2134875e-09,1.3048971e-06,1.5678543e-08,4.1070782e-09
2.1818312e-06,6.2682495e-09,1.4220218e-06,1.5902101e-08,4.17693e-09
2.1784222e-06,6.247342e-09,1.3983125e-06,1.5816962e-08,4.1502477e-09
1.9477204e-06,6.0946364e-09,1.1220184e-06,1.5202229e-08,3.959527e-09
2.0259822e-06,6.184021e-09,1.2687508e-06,1.55691e-08,4.074748e-09
2.1457913e-06,6.2533267e-09,1.418977e-06,1.5850475e-08,4.1623807e-09
2.2410547e-06,6.3163466e-09,1.5594294e-06,1.6108796e-08,4.243298e-09
2.5292602e-06,6.461279e-09,1.9611098e-06,1.670382e-08,4.429605e-09
2.6716061e-06,6.4718595e-09,2.0728123e-06,1.6741863e-08,4.440314e-09
2.5153442e-06,6.4160015e-09,1.8578401e-06,1.6510086e-08,4.367415e-09
2.5853499e-06,6.4604304e-09,1.973637e-06,1.6692852e-08,4.4247725e-09
2.6478724e-06,6.5057244e-09,2.0855514e-06,1.6880213e-08,4.4837654e-09
2.4596493e-06,6.4061867e-09,1.7947573e-06,1.6469464e-08,4.3547557e-09
2.685598e-06,6.5054206e-09,2.1092762e-06,1.6875992e-08,4.4818584e-09
3.231385e-06,6.764979e-09,3.0917568e-06,1.7968283e-08,4.828288e-09
3.5609096e-06,6.8442105e-09,3.770805e-06,1.8298561e-08,4.9323514e-09
3.4576246e-06,6.7579187e-09,3.5628627e-06,1.7939218e-08,4.818866e-09
3.5923122e-06,6.750719e-09,3.888975e-06,1.7906766e-08,4.808025e-09
3.3596984e-06,6.6723898e-09,3.3660845e-06,1.7581709e-08,4.705683e-09
2.8243503e-06,6.556273e-09,2.3292587e-06,1.7088016e-08,4.548724e-09
2.6060804e-06,6.4783823e-09,1.99142e-06,1.6762597e-08,4.44602e-09
2.6908453e-06,6.5164745e-09,2.1194069e-06,1.691996e-08,4.495448e-09
3.0429503e-06,6.682199e-09,2.7237315e-06,1.7613011e-08,4.714554e-09
2.975564e-06,6.596003e-09,2.5641923e-06,1.7259323e-08,4.6035913e-09
3.301113e-06,6.764611e-09,3.2217213e-06,1.7968837e-08,4.8286806e-09
3.7949817e-06,6.9016513e-09,4.332852e-06,1.854222e-08,5.0097944e-09
3.4189331e-06,6.694574e-09,3.5254523e-06,1.7693077e-08,4.7438644e-09
2.8059521e-06,6.498107e-09,2.3696189e-06,1.6875125e-08,4.4860347e-09
2.954134e-06,6.56023e-09,2.6298108e-06,1.712664e-08,4.564221e-09
2.6443204e-06,6.49408e-09,2.1209498e-06,1.6842664e-08,4.4736304e-09
2.3901653e-06,6.390106e-09,1.7314015e-06,1.6405789e-08,4.335318e-09
2.5541565e-06,6.4424546e-09,1.9140923e-06,1.6616855e-08,4.400608e-09
2.729027e-06,6.5184715e-09,2.1673968e-06,1.6928993e-08,4.4983257e-09
2.9383518e-06,6.6294072e-09,2.5344361e-06,1.7391908e-08,4.644579e-09
2.8522368e-06,6.5821126e-09,2.380922e-06,1.7195127e-08,4.5825104e-09
3.1438835e-06,6.7047026e-09,2.8961208e-06,1.7706729e-08,4.7440327e-09
3.2403796e-06,6.6891888e-09,3.0365309e-06,1.7641657e-08,4.7232245e-09
3.2738733e-06,6.701293e-09,3.1090558e-06,1.7691356e-08,4.7387765e-09
3.2363314e-06,6.7237984e-09,3.0503334e-06,1.7784785e-08,4.7683386e-09
3.0907422e-06,6.625818e-09,2.7637761e-06,1.7381556e-08,4.641771e-09
2.48447e-06,6.3679106e-09,1.8188177e-06,1.6323677e-08,4.3106447e-09
2.828629e-06,6.581384e-09,2.441052e-06,1.7215418e-08,4.5926507e-09
2.896853e-06,6.607877e-09,2.5682284e-06,1.7322844e-08,4.6260986e-09
2.721552e-06,6.529995e-09,2.2661886e-06,1.6995713e-08,4.5224886e-09
2.3874677e-06,6.3040586e-09,1.7876928e-06,1.6089494e-08,4.2417585e-09
2.4569167e-06,6.331394e-09,1.8714506e-06,1.619414e-08,4.2732617e-09
2.2596435e-06,6.3075394e-09,1.6173365e-06,1.608525e-08,4.237838e-09
2.0859475e-06,6.2110503e-09,1.3679513e-06,1.5685503e-08,4.1120725e-09
1.9672448e-06,6.1346404e-09,1.2043547e-06,1.5371638e-08,4.013685e-09
2.0310133e-06,6.144777e-09,1.2258682e-06,1.5407108e-08,4.023562e-09
1.7811595e-06,5.9640546e-09,9.595301e-07,1.4687596e-08,3.801594e-09
1.557038e-06,5.8355343e-09,6.99913e-07,1.4158683e-08,3.6358476e-09
1.6410963e-06,5.9240945e-09,8.229782e-07,1.4517376e-08,3.7477177e-09
1.651199e-06,5.93077e-09,8.298749e-07,1.4542895e-08,3.7554093e-09
1.5919634e-06,5.8647442e-09,7.545869e-07,1.4280342e-08,3.6743055e-09
1.6210158e-06,5.8750507e-09,7.6262427e-07,1.4318314e-08,3.6853862e-09
1.6026953e-06,5.868591e-09,7.4680975e-07,1.4291327e-08,3.6769197e-09
1.5307369e-06,5.8320153e-09,6.718385e-07,1.414038e-08,3.629633e-09
1.4853649e-06,5.795037e-09,6.2161456e-07,1.39917296e-08,3.583537e-09
1.5902456e-06,5.879165e-09,7.260787e-07,1.43267584e-08,3.6868868e-09
1.5917312e-06,5.8691647e-09,7.1711133e-07,1.4286654e-08,3.6743673e-09
1.5961795e-06,5.8755787e-09,7.238775e-07,1.4312104e-08,3.6822296e-09
1.5692349e-06,5.859034e-09,6.9746807e-07,1.4245312e-08,3.661512e-09
1.5902942e-06,5.8749605e-09,7.1846296e-07,1.4308859e-08,3.6811305e-09
1.8258349e-06,6.071107e-09,1.0465259e-06,1.5112018e-08,3.932737e-09
2.0737623e-06,6.2251475e-09,1.3393053e-06,1.5735427e-08,4.1265524e-09
1.7844674e-06,5.9706493e-09,1.0525017e-06,1.4737154e-08,3.8208188e-09
1.8427777e-06,6.0214127e-09,1.1238517e-06,1.4937307e-08,3.8823096e-09
1.7394776e-06,5.937893e-09,9.944957e-07,1.4600831e-08,3.777823e-09
1.5785247e-06,5.8524803e-09,7.927199e-07,1.4244329e-08,3.6653836e-09
1.6727456e-06,5.953732e-09,9.3751896e-07,1.4655372e-08,3.7937427e-09
1.947467e-06,6.1324945e-09,1.1617095e-06,1.5356392e-08,4.0079207e-09
1.874328e-06,6.0708687e-09,1.0623836e-06,1.510706e-08,3.930284e-09
1.8584599e-06,6.037525e-09,1.0222459e-06,1.4972485e-08,3.8883043e-09
1.6920128e-06,5.914899e-09,8.451617e-07,1.4482657e-08,3.7369414e-09
1.5008835e-06,5.795565e-09,6.3076186e-07,1.3994889e-08,3.5845749e-09
1.3570509e-06,5.672656e-09,4.873806e-07,1.3505959e-08,3.4337875e-09
1.2062383e-06,5.523089e-09,3.5951297e-07,1.2920449e-08,3.254672e-09
1.3780684e-06,5.7016067e-09,5.704294e-07,1.3636742e-08,3.4768939e-09
1.4183354e-06,5.731512e-09,5.987349e-07,1.3753053e-08,3.512273e-09
1.4354247e-06,5.7479537e-09,6.129474e-07,1.3816862e-08,3.531702e-09
1.6325153e-06,5.913293e-09,8.2860447e-07,1.4478148e-08,3.7362407e-09
1.7547361e-06,5.98766e-09,9.0730845e-07,1.4766694e-08,3.823793e-09
1.7016378e-06,5.961899e-09,8.51526e-07,1.46606585e-08,3.7906087e-09
1.6350988e-06,5.8933645e-09,7.734051e-07,1.4388752e-08,3.706754e-09
1.5972704e-06,5.8644076e-09,7.331018e-07,1.4272513e-08,3.670745e-09
1.5150474e-06,5.813177e-09,6.472553e-07,1.4064318e-08,3.6059293e-09
1.422973e-06,5.7251848e-09,5.5682716e-07,1.3717146e-08,3.4992564e-09
1.2506298e-06,5.567477e-09,3.9666918e-07,1.3094202e-08,3.3078218e-09
1.4153749e-06,5.732696e-09,5.8754074e-07,1.3754779e-08,3.512318e-09
1.4597806e-06,5.7720615e-09,6.31323e-07,1.3910439e-08,3.5601864e-09
1.4450304e-06,5.7574656e-09,6.099277e-07,1.38508405e-08,3.541531e-09
1.5083796e-06,5.8038827e-09,6.577901e-07,1.40326595e-08,3.597048e-09
1.6949261e-06,5.9519536e-09,8.378663e-07,1.462014e-08,3.7779158e-09
1.448872e-06,5.742499e-09,5.939512e-07,1.37904e-08,3.522542e-09
1.5087585e-06,5.807344e-09,6.715388e-07,1.4049728e-08,3.6028889e-09
1.3868782e-06,5.6872107e-09,5.53915e-07,1.3577057e-08,3.4578573e-09
1.4612914e-06,5.7634457e-09,6.4042223e-07,1.38803316e-08,3.5515177e-09
1.3362044e-06,5.6528107e-09,5.064612e-07,1.3438572e-08,3.4149787e-09
1.3684303e-06,5.674823e-09,5.192754e-07,1.35222145e-08,3.440038e-09
1.5684527e-06,5.8724687e-09,8.080879e-07,1.4328469e-08,3.6923313e-09
1.7026866e-06,5.9604837e-09,9.110672e-07,1.4672517e-08,3.797222e-09
1.7309604e-06,5.980705e-09,9.3901315e-07,1.4751971e-08,3.8215497e-09
1.7309849e-06,5.9572294e-09,9.113088e-07,1.4656079e-08,3.7913677e-09
1.8176609e-06,6.014451e-09,9.88232e-07,1.4881264e-08,3.860329e-09
1.7044019e-06,5.968055e-09,8.621499e-07,1.4686455e-08,3.798815e-09
1.6331697e-06,5.9003757e-09,7.776186e-07,1.4416552e-08,3.7153849e-09
1.6094591e-06,5.888626e-09,7.5425135e-07,1.4368246e-08,3.7002827e-09
1.9227753e-06,6.128497e-09,1.1522093e-06,1.534347e-08,4.004517e-09
2.0659588e-06,6.211774e-09,1.3210492e-06,1.5680564e-08,4.1093124e-09
2.0042896e-06,6.1594667e-09,1.2281978e-06,1.5467283e-08,4.0426285e-09
2.148258e-06,6.2322063e-09,1.3735026e-06,1.5757887e-08,4.132258e-09
2.4503274e-06,6.412286e-09,1.806318e-06,1.6498173e-08,4.3643893e-09
2.3487312e-06,6.3631376e-09,1.6590701e-06,1.6293875e-08,4.300033e-09
2.2058362e-06,6.26326e-09,1.4543128e-06,1.588774e-08,4.1733155e-09
2.2296813e-06,6.267692e-09,1.4747818e-06,1.590453e-08,4.178284e-09
2.3668683e-06,6.3558296e-09,1.6771207e-06,1.6265474e-08,4.2912855e-09
2.1897317e-06,6.273695e-09,1.4352299e-06,1.5924861e-08,4.1841384e-09
2.0323685e-06,6.167706e-09,1.2282503e-06,1.5494729e-08,4.0501087e-09
2.0121424e-06,6.1441403e-09,1.1940289e-06,1.5399076e-08,4.020233e-09
1.9988197e-06,6.1423995e-09,1.1833555e-06,1.5391343e-08,4.017762e-09
1.976856e-06,6.154803e-09,1.1760567e-06,1.5440484e-08,4.0330574e-09
1.9907898e-06,6.165271e-09,1.1939783e-06,1.5482641e-08,4.04615e-09
2.3475532e-06,6.384382e-09,1.6914556e-06,1.6384519e-08,4.3291104e-09
2.398466e-06,6.3706036e-09,1.711821e-06,1.6326917e-08,4.310655e-09
2.4133826e-06,6.3638077e-09,1.7186572e-06,1.6298136e-08,4.301408e-09
2.4452556e-06,6.395362e-09,1.781634e-06,1.642728e-08,4.3418784e-09
2.5378922e-06,6.4408248e-09,1.9142703e-06,1.6613459e-08,4.400115e-09
2.228558e-06,6.2844903e-09,1.4735698e-06,1.5969121e-08,4.1979202e-09
2.3136884e-06,6.3263412e-09,1.5793539e-06,1.6139236e-08,4.250894e-09
2.166805e-06,6.2259247e-09,1.383484e-06,1.5733342e-08,4.1246575e-09
2.2355755e-06,6.3022663e-09,1.5191104e-06,1.6047768e-08,4.2235566e-09
2.3624439e-06,6.388006e-09,1.7213343e-06,1.6401902e-08,4.3349413e-09
3.0776457e-06,6.7400245e-09,2.928744e-06,1.787929e-08,4.802817e-09
3.0007582e-06,6.614179e-09,2.7260758e-06,1.7362314e-08,4.6405026e-09
3.2149937e-06,6.63643e-09,3.0569918e-06,1.7446109e-08,4.6652278e-09
3.2765806e-06,6.7024692e-09,3.2321095e-06,1.7719396e-08,4.7513065e-09
3.0275578e-06,6.601391e-09,2.7642764e-06,1.7298259e-08,4.6184647e-09
2.3284053e-06,6.330352e-09,1.6218872e-06,1.6163069e-08,4.259548e-09
2.4938736e-06,6.4096093e-09,1.8395773e-06,1.648548e-08,4.360002e-09
2.4344654e-06,6.3676806e-09,1.7462228e-06,1.6313724e-08,4.306206e-09
2.040561e-06,6.164656e-09,1.2245602e-06,1.5480667e-08,4.045391e-09
1.8267201e-06,6.02093e-09,9.779956e-07,1.4902046e-08,3.865881e-09
1.7393805e-06,5.964594e-09,8.8358274e-07,1.4674743e-08,3.795321e-09
1.7573316e-06,6.0086514e-09,9.3233245e-07,1.4852731e-08,3.8508867e-09
1.9433498e-06,6.150791e-09,1.1926081e-06,1.5435031e-08,4.0332937e-09
1.8208032e-06,6.0275176e-09,1.0326099e-06,1.4943813e-08,3.881469e-09
1.8068628e-06,6.001402e-09,9.983825e-07,1.4837054e-08,3.847952e-09
2.1076235e-06,6.2230363e-09,1.4230345e-06,1.5743186e-08,4.13149e-09
2.0390469e-06,6.1795746e-09,1.3230833e-06,1.5562545e-08,4.0745527e-09
1.9218294e-06,6.1140386e-09,1.1639914e-06,1.529001e-08,3.9886574e-09
2.2398826e-06,6.301445e-09,1.5337627e-06,1.6045728e-08,4.223133e-09
2.3884159e-06,6.355376e-09,1.6820799e-06,1.6260842e-08,4.2893222e-09
2.2756442e-06,6.3226886e-09,1.5422361e-06,1.6123538e-08,4.24597e-09
2.331381e-06,6.3432526e-09,1.605856e-06,1.6207284e-08,4.2720334e-09
2.2537847e-06,6.2840853e-09,1.4910648e-06,1.5967013e-08,4.1970925e-09
2.172503e-06,6.252868e-09,1.3954586e-06,1.5838154e-08,4.156698e-09
2.1967608e-06,6.266413e-09,1.4259764e-06,1.5893118e-08,4.1738124e-09
2.2254626e-06,6.300598e-09,1.4827376e-06,1.6033361e-08,4.2178465e-09
2.006423e-06,6.1435417e-09,1.2027997e-06,1.5400955e-08,4.0215475e-09
2.0729844e-06,6.1892993e-09,1.2894608e-06,1.5585709e-08,4.078965e-09
2.1573192e-06,6.255881e-09,1.4189186e-06,1.5857994e-08,4.1642148e-09
2.175627e-06,6.26334e-09,1.4375657e-06,1.5887473e-08,4.173255e-09
1.9979725e-06,6.1513807e-09,1.2018634e-06,1.543053e-08,4.0304955e-09
2.4235612e-06,6.4079653e-09,1.778787e-06,1.6481813e-08,4.3595403e-09
2.1511346e-06,6.2127183e-09,1.4181622e-06,1.5697708e-08,4.1164854e-09
1.9811434e-06,6.121632e-09,1.2083661e-06,1.5323531e-08,3.9992942e-09
1.9282934e-06,6.097235e-09,1.1473943e-06,1.5221886e-08,3.9672776e-09
1.8702247e-06,6.0495347e-09,1.0698113e-06,1.5028553e-08,3.9070374e-09
1.7739108e-06,6.025278e-09,9.64672e-07,1.492187e-08,3.8727475e-09
1.9059903e-06,6.100628e-09,1.083494e-06,1.522112e-08,3.9647574e-09
2.0125963e-06,6.17283e-09,1.2188211e-06,1.5514505e-08,4.0562207e-09
1.9744034e-06,6.1376175e-09,1.1618343e-06,1.5371704e-08,4.011685e-09
2.2132128e-06,6.2878525e-09,1.4702691e-06,1.5983856e-08,4.2027564e-09
2.1003195e-06,6.2173893e-09,1.3170005e-06,1.5695703e-08,4.1126436e-09
2.1873448e-06,6.2649073e-09,1.4231289e-06,1.5888606e-08,4.172698e-09
2.002288e-06,6.141145e-09,1.1882971e-06,1.5388038e-08,4.0170023e-09
2.1973692e-06,6.2742176e-09,1.46023e-06,1.5932072e-08,4.187186e-09
2.0571752e-06,6.193086e-09,1.2734778e-06,1.5599026e-08,4.0828745e-09
2.0411999e-06,6.174582e-09,1.2447608e-06,1.5523412e-08,4.0591814e-09
2.0762714e-06,6.2075785e-09,1.3011212e-06,1.5657603e-08,4.1010964e-09
2.1032788e-06,6.2022725e-09,1.3077926e-06,1.5634877e-08,4.093674e-09
1.9232464e-06,6.1029413e-09,1.0876797e-06,1.5228308e-08,3.9665613e-09
1.8239359e-06,6.029664e-09,9.708663e-07,1.4933526e-08,3.8751113e-09
1.9395648e-06,6.1243166e-09,1.1323871e-06,1.5318955e-08,3.995518e-09
1.8106277e-06,6.035671e-09,9.731045e-07,1.495897e-08,3.8833354e-09
1.8277746e-06,6.043825e-09,9.88224e-07,1.4991322e-08,3.893264e-09
1.8477119e-06,6.0586816e-09,1.011752e-06,1.5050922e-08,3.911726e-09
2.0037662e-06,6.163816e-09,1.1994908e-06,1.5476479e-08,4.0441135e-09
1.8145706e-06,6.032869e-09,9.688374e-07,1.4946648e-08,3.879295e-09
1.9066338e-06,6.0992766e-09,1.0809975e-06,1.5215058e-08,3.9627546e-09
1.8742185e-06,6.069779e-09,1.0362108e-06,1.5095909e-08,3.925677e-09
2.034937e-06,6.191388e-09,1.2628036e-06,1.5593423e-08,4.081424e-09
2.013774e-06,6.176271e-09,1.2313654e-06,1.5530757e-08,4.061686e-09
2.3740417e-06,6.389612e-09,1.7167511e-06,1.640503e-08,4.335321e-09
2.4435367e-06,6.4065966e-09,1.793202e-06,1.6473738e-08,4.3565667e-09
2.6989258e-06,6.5118697e-09,2.1345377e-06,1.6903382e-08,4.490591e-09
2.7108524e-06,6.522218e-09,2.1580408e-06,1.6945817e-08,4.5038977e-09
2.6556804e-06,6.464878e-09,2.047062e-06,1.671145e-08,4.4305066e-09
2.0170341e-06,6.1050045e-09,1.26383e-06,1.5266426e-08,3.9829398e-09
1.9713773e-06,6.1076877e-09,1.2293365e-06,1.5273415e-08,3.9846992e-09
1.9710906e-06,6.1395653e-09,1.2506451e-06,1.5400236e-08,4.0240264e-09
1.7558173e-06,5.990916e-09,9.691064e-07,1.4794422e-08,3.8348795e-09
1.6434732e-06,5.898613e-09,8.3279997e-07,1.4423044e-08,3.719615e-09
1.9366566e-06,6.111439e-09,1.1364712e-06,1.5271318e-08,3.981366e-09
1.9579504e-06,6.135961e-09,1.1712261e-06,1.537e-08,4.0120547e-09
1.8987903e-06,6.1056977e-09,1.0974783e-06,1.5244353e-08,3.97252e-09
1.8241935e-06,6.026233e-09,9.959956e-07,1.4927302e-08,3.874425e-09
1.9595604e-06,6.1186367e-09,1.1484135e-06,1.5297955e-08,3.9891814e-09
1.8380442e-06,6.0440555e-09,1.0037962e-06,1.4994528e-08,3.8945878e-09
1.7856471e-06,6.0181238e-09,9.4660595e-07,1.4888047e-08,3.8612926e-09
1.5615869e-06,5.8349325e-09,7.094013e-07,1.4158948e-08,3.6363401e-09
1.6471954e-06,5.90558e-09,7.978691e-07,1.4439621e-08,3.7228498e-09
1.530667e-06,5.819234e-09,6.7100274e-07,1.4092077e-08,3.6150558e-09
1.4803061e-06,5.780047e-09,6.182163e-07,1.39349225e-08,3.566404e-09
1.4824266e-06,5.793816e-09,6.275616e-07,1.3988973e-08,3.5830579e-09
1.7230029e-06,5.9877685e-09,8.903061e-07,1.4766455e-08,3.823791e-09
1.7469453e-06,5.9999676e-09,9.1146535e-07,1.4815108e-08,3.8387697e-09
1.8862852e-06,6.0931598e-09,1.064836e-06,1.5190208e-08,3.9550745e-09
2.2027086e-06,6.296758e-09,1.4750406e-06,1.602157e-08,4.214858e-09
2.0672646e-06,6.177198e-09,1.2873709e-06,1.55419e-08,4.066139e-09
1.981737e-06,6.1315886e-09,1.1860134e-06,1.5354658e-08,4.007521e-09
1.9837269e-06,6.131734e-09,1.1854972e-06,1.5353947e-08,4.007084e-09
1.9306435e-06,6.1021295e-09,1.1219702e-06,1.5232661e-08,3.969158e-09
2.0624584e-06,6.2308754e-09,1.3566689e-06,1.5765739e-08,4.137239e-09
2.0125972e-06,6.1476872e-09,1.2537453e-06,1.5432098e-08,4.033611e-09
2.1337237e-06,6.230855e-09,1.4234056e-06,1.576945e-08,4.1387156e-09
2.154991e-06,6.233352e-09,1.4378963e-06,1.5777175e-08,4.140671e-09
2.381763e-06,6.3706875e-09,1.7664302e-06,1.6339545e-08,4.316677e-09
2.0758707e-06,6.204224e-09,1.3270795e-06,1.5651334e-08,4.100351e-09
2.499733e-06,6.4371206e-09,1.8718822e-06,1.6599348e-08,4.395947e-09
2.3901434e-06,6.364745e-09,1.7021414e-06,1.6302538e-08,4.3029575e-09
2.4242413e-06,6.372079e-09,1.7383622e-06,1.6331436e-08,4.3117505e-09
2.1962483e-06,6.2571313e-09,1.4305425e-06,1.5859191e-08,4.163812e-09
2.180584e-06,6.2398797e-09,1.4024639e-06,1.578855e-08,4.1416572e-09
1.8260909e-06,6.025952e-09,9.723574e-07,1.4919605e-08,3.870923e-09
1.6939736e-06,5.932483e-09,8.287062e-07,1.45442804e-08,3.7546473e-09
1.6113711e-06,5.885015e-09,7.4316733e-07,1.4351283e-08,3.6945664e-09
1.6111551e-06,5.89498e-09,7.501709e-07,1.4390751e-08,3.7067949e-09
1.6131933e-06,5.900863e-09,7.549103e-07,1.441393e-08,3.7139416e-09
1.6104206e-06,5.8860703e-09,7.4070147e-07,1.4354805e-08,3.695553e-09
1.574841e-06,5.8491887e-09,6.990893e-07,1.4208267e-08,3.6503232e-09
1.5218859e-06,5.8099094e-09,6.463197e-07,1.4051139e-08,3.6017556e-09
1.6132474e-06,5.9020753e-09,7.731945e-07,1.4424023e-08,3.717953e-09
1.5870548e-06,5.8780993e-09,7.391738e-07,1.4327011e-08,3.6877457e-09
1.7223688e-06,5.982418e-09,8.9071983e-07,1.47461705e-08,3.817674e-09
1.7923439e-06,6.0204046e-09,9.4917425e-07,1.489675e-08,3.863892e-09
1.8493894e-06,6.053239e-09,1.0027155e-06,1.502766e-08,3.904233e-09
1.8705749e-06,6.0852003e-09,1.0451496e-06,1.5157301e-08,3.944737e-09
2.035972e-06,6.192602e-09,1.2470921e-06,1.5593415e-08,4.0806123e-09
2.0599641e-06,6.2030283e-09,1.2722769e-06,1.5635592e-08,4.0936987e-09
2.1197598e-06,6.2251524e-09,1.3289595e-06,1.5724588e-08,4.121181e-09
2.1801607e-06,6.25362e-09,1.3960207e-06,1.583973e-08,4.1569237e-09
2.0393347e-06,6.1663115e-09,1.219043e-06,1.548547e-08,4.046587e-09
1.8689649e-06,6.0600565e-09,1.0178096e-06,1.5054866e-08,3.9125814e-09
1.8327584e-06,6.0468346e-09,9.837813e-07,1.5000628e-08,3.8956744e-09
1.7338831e-06,5.973175e-09,8.705264e-07,1.4704507e-08,3.8038523e-09
1.8049593e-06,6.042622e-09,9.770464e-07,1.4987002e-08,3.892122e-09
1.9241038e-06,6.1239294e-09,1.1213581e-06,1.5316605e-08,3.994738e-09
1.9165846e-06,6.099058e-09,1.0929452e-06,1.5216067e-08,3.96334e-09
1.8233693e-06,6.028968e-09,9.809868e-07,1.4933706e-08,3.875668e-09
1.9461404e-06,6.1166783e-09,1.1278682e-06,1.5287341e-08,3.985485e-09
1.8441742e-06,6.056196e-09,1.0064402e-06,1.504059e-08,3.9084673e-09
1.8640442e-06,6.083396e-09,1.0430263e-06,1.5150682e-08,3.9428176e-09
2.1099765e-06,6.245709e-09,1.362117e-06,1.581346e-08,4.1499373e-09
2.3231469e-06,6.351531e-09,1.6145796e-06,1.6242886e-08,4.2835313e-09
2.5918998e-06,6.496783e-09,2.0212453e-06,1.684458e-08,4.472881e-09
2.6264722e-06,6.465461e-09,2.0176699e-06,1.6715738e-08,4.4322315e-09
2.7020048e-06,6.500975e-09,2.1374522e-06,1.686125e-08,4.4777497e-09
2.626713e-06,6.4743477e-09,2.0296086e-06,1.675037e-08,4.4428194e-09
2.60434e-06,6.4603993e-09,1.992865e-06,1.669242e-08,4.4245487e-09
2.4814826e-06,6.426764e-09,1.8248816e-06,1.65509e-08,4.3798107e-09
2.6354014e-06,6.4845764e-09,2.0247778e-06,1.6787313e-08,4.4536e-09
2.5498146e-06,6.4398322e-09,1.8946083e-06,1.6603199e-08,4.3958526e-09
2.676236e-06,6.5150214e-09,2.1046258e-06,1.6914997e-08,4.4940776e-09
2.700242e-06,6.510815e-09,2.1260694e-06,1.6897486e-08,4.488481e-09
2.604304e-06,6.4634342e-09,1.9788354e-06,1.6702018e-08,4.427102e-09
2.3822545e-06,6.338017e-09,1.6620171e-06,1.6191082e-08,4.2676263e-09
2.6653836e-06,6.5142145e-09,2.1361873e-06,1.6923712e-08,4.4987707e-09
2.3824318e-06,6.3589254e-09,1.7079371e-06,1.6285458e-08,4.2987036e-09
2.1440242e-06,6.210544e-09,1.3918664e-06,1.5683208e-08,4.111062e-09
2.2311976e-06,6.2861027e-09,1.5408809e-06,1.5992056e-08,4.207762e-09
2.3159846e-06,6.318222e-09,1.6322847e-06,1.6119952e-08,4.2471036e-09
2.4879191e-06,6.4759482e-09,1.9765089e-06,1.6781714e-08,4.457067e-09
2.843925e-06,6.605548e-09,2.494527e-06,1.7312434e-08,4.622822e-09
