2.6096425e-09,1.5537926e-06,1.4291888e-06,2.12525e-06,1.4604777e-09
2.6769174e-09,1.6908101e-06,1.5611665e-06,2.2285492e-06,1.502986e-09
2.717054e-09,1.7830577e-06,1.6488801e-06,2.301535e-06,1.528331e-09
2.851224e-09,2.1986448e-06,2.033649e-06,2.6589532e-06,1.6130489e-09
2.9484253e-09,2.6013504e-06,2.3981024e-06,2.9978632e-06,1.6744737e-09
2.918419e-09,2.6321973e-06,2.4098413e-06,3.056643e-06,1.6554792e-09
2.8272793e-09,2.2796016e-06,2.0924629e-06,2.7668807e-06,1.5979256e-09
2.9063862e-09,2.4729184e-06,2.2804093e-06,2.8953655e-06,1.6481148e-09
2.8276177e-09,2.193195e-06,2.0223947e-06,2.671994e-06,1.5982304e-09
2.695791e-09,1.796153e-06,1.6552992e-06,2.3359676e-06,1.5150688e-09
2.7567717e-09,1.9633992e-06,1.8113612e-06,2.4746346e-06,1.5534909e-09
2.8478904e-09,2.2497452e-06,2.0763205e-06,2.7112287e-06,1.6110333e-09
2.8454337e-09,2.184078e-06,2.0197651e-06,2.648031e-06,1.6093832e-09
2.8737162e-09,2.3267937e-06,2.1464027e-06,2.777916e-06,1.6272086e-09
2.9200007e-09,2.5865236e-06,2.3726466e-06,3.0152e-06,1.6562703e-09
2.9689207e-09,2.7616318e-06,2.534913e-06,3.144323e-06,1.6872883e-09
3.081173e-09,3.1970994e-06,2.93831e-06,3.4540649e-06,1.7587722e-09
3.0731604e-09,3.2734965e-06,2.9933944e-06,3.518476e-06,1.7536492e-09
3.1216263e-09,3.6754577e-06,3.3355172e-06,3.805984e-06,1.7843728e-09
3.005732e-09,3.2944656e-06,2.9720572e-06,3.5561025e-06,1.7112671e-09
2.9330873e-09,2.8154057e-06,2.5686038e-06,3.18584e-06,1.6652025e-09
2.8316818e-09,2.239189e-06,2.061423e-06,2.7174758e-06,1.6006892e-09
2.779774e-09,2.0378693e-06,1.8782285e-06,2.5455784e-06,1.5678192e-09
2.750797e-09,1.8989238e-06,1.7530049e-06,2.4188519e-06,1.5493854e-09
2.8850247e-09,2.3340174e-06,2.1546505e-06,2.7862866e-06,1.6342135e-09
2.790074e-09,2.0945204e-06,1.928411e-06,2.6037196e-06,1.5744583e-09
2.8439235e-09,2.237466e-06,2.0644497e-06,2.7061992e-06,1.6085216e-09
2.8484877e-09,2.2793233e-06,2.1000478e-06,2.7461233e-06,1.6113532e-09
2.8117846e-09,2.1596625e-06,1.989455e-06,2.6485934e-06,1.5881305e-09
2.7703428e-09,1.9815288e-06,1.8282404e-06,2.4919955e-06,1.5618186e-09
2.808869e-09,2.1402693e-06,1.969735e-06,2.6442794e-06,1.5859902e-09
2.7424623e-09,1.908235e-06,1.7574947e-06,2.4437365e-06,1.5440125e-09
2.6265699e-09,1.6161766e-06,1.4862766e-06,2.1866153e-06,1.471243e-09
2.6526321e-09,1.6560881e-06,1.5261434e-06,2.209015e-06,1.4876547e-09
2.6013558e-09,1.5204544e-06,1.3997676e-06,2.0867715e-06,1.4553292e-09
2.5273788e-09,1.3561165e-06,1.2457219e-06,1.9376537e-06,1.4088684e-09
2.549121e-09,1.3888632e-06,1.2778858e-06,1.9592892e-06,1.4225282e-09
2.6671074e-09,1.665331e-06,1.536963e-06,2.2078627e-06,1.496742e-09
2.4508269e-09,1.2412911e-06,1.1418334e-06,1.8075045e-06,1.3618657e-09
2.3625837e-09,1.0767039e-06,9.869334e-07,1.6483463e-06,1.3066391e-09
2.2899915e-09,9.54642e-07,8.720567e-07,1.5272487e-06,1.2613319e-09
2.1638287e-09,7.433076e-07,6.727513e-07,1.3160976e-06,1.1824868e-09
2.0300885e-09,5.338161e-07,4.735523e-07,1.1095062e-06,1.0986829e-09
2.0633721e-09,5.721917e-07,5.091696e-07,1.155264e-06,1.1192139e-09
2.0716289e-09,5.809004e-07,5.175408e-07,1.162504e-06,1.1243338e-09
2.0065773e-09,5.112281e-07,4.5249956e-07,1.0847901e-06,1.0842272e-09
1.9589095e-09,4.6113252e-07,4.0577743e-07,1.0274474e-06,1.0548487e-09
1.9154673e-09,4.148189e-07,3.625717e-07,9.73471e-07,1.0280583e-09
1.8429881e-09,3.4444628e-07,2.972411e-07,8.886234e-07,9.834886e-10
1.8228029e-09,3.1900433e-07,2.732874e-07,8.585269e-07,9.709422e-10
1.9513344e-09,4.5908052e-07,4.0603533e-07,1.0031582e-06,1.0505514e-09
1.8967632e-09,4.1153666e-07,3.6187456e-07,9.492618e-07,1.0170748e-09
1.9677175e-09,4.8620916e-07,4.3183041e-07,1.0321049e-06,1.0608432e-09
1.9848931e-09,5.013238e-07,4.4495934e-07,1.0589049e-06,1.0712615e-09
1.939761e-09,4.5512027e-07,4.0177753e-07,1.007079e-06,1.0434528e-09
1.8659945e-09,3.6663965e-07,3.1819334e-07,9.111872e-07,9.976777e-10
1.730082e-09,3.001309e-07,2.6244956e-07,7.8363723e-07,9.1574837e-10
1.6481165e-09,2.18765e-07,1.8600146e-07,6.8984326e-07,8.6519564e-10
1.5925844e-09,1.7366804e-07,1.4432706e-07,6.322853e-07,8.3118645e-10
1.6299497e-09,1.9881911e-07,1.672629e-07,6.643972e-07,8.5395657e-10
1.6114304e-09,1.7977447e-07,1.4913687e-07,6.4422363e-07,8.424917e-10
1.5952071e-09,1.6583685e-07,1.3587689e-07,6.334851e-07,8.3250423e-10
1.5740069e-09,1.5091948e-07,1.2229906e-07,6.125974e-07,8.1957696e-10
1.5454985e-09,1.3435087e-07,1.07627216e-07,5.866337e-07,8.022898e-10
1.4521035e-09,8.0023895e-08,5.938872e-08,5.0156723e-07,7.4563844e-10
1.4941837e-09,1.05477255e-07,8.2369205e-08,5.3570295e-07,7.7121665e-10
1.6215411e-09,1.8371827e-07,1.5243863e-07,6.517852e-07,8.4858387e-10
1.5944237e-09,1.6721008e-07,1.3759306e-07,6.295166e-07,8.321077e-10
1.6991597e-09,2.4244451e-07,2.0618688e-07,7.308623e-07,8.959989e-10
1.7555338e-09,2.7286467e-07,2.3205455e-07,7.893366e-07,9.3003544e-10
1.7190073e-09,2.4459408e-07,2.061364e-07,7.527858e-07,9.0771124e-10
1.7026153e-09,2.282894e-07,1.908569e-07,7.330638e-07,8.976003e-10
1.7614541e-09,2.6856026e-07,2.2691816e-07,7.937487e-07,9.33391e-10
1.6809338e-09,2.0730636e-07,1.7098536e-07,7.1154597e-07,8.842125e-10
1.6707618e-09,1.9933282e-07,1.6367004e-07,7.008135e-07,8.779915e-10
1.6736748e-09,2.0084855e-07,1.6494364e-07,7.03926e-07,8.7974816e-10
1.7813138e-09,3.0122453e-07,2.5953477e-07,8.1235027e-07,9.460956e-10
1.7646404e-09,2.8607082e-07,2.452022e-07,7.970415e-07,9.358216e-10
1.7975013e-09,3.0848645e-07,2.649511e-07,8.3435543e-07,9.557666e-10
1.9054158e-09,4.1351745e-07,3.6321205e-07,9.538696e-07,1.0222305e-09
1.9996254e-09,5.0969686e-07,4.5256746e-07,1.06826e-06,1.0802127e-09
1.9996031e-09,5.0705694e-07,4.4992953e-07,1.0660614e-06,1.0801378e-09
1.9577915e-09,4.699827e-07,4.1527431e-07,1.027229e-06,1.0544569e-09
1.9879098e-09,4.993612e-07,4.421827e-07,1.0650953e-06,1.072921e-09
2.0321629e-09,5.491854e-07,4.8972527e-07,1.1112979e-06,1.1003773e-09
1.999636e-09,5.0990826e-07,4.525749e-07,1.0707154e-06,1.0801995e-09
2.0762454e-09,6.0509853e-07,5.4310283e-07,1.163679e-06,1.127826e-09
2.1749085e-09,7.23788e-07,6.5296297e-07,1.3052775e-06,1.1886714e-09
2.2741944e-09,8.691779e-07,7.900053e-07,1.4531728e-06,1.2504782e-09
2.3532338e-09,9.992086e-07,9.134923e-07,1.5746004e-06,1.2999487e-09
2.467662e-09,1.2055996e-06,1.1062704e-06,1.7855409e-06,1.3713168e-09
2.5081057e-09,1.2911426e-06,1.1862124e-06,1.8687922e-06,1.3966622e-09
2.5291025e-09,1.3473252e-06,1.2370537e-06,1.933212e-06,1.4097428e-09
2.4937352e-09,1.281922e-06,1.1752405e-06,1.8748614e-06,1.3875973e-09
2.4298716e-09,1.1538981e-06,1.0553701e-06,1.7517324e-06,1.3476027e-09
2.535033e-09,1.3485743e-06,1.2425795e-06,1.9082568e-06,1.4139264e-09
2.4991624e-09,1.2838568e-06,1.1805279e-06,1.8550085e-06,1.3913799e-09
2.5020603e-09,1.2961652e-06,1.1912249e-06,1.8708774e-06,1.3931464e-09
2.5531364e-09,1.4073177e-06,1.2949906e-06,1.9762417e-06,1.4251431e-09
2.5338756e-09,1.3841013e-06,1.2713405e-06,1.9657582e-06,1.4130331e-09
2.5149922e-09,1.3072361e-06,1.2013659e-06,1.884216e-06,1.4010171e-09
2.475367e-09,1.2415587e-06,1.1386145e-06,1.8293847e-06,1.3762181e-09
2.5650224e-09,1.4210937e-06,1.3093716e-06,1.9820818e-06,1.432654e-09
2.6636509e-09,1.6451098e-06,1.5218397e-06,2.169224e-06,1.4949146e-09
2.7404177e-09,1.8761646e-06,1.7333766e-06,2.3895132e-06,1.5430891e-09
2.71746e-09,1.8340024e-06,1.6919003e-06,2.3615426e-06,1.5285856e-09
2.7318876e-09,1.916122e-06,1.7625753e-06,2.4556657e-06,1.5375077e-09
2.6645735e-09,1.7149735e-06,1.5776722e-06,2.2746776e-06,1.4950963e-09
2.6235865e-09,1.5684334e-06,1.4438854e-06,2.1346655e-06,1.469156e-09
2.527402e-09,1.3532874e-06,1.2425232e-06,1.939398e-06,1.4087799e-09
2.6546434e-09,1.624009e-06,1.5014332e-06,2.1565365e-06,1.4892154e-09
2.8479403e-09,2.1571636e-06,2.0035818e-06,2.591277e-06,1.6116649e-09
2.886897e-09,2.3804796e-06,2.199655e-06,2.8016004e-06,1.6360822e-09
2.9919929e-09,2.8281888e-06,2.606438e-06,3.1530367e-06,1.7026208e-09
3.1194247e-09,3.7296043e-06,3.3756774e-06,3.848042e-06,1.7829204e-09
3.0358174e-09,3.307125e-06,2.9985713e-06,3.560208e-06,1.7299363e-09
2.9214382e-09,2.6309926e-06,2.4105348e-06,3.0499243e-06,1.6573349e-09
2.8485307e-09,2.380854e-06,2.182313e-06,2.8521558e-06,1.6113438e-09
2.720375e-09,1.8910466e-06,1.7394254e-06,2.4318624e-06,1.5303275e-09
2.6291653e-09,1.5959533e-06,1.4683316e-06,2.1649264e-06,1.4726698e-09
2.612586e-09,1.5400972e-06,1.4173568e-06,2.1096282e-06,1.4622108e-09
2.702351e-09,1.7386737e-06,1.6073202e-06,2.2653674e-06,1.5190057e-09
2.7650946e-09,1.9310037e-06,1.7847067e-06,2.4380795e-06,1.5585537e-09
2.6736462e-09,1.746543e-06,1.6092446e-06,2.2934473e-06,1.5012211e-09
2.6179146e-09,1.6180622e-06,1.4890544e-06,2.1788771e-06,1.4661883e-09
2.6079432e-09,1.5774556e-06,1.4524426e-06,2.1351307e-06,1.4598497e-09
2.543642e-09,1.3833442e-06,1.2725365e-06,1.9541567e-06,1.4191371e-09
2.4592606e-09,1.1970994e-06,1.0974428e-06,1.7831419e-06,1.3660421e-09
2.500815e-09,1.2843714e-06,1.17854e-06,1.8710917e-06,1.3920209e-09
2.434426e-09,1.1707228e-06,1.0713941e-06,1.7664931e-06,1.3505844e-09
2.386959e-09,1.0732088e-06,9.802e-07,1.6693716e-06,1.3208262e-09
2.3706568e-09,1.0311729e-06,9.4132815e-07,1.6237034e-06,1.3105601e-09
2.355349e-09,1.0051124e-06,9.1664816e-07,1.5993508e-06,1.3009818e-09
2.2831375e-09,8.866059e-07,8.049782e-07,1.4830804e-06,1.2559079e-09
2.1996676e-09,7.784184e-07,7.036959e-07,1.3700235e-06,1.2042343e-09
2.183758e-09,7.480092e-07,6.753342e-07,1.3352558e-06,1.1942716e-09
2.2422768e-09,8.2772675e-07,7.522806e-07,1.4008953e-06,1.230877e-09
2.1820725e-09,7.4449986e-07,6.733627e-07,1.3205579e-06,1.1934058e-09
2.277708e-09,8.8855234e-07,8.102011e-07,1.4573136e-06,1.2531177e-09
2.3605824e-09,1.0201775e-06,9.3212816e-07,1.6041603e-06,1.3045018e-09
2.2172901e-09,8.3607625e-07,7.609407e-07,1.4062877e-06,1.216002e-09
2.12833e-09,6.9223495e-07,6.2494564e-07,1.26094e-06,1.1603927e-09
2.1075737e-09,6.639149e-07,5.9797674e-07,1.2333104e-06,1.1474525e-09
2.025454e-09,5.4231487e-07,4.8278537e-07,1.10875e-06,1.0961787e-09
2.0101634e-09,5.1526985e-07,4.5716848e-07,1.0792337e-06,1.0865522e-09
2.0792155e-09,5.9093196e-07,5.270181e-07,1.1729348e-06,1.129051e-09
2.1174373e-09,6.3978297e-07,5.7317993e-07,1.222912e-06,1.1527879e-09
2.0505102e-09,5.6947556e-07,5.0757524e-07,1.145828e-06,1.1115573e-09
1.96934e-09,4.8573986e-07,4.2983513e-07,1.047848e-06,1.0616086e-09
1.9105915e-09,4.1775556e-07,3.6611246e-07,9.705625e-07,1.0252708e-09
1.7519357e-09,2.924127e-07,2.5234635e-07,7.98559e-07,9.28431e-10
1.7375539e-09,2.668245e-07,2.2771133e-07,7.7083234e-07,9.1929564e-10
1.7292064e-09,2.5812125e-07,2.1940535e-07,7.621755e-07,9.141234e-10
1.7330024e-09,2.5927494e-07,2.2016674e-07,7.6631756e-07,9.163832e-10
1.7268228e-09,2.517624e-07,2.129842e-07,7.584374e-07,9.125331e-10
1.8083766e-09,3.0712195e-07,2.622991e-07,8.442097e-07,9.621047e-10
1.8572814e-09,3.5551386e-07,3.0805694e-07,8.9407683e-07,9.923045e-10
1.864749e-09,3.6196118e-07,3.136597e-07,9.0642834e-07,9.968388e-10
1.8791266e-09,3.7468672e-07,3.2515908e-07,9.2518326e-07,1.005624e-09
1.8135001e-09,3.245501e-07,2.7957012e-07,8.5842294e-07,9.65575e-10
1.8679958e-09,3.7647197e-07,3.283312e-07,9.1450136e-07,9.991439e-10
1.8503046e-09,3.5411546e-07,3.0714526e-07,8.898554e-07,9.881342e-10
1.9152215e-09,4.1936954e-07,3.6823184e-07,9.636038e-07,1.0281466e-09
1.8894108e-09,3.9529664e-07,3.4558744e-07,9.3875843e-07,1.0122554e-09
1.95458e-09,4.5242373e-07,3.975066e-07,1.0176043e-06,1.0521014e-09
2.0102475e-09,5.161589e-07,4.5808991e-07,1.0800529e-06,1.0866341e-09
1.9532356e-09,4.6098774e-07,4.0669076e-07,1.0179406e-06,1.0515717e-09
1.9667015e-09,4.7307793e-07,4.1808403e-07,1.0295219e-06,1.0598549e-09
1.9266617e-09,4.3713246e-07,3.8458992e-07,9.897876e-07,1.0352654e-09
1.9442186e-09,4.5320087e-07,3.9959738e-07,1.0069859e-06,1.0460539e-09
1.9821829e-09,4.930655e-07,4.376662e-07,1.0432856e-06,1.0695685e-09
1.9970898e-09,5.0750026e-07,4.5025251e-07,1.0690463e-06,1.078626e-09
1.9534507e-09,4.589932e-07,4.0464838e-07,1.0163978e-06,1.0516479e-09
1.9401294e-09,4.460257e-07,3.9209792e-07,1.0069878e-06,1.0433938e-09
1.8691964e-09,3.770915e-07,3.2821455e-07,9.2339104e-07,9.997959e-10
1.8968906e-09,4.0030548e-07,3.504697e-07,9.4195025e-07,1.0168636e-09
1.983946e-09,4.974395e-07,4.422012e-07,1.0440655e-06,1.070749e-09
1.9289041e-09,4.463463e-07,3.9449827e-07,9.881468e-07,1.0369157e-09
1.9679958e-09,4.8393383e-07,4.2890764e-07,1.0371631e-06,1.0608721e-09
2.0376023e-09,5.566329e-07,4.9613107e-07,1.1254111e-06,1.1036788e-09
2.0327284e-09,5.459234e-07,4.86058e-07,1.1127422e-06,1.1005907e-09
2.0531985e-09,5.678448e-07,5.069355e-07,1.1329604e-06,1.1132634e-09
2.1114528e-09,6.33348e-07,5.669644e-07,1.2179123e-06,1.1490721e-09
2.2249607e-09,7.9223526e-07,7.1759405e-07,1.374704e-06,1.2197957e-09
2.3118873e-09,9.2789617e-07,8.4573537e-07,1.5088398e-06,1.2740308e-09
2.3994646e-09,1.0791432e-06,9.880965e-07,1.6579997e-06,1.3287447e-09
2.4150202e-09,1.1144556e-06,1.0202473e-06,1.6999238e-06,1.3384176e-09
2.5187825e-09,1.3167407e-06,1.2094264e-06,1.8984699e-06,1.4032983e-09
2.4020734e-09,1.1150537e-06,1.02021e-06,1.7062991e-06,1.330551e-09
2.4184685e-09,1.1348288e-06,1.0396903e-06,1.7178522e-06,1.3407856e-09
2.375852e-09,1.0527533e-06,9.623403e-07,1.6393162e-06,1.3140571e-09
2.2847588e-09,9.128886e-07,8.3084404e-07,1.5010296e-06,1.2573798e-09
2.2178874e-09,7.9363576e-07,7.183548e-07,1.3813961e-06,1.2154701e-09
2.2372206e-09,8.21978e-07,7.4446416e-07,1.4148845e-06,1.2274202e-09
2.2777316e-09,8.7508516e-07,7.960657e-07,1.4555114e-06,1.2527657e-09
2.4065248e-09,1.0963266e-06,1.0074214e-06,1.6517713e-06,1.3336598e-09
2.430846e-09,1.1522382e-06,1.0570116e-06,1.7284278e-06,1.348618e-09
2.4251894e-09,1.1518583e-06,1.0552474e-06,1.7372635e-06,1.3450105e-09
2.505323e-09,1.3075735e-06,1.201239e-06,1.8855669e-06,1.3951339e-09
2.4303235e-09,1.1633737e-06,1.065635e-06,1.750883e-06,1.348182e-09
2.3839914e-09,1.0543932e-06,9.636096e-07,1.6433214e-06,1.3189545e-09
2.5176834e-09,1.3094996e-06,1.2057556e-06,1.8716553e-06,1.4029727e-09
2.5300277e-09,1.35128e-06,1.2427967e-06,1.9238175e-06,1.410623e-09
2.5288052e-09,1.3461164e-06,1.2379758e-06,1.9182867e-06,1.4098177e-09
2.4528115e-09,1.2270156e-06,1.1251184e-06,1.8136797e-06,1.3624665e-09
2.4335123e-09,1.1819427e-06,1.0831507e-06,1.7669645e-06,1.3503211e-09
2.3812934e-09,1.0561994e-06,9.655062e-07,1.6431634e-06,1.3173673e-09
2.4227744e-09,1.1274718e-06,1.0332986e-06,1.7065577e-06,1.3433592e-09
2.453247e-09,1.1803037e-06,1.0837027e-06,1.7520813e-06,1.3624697e-09
2.5824791e-09,1.4491568e-06,1.3346648e-06,2.014334e-06,1.4433547e-09
2.580336e-09,1.4632254e-06,1.3458125e-06,2.0385855e-06,1.4419782e-09
2.4959275e-09,1.3055499e-06,1.1976143e-06,1.8951619e-06,1.3892337e-09
2.496577e-09,1.2935701e-06,1.1874488e-06,1.8765386e-06,1.3896054e-09
2.3561988e-09,1.0403004e-06,9.503624e-07,1.6296931e-06,1.3020209e-09
2.2923485e-09,9.1047104e-07,8.283082e-07,1.5002109e-06,1.2618873e-09
2.2951592e-09,9.0781737e-07,8.2619977e-07,1.4938605e-06,1.2635977e-09
2.270042e-09,8.743866e-07,7.9415764e-07,1.4652737e-06,1.2479453e-09
2.2532918e-09,8.3776706e-07,7.599224e-07,1.4256268e-06,1.2373962e-09
2.4475633e-09,1.1699839e-06,1.0756165e-06,1.7327714e-06,1.3591799e-09
2.4082272e-09,1.1139626e-06,1.0213191e-06,1.6900499e-06,1.3345686e-09
2.4334126e-09,1.1606642e-06,1.0651088e-06,1.7343859e-06,1.3502871e-09
2.473965e-09,1.2447473e-06,1.1422574e-06,1.826601e-06,1.3754964e-09
2.4162001e-09,1.1459388e-06,1.0489769e-06,1.7355161e-06,1.3394184e-09
2.3381634e-09,9.765247e-07,8.898179e-07,1.5707203e-06,1.2902669e-09
2.4908668e-09,1.255902e-06,1.1555937e-06,1.820237e-06,1.386207e-09
2.420402e-09,1.1356423e-06,1.0413088e-06,1.7139441e-06,1.3421204e-09
2.3712001e-09,1.0538163e-06,9.636874e-07,1.638626e-06,1.3113493e-09
2.3750633e-09,1.0640495e-06,9.724369e-07,1.6540506e-06,1.3136765e-09
2.4470403e-09,1.1888067e-06,1.0913872e-06,1.7619545e-06,1.3588127e-09
2.3438385e-09,9.850161e-07,8.988075e-07,1.5718394e-06,1.2939438e-09
2.348401e-09,9.973888e-07,9.097255e-07,1.5894254e-06,1.2967506e-09
2.40097e-09,1.0891947e-06,9.960917e-07,1.678726e-06,1.3295901e-09
2.3994213e-09,1.0909567e-06,9.971169e-07,1.684883e-06,1.3285936e-09
2.3085003e-09,9.271882e-07,8.4297875e-07,1.5252573e-06,1.2716983e-09
2.3890787e-09,1.0619565e-06,9.712239e-07,1.6472845e-06,1.3221859e-09
2.3629212e-09,1.0246662e-06,9.3536704e-07,1.6167305e-06,1.3058463e-09
2.183918e-09,7.75813e-07,7.034008e-07,1.3512145e-06,1.1949944e-09
2.2402151e-09,8.518854e-07,7.7624884e-07,1.4166499e-06,1.2300923e-09
2.311662e-09,9.621057e-07,8.804971e-07,1.5220801e-06,1.2746342e-09
2.283104e-09,9.0444973e-07,8.255951e-07,1.468547e-06,1.2565966e-09
2.3066413e-09,9.4346615e-07,8.6166744e-07,1.512429e-06,1.271194e-09
2.4165425e-09,1.1171596e-06,1.0212818e-06,1.7138136e-06,1.3391731e-09
2.4228881e-09,1.1235688e-06,1.0278267e-06,1.7164082e-06,1.3431467e-09
2.3234654e-09,9.603706e-07,8.744054e-07,1.557324e-06,1.2811743e-09
2.3334983e-09,9.723367e-07,8.8606845e-07,1.5653195e-06,1.2874253e-09
2.3096693e-09,9.335881e-07,8.4943576e-07,1.5279785e-06,1.2725403e-09
2.263651e-09,8.5940064e-07,7.7955747e-07,1.4539617e-06,1.2438293e-09
2.2174513e-09,7.828115e-07,7.0741714e-07,1.3760082e-06,1.2149595e-09
2.2533173e-09,8.358475e-07,7.5706953e-07,1.4324067e-06,1.2372462e-09
2.2228293e-09,7.868549e-07,7.1098054e-07,1.3820809e-06,1.218222e-09
2.1563764e-09,6.998571e-07,6.2924966e-07,1.2917596e-06,1.1770185e-09
2.218044e-09,7.858937e-07,7.1117995e-07,1.372249e-06,1.2154764e-09
2.2032078e-09,7.657387e-07,6.919367e-07,1.3538315e-06,1.2062273e-09
2.2129898e-09,7.7778446e-07,7.034044e-07,1.3646742e-06,1.2122997e-09
2.2411613e-09,8.1897605e-07,7.4229024e-07,1.4057305e-06,1.2298413e-09
2.3105027e-09,9.2526193e-07,8.4154453e-07,1.5198355e-06,1.2729283e-09
2.2748128e-09,8.677308e-07,7.87249e-07,1.4633647e-06,1.2506458e-09
2.185865e-09,7.5618385e-07,6.829045e-07,1.3460835e-06,1.1956345e-09
2.2002684e-09,7.7068955e-07,6.9701565e-07,1.3558324e-06,1.2045689e-09
2.2235969e-09,7.998216e-07,7.249543e-07,1.3806459e-06,1.2190879e-09
2.0788842e-09,6.219567e-07,5.587059e-07,1.1879167e-06,1.1296207e-09
2.0018067e-09,5.281704e-07,4.705488e-07,1.0865485e-06,1.0818846e-09
2.0093356e-09,5.340612e-07,4.755418e-07,1.0972067e-06,1.0864254e-09
1.9886943e-09,5.0036385e-07,4.4372376e-07,1.0597598e-06,1.0734945e-09
1.891038e-09,3.8721183e-07,3.3705516e-07,9.374845e-07,1.0129955e-09
2.1227309e-09,6.774986e-07,6.1382417e-07,1.2206983e-06,1.1572467e-09
2.1861437e-09,7.607434e-07,6.9077726e-07,1.3194275e-06,1.1963788e-09
2.1845443e-09,7.613899e-07,6.901038e-07,1.3315748e-06,1.1952461e-09
2.2250501e-09,8.1822736e-07,7.433375e-07,1.3911454e-06,1.2203658e-09
2.2357671e-09,8.3395616e-07,7.5635114e-07,1.4227492e-06,1.2267964e-09
2.0834572e-09,6.069208e-07,5.422341e-07,1.1903682e-06,1.1318583e-09
2.0972102e-09,6.205274e-07,5.5539834e-07,1.2004682e-06,1.140381e-09
2.1139333e-09,6.414986e-07,5.749615e-07,1.2240394e-06,1.1507242e-09
2.0532225e-09,5.6335676e-07,5.0136464e-07,1.1415249e-06,1.1130437e-09
2.1096627e-09,6.3430053e-07,5.684716e-07,1.2135247e-06,1.1480888e-09
2.1561388e-09,6.94296e-07,6.243531e-07,1.2819335e-06,1.1768436e-09
2.06995e-09,5.908948e-07,5.2750227e-07,1.1702832e-06,1.1235414e-09
1.9720767e-09,4.868571e-07,4.307806e-07,1.0496966e-06,1.0632608e-09
1.9171127e-09,4.3066677e-07,3.7853277e-07,9.833266e-07,1.0294257e-09
1.845233e-09,3.4781237e-07,3.0060684e-07,8.902201e-07,9.849169e-10
1.8431145e-09,3.3986328e-07,2.930887e-07,8.793537e-07,9.835074e-10
1.8431842e-09,3.3981237e-07,2.9290882e-07,8.808426e-07,9.835318e-10
1.884296e-09,3.7738437e-07,3.275488e-07,9.286662e-07,1.0087535e-09
1.8953001e-09,3.875732e-07,3.3675042e-07,9.439316e-07,1.0154821e-09
1.8808775e-09,3.7444093e-07,3.2450484e-07,9.291299e-07,1.0066186e-09
1.8301164e-09,3.2517082e-07,2.7868722e-07,8.69901e-07,9.75388e-10
1.8600704e-09,3.5328424e-07,3.0500365e-07,9.0124706e-07,9.93825e-10
1.8137689e-09,3.1225062e-07,2.670396e-07,8.5099055e-07,9.654185e-10
1.8575907e-09,3.540984e-07,3.062861e-07,8.972437e-07,9.924118e-10
1.860705e-09,3.5684127e-07,3.0865684e-07,9.026098e-07,9.943014e-10
2.0126825e-09,5.296215e-07,4.724523e-07,1.0798996e-06,1.0885314e-09
1.988519e-09,5.041175e-07,4.480787e-07,1.0568447e-06,1.0735627e-09
1.9785016e-09,4.9359005e-07,4.3750438e-07,1.0530819e-06,1.0672919e-09
1.9910946e-09,5.051384e-07,4.482602e-07,1.0653339e-06,1.0750226e-09
2.0079813e-09,5.220711e-07,4.636436e-07,1.0883504e-06,1.0853607e-09
1.9645512e-09,4.6004106e-07,4.0483056e-07,1.0228782e-06,1.0582344e-09
2.08205e-09,6.035612e-07,5.408392e-07,1.1689677e-06,1.1311996e-09
2.0897213e-09,6.134435e-07,5.490323e-07,1.1909478e-06,1.1358171e-09
2.0534894e-09,5.71968e-07,5.099714e-07,1.1476703e-06,1.1134023e-09
2.054096e-09,5.721108e-07,5.098964e-07,1.1494385e-06,1.1137391e-09
1.9954942e-09,5.067908e-07,4.4888276e-07,1.0759414e-06,1.07757e-09
1.9919169e-09,4.925366e-07,4.3559953e-07,1.056785e-06,1.0752184e-09
1.945491e-09,4.4741682e-07,3.9348834e-07,1.0064646e-06,1.0466514e-09
2.0747373e-09,6.0604486e-07,5.443475e-07,1.1628617e-06,1.1269932e-09
2.1765445e-09,7.438619e-07,6.748327e-07,1.3008428e-06,1.1903223e-09
2.2203002e-09,8.032064e-07,7.2886536e-07,1.3782102e-06,1.2172412e-09
2.1865587e-09,7.568917e-07,6.847865e-07,1.3347727e-06,1.1962229e-09
2.1847317e-09,7.5562025e-07,6.82134e-07,1.3470501e-06,1.1949162e-09
2.1951347e-09,7.587339e-07,6.8589816e-07,1.3420183e-06,1.2013437e-09
2.2240811e-09,7.9493816e-07,7.208339e-07,1.3714182e-06,1.2193899e-09
2.2266178e-09,8.0162846e-07,7.2651466e-07,1.3836816e-06,1.2209223e-09
2.353044e-09,1.0043674e-06,9.187964e-07,1.5765595e-06,1.2999644e-09
2.4244378e-09,1.1309857e-06,1.0355798e-06,1.718083e-06,1.3442819e-09
2.4091267e-09,1.1067923e-06,1.0123489e-06,1.6979463e-06,1.3346878e-09
2.4295153e-09,1.1404236e-06,1.0444571e-06,1.726611e-06,1.3474537e-09
2.428476e-09,1.1478644e-06,1.0501758e-06,1.7428706e-06,1.3467532e-09
2.4720888e-09,1.2161148e-06,1.1165819e-06,1.7932342e-06,1.3741804e-09
2.554646e-09,1.3876091e-06,1.2784237e-06,1.9483218e-06,1.426067e-09
2.5711624e-09,1.4407916e-06,1.3261312e-06,2.0095545e-06,1.4363606e-09
2.626395e-09,1.5676364e-06,1.4453996e-06,2.1210476e-06,1.4711161e-09
2.6691385e-09,1.6941958e-06,1.5603005e-06,2.2506283e-06,1.4978516e-09
2.648179e-09,1.634834e-06,1.5053754e-06,2.1962474e-06,1.4846391e-09
2.6193177e-09,1.556683e-06,1.4328341e-06,2.1247324e-06,1.4664512e-09
2.6789317e-09,1.704537e-06,1.5711186e-06,2.2550687e-06,1.5039888e-09
2.6238298e-09,1.5707943e-06,1.4458196e-06,2.1388437e-06,1.4693121e-09
2.6723574e-09,1.6848699e-06,1.5534039e-06,2.234808e-06,1.4999006e-09
2.723415e-09,1.8196798e-06,1.6794261e-06,2.3505909e-06,1.5321076e-09
2.661606e-09,1.6911645e-06,1.557248e-06,2.248412e-06,1.4932877e-09
2.7266212e-09,1.8338619e-06,1.6942531e-06,2.3546831e-06,1.5343892e-09
2.8358358e-09,2.170705e-06,2.006122e-06,2.6412213e-06,1.6033441e-09
2.8056977e-09,2.1077108e-06,1.9443014e-06,2.5988893e-06,1.584282e-09
2.7269254e-09,1.8901833e-06,1.7416628e-06,2.4188985e-06,1.5346228e-09
2.781184e-09,2.069872e-06,1.9049935e-06,2.5817494e-06,1.5686836e-09
2.7130382e-09,1.8353778e-06,1.6904311e-06,2.3761118e-06,1.5256194e-09
2.5913887e-09,1.5034312e-06,1.3823731e-06,2.080082e-06,1.4489614e-09
2.6613223e-09,1.6502156e-06,1.5229633e-06,2.1946446e-06,1.4931214e-09
2.5566975e-09,1.4478269e-06,1.332252e-06,2.0187595e-06,1.4276986e-09
2.555595e-09,1.4235302e-06,1.3110414e-06,1.9863796e-06,1.4269235e-09
2.6090814e-09,1.5344958e-06,1.4165637e-06,2.0774014e-06,1.4605867e-09
2.713124e-09,1.8012903e-06,1.6656963e-06,2.3130613e-06,1.5260884e-09
2.6785882e-09,1.7056407e-06,1.5756875e-06,2.2335685e-06,1.504203e-09
2.8250882e-09,2.1453889e-06,1.979066e-06,2.6358812e-06,1.5962577e-09
2.773894e-09,2.0332213e-06,1.8713979e-06,2.5543563e-06,1.5640196e-09
2.749879e-09,1.9488202e-06,1.7946925e-06,2.4773972e-06,1.5488453e-09
2.6369946e-09,1.6385447e-06,1.5074742e-06,2.20414e-06,1.4778051e-09
2.5936173e-09,1.5238775e-06,1.4013106e-06,2.0968478e-06,1.450505e-09
2.5802422e-09,1.4533848e-06,1.3380319e-06,2.0213502e-06,1.4419808e-09
2.4614755e-09,1.23624e-06,1.1342287e-06,1.8205064e-06,1.3678626e-09
2.4481979e-09,1.1916135e-06,1.0932804e-06,1.7708758e-06,1.359436e-09
2.485403e-09,1.2633768e-06,1.1607531e-06,1.8373937e-06,1.3827204e-09
2.4292968e-09,1.160693e-06,1.0636788e-06,1.7439992e-06,1.3475915e-09
2.234691e-09,8.437021e-07,7.6663724e-07,1.4251513e-06,1.226413e-09
2.1919127e-09,7.863639e-07,7.1246797e-07,1.3677496e-06,1.1998352e-09
2.11272e-09,6.591008e-07,5.9245167e-07,1.2361992e-06,1.150365e-09
2.035015e-09,5.4366944e-07,4.8316355e-07,1.1174227e-06,1.1018382e-09
2.0291528e-09,5.322895e-07,4.725045e-07,1.1036618e-06,1.098147e-09
1.9926247e-09,4.9791964e-07,4.402914e-07,1.06793e-06,1.0756734e-09
1.975286e-09,4.788475e-07,4.223802e-07,1.0469703e-06,1.0649589e-09
2.0542106e-09,5.7406385e-07,5.131513e-07,1.1379402e-06,1.1140229e-09
2.1838673e-09,7.5282173e-07,6.835956e-07,1.3076422e-06,1.194914e-09
2.100232e-09,6.5459335e-07,5.9092963e-07,1.2090454e-06,1.1431577e-09
2.137917e-09,6.9798585e-07,6.3007883e-07,1.2690787e-06,1.1662282e-09
2.1583872e-09,7.230864e-07,6.5280085e-07,1.3023355e-06,1.1787764e-09
2.109852e-09,6.50293e-07,5.8416015e-07,1.2263619e-06,1.1485208e-09
1.9486226e-09,4.5061503e-07,3.9626548e-07,1.012186e-06,1.0485494e-09
1.9153583e-09,4.1971657e-07,3.6751564e-07,9.767602e-07,1.0281094e-09
1.8209056e-09,3.328253e-07,2.8730204e-07,8.684058e-07,9.701528e-10
1.7325236e-09,2.5306403e-07,2.1343541e-07,7.690821e-07,9.158948e-10
1.6841011e-09,2.0603369e-07,1.6939865e-07,7.1275383e-07,8.86045e-10
1.6591738e-09,1.884237e-07,1.5341999e-07,6.8826296e-07,8.708498e-10
1.6406699e-09,1.7507425e-07,1.4127752e-07,6.696239e-07,8.5956214e-10
1.6510957e-09,1.8197598e-07,1.474844e-07,6.797242e-07,8.6590496e-10
1.6781576e-09,2.0117318e-07,1.6494477e-07,7.059574e-07,8.8240765e-10
1.709092e-09,2.2566957e-07,1.8759886e-07,7.3582584e-07,9.01349e-10
1.6573427e-09,1.9586554e-07,1.6133686e-07,6.896757e-07,8.6998725e-10
1.7805825e-09,3.059061e-07,2.6440568e-07,8.1418733e-07,9.457852e-10
1.7467494e-09,2.8000147e-07,2.404974e-07,7.834517e-07,9.250942e-10
1.7749321e-09,3.0141734e-07,2.5998443e-07,8.120274e-07,9.422905e-10
1.8163728e-09,3.3769814e-07,2.936748e-07,8.547954e-07,9.677195e-10
1.903449e-09,4.0640722e-07,3.5566842e-07,9.537888e-07,1.0208225e-09
1.7837364e-09,2.9891967e-07,2.5624928e-07,8.218628e-07,9.473697e-10
1.6892948e-09,2.5076827e-07,2.1517415e-07,7.3565263e-07,8.903518e-10
1.6592324e-09,2.2181965e-07,1.8811338e-07,7.0013755e-07,8.718382e-10
1.6386623e-09,1.9749643e-07,1.6495932e-07,6.7283435e-07,8.5904395e-10
1.6722734e-09,2.2193349e-07,1.8750671e-07,7.014602e-07,8.795825e-10
1.7066921e-09,2.4406836e-07,2.0708337e-07,7.3745525e-07,9.0047136e-10
1.7564853e-09,2.6547903e-07,2.241585e-07,7.8961034e-07,9.303739e-10
1.7040568e-09,2.3153484e-07,1.9381508e-07,7.3982324e-07,8.9851243e-10
1.7090696e-09,2.3372667e-07,1.9575458e-07,7.4207543e-07,9.0154306e-10
1.7088244e-09,2.2997011e-07,1.9210759e-07,7.369281e-07,9.013159e-10
1.7705404e-09,2.8371204e-07,2.4218215e-07,7.999202e-07,9.392183e-10
1.8598174e-09,3.6596253e-07,3.1872625e-07,8.978351e-07,9.940908e-10
1.9125344e-09,4.0653373e-07,3.5478735e-07,9.624742e-07,1.0261655e-09
1.9379878e-09,4.3133355e-07,3.7757735e-07,9.947917e-07,1.041788e-09
1.9127477e-09,4.078716e-07,3.557241e-07,9.681733e-07,1.0262747e-09
1.948576e-09,4.4525945e-07,3.9109068e-07,1.0060774e-06,1.0484232e-09
1.9401545e-09,4.3460474e-07,3.8105554e-07,9.940496e-07,1.0431922e-09
1.9061304e-09,4.0363358e-07,3.5222007e-07,9.590741e-07,1.0222917e-09
1.9528814e-09,4.5300033e-07,3.9873e-07,1.0113811e-06,1.0511756e-09
2.1645836e-09,7.2962024e-07,6.624168e-07,1.2790987e-06,1.1831013e-09
2.2053044e-09,7.882644e-07,7.170065e-07,1.3443823e-06,1.2083243e-09
2.250653e-09,8.554484e-07,7.790591e-07,1.4228135e-06,1.2363708e-09
2.3618247e-09,1.0235229e-06,9.3475893e-07,1.6111128e-06,1.305229e-09
2.280901e-09,9.152292e-07,8.3300927e-07,1.5041436e-06,1.2550733e-09
2.2704894e-09,8.747635e-07,7.957616e-07,1.4558595e-06,1.2483844e-09
2.415127e-09,1.1226327e-06,1.0327373e-06,1.6736042e-06,1.3392393e-09
2.4333922e-09,1.1658333e-06,1.0716996e-06,1.7259777e-06,1.3505417e-09
2.519345e-09,1.3368842e-06,1.2334679e-06,1.8795797e-06,1.4045036e-09
2.5995752e-09,1.5207398e-06,1.3997203e-06,2.088686e-06,1.4542337e-09
2.5880111e-09,1.5011715e-06,1.3806556e-06,2.0742275e-06,1.4469453e-09
2.5958613e-09,1.4892171e-06,1.371978e-06,2.0515615e-06,1.4518482e-09
2.5504026e-09,1.4135416e-06,1.2992019e-06,1.992906e-06,1.423374e-09
2.49066e-09,1.2734139e-06,1.1683459e-06,1.8599914e-06,1.385792e-09
2.6116482e-09,1.5263355e-06,1.4089596e-06,2.072785e-06,1.4620769e-09
2.6064826e-09,1.532136e-06,1.41232e-06,2.0878979e-06,1.4587751e-09
2.5993814e-09,1.5051713e-06,1.3875779e-06,2.0606326e-06,1.4542412e-09
2.7577527e-09,1.912393e-06,1.7684686e-06,2.4168855e-06,1.5540613e-09
2.7441638e-09,1.9289132e-06,1.7778691e-06,2.4539804e-06,1.5454337e-09
2.6840925e-09,1.7411891e-06,1.6047727e-06,2.2871195e-06,1.5074654e-09
2.8772476e-09,2.2901504e-06,2.1205574e-06,2.7275223e-06,1.6298701e-09
2.7045088e-09,1.8782382e-06,1.7352583e-06,2.3897767e-06,1.5217057e-09
2.6830524e-09,1.7693676e-06,1.6373092e-06,2.2764557e-06,1.5079185e-09
2.7528668e-09,1.972635e-06,1.8253033e-06,2.450624e-06,1.5517959e-09
2.8451472e-09,2.262376e-06,2.093947e-06,2.6855098e-06,1.6100447e-09
2.7949052e-09,2.042532e-06,1.8920357e-06,2.505259e-06,1.5779317e-09
2.9082812e-09,2.504905e-06,2.3018454e-06,2.944955e-06,1.648841e-09
2.9466873e-09,2.6572493e-06,2.440854e-06,3.0633867e-06,1.673165e-09
3.0088552e-09,2.9217094e-06,2.681014e-06,3.263843e-06,1.7126089e-09
2.8732767e-09,2.4265041e-06,2.2275271e-06,2.8867935e-06,1.627035e-09
2.8093825e-09,2.185966e-06,2.0102136e-06,2.6818302e-06,1.5866406e-09
2.8171279e-09,2.1851256e-06,2.012298e-06,2.671739e-06,1.5914983e-09
2.8102534e-09,2.1170017e-06,1.9532006e-06,2.6058924e-06,1.5870959e-09
2.7765645e-09,1.9732552e-06,1.8223473e-06,2.4806611e-06,1.5656803e-09
2.7689473e-09,2.002747e-06,1.8441801e-06,2.5259717e-06,1.5608324e-09
2.813434e-09,2.1387327e-06,1.9703027e-06,2.6374369e-06,1.588914e-09
2.656104e-09,1.7211073e-06,1.5841795e-06,2.2760605e-06,1.4901957e-09
2.5929752e-09,1.5309201e-06,1.4090633e-06,2.0961907e-06,1.4503397e-09
2.472103e-09,1.2547468e-06,1.1510768e-06,1.839434e-06,1.3744187e-09
2.5773395e-09,1.4598825e-06,1.3476368e-06,2.0047946e-06,1.440771e-09
2.4844624e-09,1.2581925e-06,1.1570474e-06,1.8261777e-06,1.3822941e-09
2.6053915e-09,1.5210057e-06,1.4032807e-06,2.0702403e-06,1.458153e-09
2.5547038e-09,1.4254109e-06,1.3120523e-06,1.991786e-06,1.4263277e-09
2.4398654e-09,1.2361131e-06,1.1348639e-06,1.8121264e-06,1.3549175e-09
2.3411297e-09,1.011706e-06,9.243013e-07,1.5947578e-06,1.2926844e-09
2.3593283e-09,1.0357313e-06,9.472933e-07,1.6143315e-06,1.3040021e-09
2.3540432e-09,1.0042721e-06,9.184819e-07,1.577881e-06,1.3005272e-09
2.3082949e-09,9.359584e-07,8.533035e-07,1.5173034e-06,1.2719616e-09
2.3294546e-09,9.733224e-07,8.865177e-07,1.5703454e-06,1.2849433e-09
2.2308533e-09,8.2883116e-07,7.511912e-07,1.4209274e-06,1.2237127e-09
2.1885294e-09,7.5613116e-07,6.8294196e-07,1.3439657e-06,1.1972601e-09
2.131737e-09,6.6111164e-07,5.931683e-07,1.2465939e-06,1.1616883e-09
2.1969648e-09,7.5171306e-07,6.793929e-07,1.3328513e-06,1.2023637e-09
2.1658402e-09,7.1297404e-07,6.425209e-07,1.2969209e-06,1.1830278e-09
2.2123827e-09,7.771091e-07,7.0218675e-07,1.3693282e-06,1.2118492e-09
2.1752924e-09,7.2800066e-07,6.558734e-07,1.3197691e-06,1.1888214e-09
2.1555824e-09,6.9973277e-07,6.2929377e-07,1.2898411e-06,1.1765615e-09
2.0863324e-09,6.022475e-07,5.374461e-07,1.1875891e-06,1.1334695e-09
2.0406452e-09,5.5108956e-07,4.8957713e-07,1.1315466e-06,1.1052611e-09
1.9324247e-09,4.349755e-07,3.8146624e-07,9.968027e-07,1.038556e-09
1.9126398e-09,4.1153572e-07,3.595677e-07,9.687658e-07,1.0263157e-09
1.837953e-09,3.3741273e-07,2.9056133e-07,8.8083345e-07,9.803394e-10
1.7900598e-09,2.9133545e-07,2.4766805e-07,8.252284e-07,9.508688e-10
1.7809202e-09,2.824187e-07,2.3939637e-07,8.1378096e-07,9.452453e-10
1.7504463e-09,2.601752e-07,2.1914089e-07,7.844651e-07,9.2665486e-10
1.7086108e-09,2.2477928e-07,1.8648116e-07,7.389417e-07,9.010137e-10
1.6859456e-09,2.0841556e-07,1.7161548e-07,7.163543e-07,8.871913e-10
1.6751973e-09,1.9983172e-07,1.6376315e-07,7.0437835e-07,8.80618e-10
1.6591806e-09,1.869177e-07,1.5189526e-07,6.869514e-07,8.708142e-10
1.6683772e-09,1.9317322e-07,1.5751216e-07,6.964282e-07,8.7641083e-10
1.6596006e-09,1.871413e-07,1.5204662e-07,6.880749e-07,8.710637e-10
1.6394086e-09,1.7456841e-07,1.4080533e-07,6.6965976e-07,8.587975e-10
1.6289712e-09,1.672681e-07,1.3420907e-07,6.588976e-07,8.5243845e-10
1.6066595e-09,1.5271925e-07,1.2113998e-07,6.3734615e-07,8.388683e-10
1.6398056e-09,1.7650592e-07,1.4295702e-07,6.6761646e-07,8.5910634e-10
1.6562252e-09,1.8772575e-07,1.5309314e-07,6.836537e-07,8.691053e-10
1.6868213e-09,2.0848563e-07,1.7175954e-07,7.1445385e-07,8.8772545e-10
1.6700817e-09,1.975229e-07,1.6184181e-07,6.9982e-07,8.775376e-10
1.7134749e-09,2.2892323e-07,1.9040488e-07,7.4280143e-07,9.040066e-10
1.708746e-09,2.2466662e-07,1.8646782e-07,7.3714153e-07,9.0110275e-10
1.8125481e-09,3.21355e-07,2.7724832e-07,8.448637e-07,9.650369e-10
1.899298e-09,4.062874e-07,3.5661043e-07,9.4275686e-07,1.0184588e-09
1.8500844e-09,3.696133e-07,3.2295296e-07,8.9940875e-07,9.88404e-10
1.8127478e-09,3.3669352e-07,2.923953e-07,8.6021146e-07,9.65491e-10
1.8107676e-09,3.3226678e-07,2.8794992e-07,8.5728607e-07,9.641932e-10
1.8504787e-09,3.6807216e-07,3.2188365e-07,8.916063e-07,9.886649e-10
1.7652119e-09,2.8763253e-07,2.4671922e-07,7.987646e-07,9.361962e-10
1.8628148e-09,3.6975723e-07,3.2212725e-07,9.0525174e-07,9.959412e-10
1.8935307e-09,3.9587397e-07,3.457207e-07,9.430827e-07,1.0146948e-09
1.9263773e-09,4.269228e-07,3.7432108e-07,9.823584e-07,1.0348492e-09
1.9150006e-09,4.105549e-07,3.5886583e-07,9.636321e-07,1.0277456e-09
1.9893531e-09,4.8508673e-07,4.2787536e-07,1.0549393e-06,1.0734679e-09
2.1309716e-09,6.713951e-07,6.0582124e-07,1.2317968e-06,1.1617927e-09
2.1960125e-09,7.5851665e-07,6.867448e-07,1.3323698e-06,1.202019e-09
2.1164483e-09,6.7316506e-07,6.0690866e-07,1.2425321e-06,1.1529757e-09
2.2342577e-09,8.3955007e-07,7.6486475e-07,1.4021789e-06,1.2263783e-09
2.2585451e-09,8.756885e-07,7.979745e-07,1.4452921e-06,1.2413566e-09
2.2325568e-09,8.2297277e-07,7.480197e-07,1.3933725e-06,1.2249568e-09
2.2393107e-09,8.326997e-07,7.567459e-07,1.4065023e-06,1.2290954e-09
2.3587843e-09,1.0103829e-06,9.215438e-07,1.6049551e-06,1.303111e-09
2.3600288e-09,1.0053928e-06,9.173642e-07,1.5962319e-06,1.3038673e-09
2.4265479e-09,1.1253684e-06,1.0304188e-06,1.7118043e-06,1.3454959e-09
2.5084792e-09,1.2859067e-06,1.1821191e-06,1.8590099e-06,1.3969375e-09
2.605354e-09,1.5020926e-06,1.3843742e-06,2.061903e-06,1.4577533e-09
2.6162217e-09,1.5456656e-06,1.4231136e-06,2.112042e-06,1.4645432e-09
2.5868936e-09,1.495118e-06,1.3744174e-06,2.0733958e-06,1.4461378e-09
2.6336557e-09,1.5959896e-06,1.4700643e-06,2.1567698e-06,1.4755788e-09
2.5932723e-09,1.49912e-06,1.3793479e-06,2.0705916e-06,1.4501664e-09
2.6751412e-09,1.6730428e-06,1.5461144e-06,2.205945e-06,1.5019254e-09
2.789542e-09,1.9937406e-06,1.8456909e-06,2.4792603e-06,1.5741903e-09
2.8418792e-09,2.2190968e-06,2.0466064e-06,2.694338e-06,1.6070412e-09
2.8086176e-09,2.1441301e-06,1.9744268e-06,2.640611e-06,1.5860322e-09
2.7819516e-09,2.106862e-06,1.935712e-06,2.622197e-06,1.5692015e-09
2.7142428e-09,1.852633e-06,1.7053176e-06,2.3945172e-06,1.5263922e-09
2.6318725e-09,1.595854e-06,1.4686493e-06,2.1633466e-06,1.4743493e-09
2.711538e-09,1.7705736e-06,1.6360991e-06,2.2979598e-06,1.5247505e-09
2.7650553e-09,1.9300558e-06,1.7838702e-06,2.4372773e-06,1.558522e-09
2.8130331e-09,2.1106837e-06,1.947264e-06,2.6039584e-06,1.5887236e-09
2.8045615e-09,2.121204e-06,1.953237e-06,2.6240734e-06,1.5833519e-09
2.8149232e-09,2.181182e-06,2.0056516e-06,2.681949e-06,1.5898439e-09
2.8368354e-09,2.1858982e-06,2.0166303e-06,2.6688733e-06,1.6037154e-09
2.7795846e-09,2.0210841e-06,1.8626072e-06,2.536741e-06,1.5675692e-09
2.789975e-09,2.0439384e-06,1.8847569e-06,2.551904e-06,1.5741213e-09
2.6930602e-09,1.8084371e-06,1.6644733e-06,2.3564426e-06,1.5132648e-09
2.7167966e-09,1.8507918e-06,1.7062616e-06,2.3815196e-06,1.5282042e-09
2.677555e-09,1.7068219e-06,1.5744097e-06,2.2496338e-06,1.5033236e-09
2.5587734e-09,1.4555369e-06,1.3390061e-06,2.0268112e-06,1.4289623e-09
2.4642406e-09,1.2373883e-06,1.135113e-06,1.8211508e-06,1.3695161e-09
2.47805e-09,1.2644093e-06,1.1601314e-06,1.8476521e-06,1.3781001e-09
2.392521e-09,1.0821367e-06,9.891496e-07,1.6736108e-06,1.3243684e-09
2.379449e-09,1.0405224e-06,9.508218e-07,1.627692e-06,1.3160734e-09
2.559539e-09,1.3919877e-06,1.2842825e-06,1.942739e-06,1.4293249e-09
2.6079832e-09,1.5175385e-06,1.3998447e-06,2.0689943e-06,1.4596611e-09
2.6791394e-09,1.7015683e-06,1.5710469e-06,2.236778e-06,1.5044131e-09
2.6007507e-09,1.567062e-06,1.4423148e-06,2.1323665e-06,1.4553945e-09
2.621318e-09,1.6064059e-06,1.4798903e-06,2.1605194e-06,1.4682648e-09
2.4823197e-09,1.2747868e-06,1.1701936e-06,1.8563413e-06,1.380849e-09
2.471836e-09,1.2403193e-06,1.138562e-06,1.8189171e-06,1.3742065e-09
2.3981537e-09,1.0855917e-06,9.929529e-07,1.6732351e-06,1.327879e-09
2.5072133e-09,1.2939723e-06,1.1890177e-06,1.8705659e-06,1.3961827e-09
2.3490294e-09,1.0209843e-06,9.329959e-07,1.6064357e-06,1.2975727e-09
2.3388165e-09,1.0036772e-06,9.1632796e-07,1.5906658e-06,1.2911343e-09
2.229016e-09,8.2808936e-07,7.513096e-07,1.4134941e-06,1.2227126e-09
2.0890023e-09,6.4699003e-07,5.822574e-07,1.2154351e-06,1.1360793e-09
1.9516546e-09,4.563153e-07,4.0167996e-07,1.018352e-06,1.050469e-09
1.9919324e-09,4.9947806e-07,4.4233232e-07,1.0636231e-06,1.0753543e-09
2.0022755e-09,5.066995e-07,4.49303e-07,1.0682731e-06,1.0817072e-09
2.0327313e-09,5.4221096e-07,4.8256317e-07,1.1078536e-06,1.1005377e-09
2.127738e-09,6.554492e-07,5.8822457e-07,1.2367587e-06,1.15925e-09
2.1844486e-09,7.3044623e-07,6.581025e-07,1.3217915e-06,1.1943594e-09
2.1873547e-09,7.359745e-07,6.630954e-07,1.3296012e-06,1.1961578e-09
2.136748e-09,6.713047e-07,6.0230553e-07,1.2622526e-06,1.1647892e-09
2.0435984e-09,5.668317e-07,5.0509595e-07,1.1437143e-06,1.1073558e-09
1.9393127e-09,4.4950025e-07,3.9560186e-07,1.0092579e-06,1.042981e-09
1.9154585e-09,4.1601956e-07,3.6410876e-07,9.704358e-07,1.0281219e-09
1.8751398e-09,3.7021732e-07,3.210512e-07,9.1887233e-07,1.0031669e-09
1.8894402e-09,3.8357888e-07,3.3360283e-07,9.3294165e-07,1.011971e-09
1.8438455e-09,3.4732972e-07,3.003013e-07,8.885007e-07,9.840901e-10
1.8644835e-09,3.6490772e-07,3.163757e-07,9.1161274e-07,9.967157e-10
1.8760233e-09,3.741648e-07,3.2511275e-07,9.2015046e-07,1.003802e-09
1.8478571e-09,3.4802298e-07,3.0076026e-07,8.898734e-07,9.864873e-10
1.8474191e-09,3.454835e-07,2.9834e-07,8.863596e-07,9.861784e-10
1.8189396e-09,3.2382127e-07,2.7835313e-07,8.614147e-07,9.687656e-10
1.8079361e-09,3.125567e-07,2.6785943e-07,8.473976e-07,9.619834e-10
1.8710504e-09,3.7648024e-07,3.284732e-07,9.117416e-07,1.0010017e-09
1.7935697e-09,3.1943205e-07,2.767134e-07,8.3552095e-07,9.537603e-10
1.789368e-09,3.11766e-07,2.6926386e-07,8.277449e-07,9.510799e-10
1.8999606e-09,4.1505137e-07,3.6533936e-07,9.4989326e-07,1.0190515e-09
1.8234593e-09,3.541895e-07,3.0968852e-07,8.7204205e-07,9.723078e-10
1.7655326e-09,2.9073863e-07,2.4973681e-07,8.0219934e-07,9.364458e-10
1.8270225e-09,3.36085e-07,2.9049696e-07,8.6880084e-07,9.738941e-10
1.873003e-09,3.7982443e-07,3.3144642e-07,9.1749905e-07,1.0022e-09
1.8208883e-09,3.251372e-07,2.7999192e-07,8.5681216e-07,9.700036e-10
1.9850428e-09,4.920045e-07,4.3626795e-07,1.0457499e-06,1.0712304e-09
1.9671922e-09,4.7513552e-07,4.200364e-07,1.0326089e-06,1.0601918e-09
1.95899e-09,4.6636848e-07,4.1152146e-07,1.0258935e-06,1.0550889e-09
1.9176283e-09,4.2209027e-07,3.7007374e-07,9.756982e-07,1.0295617e-09
1.9084687e-09,4.1243072e-07,3.6087366e-07,9.663736e-07,1.0238885e-09
1.8519629e-09,3.4380588e-07,2.9601853e-07,8.9113337e-07,9.887915e-10
1.8171773e-09,3.1548467e-07,2.6996497e-07,8.559774e-07,9.675045e-10
1.9142745e-09,4.1806095e-07,3.6712402e-07,9.617086e-07,1.027587e-09
1.909099e-09,4.1280813e-07,3.6185858e-07,9.596926e-07,1.0243515e-09
1.8336516e-09,3.526485e-07,3.0688977e-07,8.821023e-07,9.782513e-10
1.8197506e-09,3.3651588e-07,2.9165125e-07,8.637651e-07,9.696299e-10
1.9142086e-09,4.277855e-07,3.7684066e-07,9.685274e-07,1.0277599e-09
1.8981492e-09,4.0326873e-07,3.5341097e-07,9.429811e-07,1.0176732e-09
1.941945e-09,4.4802522e-07,3.9506335e-07,9.959045e-07,1.0446406e-09
2.1179303e-09,6.4833796e-07,5.827899e-07,1.2184578e-06,1.1534191e-09
2.2130666e-09,7.7544087e-07,7.017036e-07,1.3577205e-06,1.2123851e-09
2.24908e-09,8.3002783e-07,7.528347e-07,1.4158254e-06,1.2347807e-09
2.3457767e-09,9.844913e-07,8.9842126e-07,1.5697128e-06,1.2951044e-09
2.365001e-09,1.0230913e-06,9.3324934e-07,1.6197915e-06,1.3069896e-09
2.370846e-09,1.0297829e-06,9.398648e-07,1.6237007e-06,1.3106383e-09
2.337729e-09,9.782863e-07,8.9107107e-07,1.5758233e-06,1.2899756e-09
2.3119595e-09,9.3753226e-07,8.525933e-07,1.5363063e-06,1.2738994e-09
2.2123179e-09,7.8227674e-07,7.066638e-07,1.3784245e-06,1.2118258e-09
2.2017825e-09,7.6443337e-07,6.9000316e-07,1.3584352e-06,1.2052537e-09
2.1942599e-09,7.460526e-07,6.7305047e-07,1.3358452e-06,1.2005188e-09
2.3010436e-09,9.1059053e-07,8.3007285e-07,1.4867255e-06,1.2673648e-09
2.2198956e-09,8.050854e-07,7.304604e-07,1.3839962e-06,1.2170296e-09
2.2405207e-09,8.3566044e-07,7.584588e-07,1.4208679e-06,1.2297516e-09
2.379192e-09,1.0634105e-06,9.75712e-07,1.6254805e-06,1.3166674e-09
2.4170235e-09,1.1340268e-06,1.0415713e-06,1.6968149e-06,1.3402522e-09
2.4166995e-09,1.1266696e-06,1.0345561e-06,1.6897266e-06,1.3399449e-09
2.4357132e-09,1.1719409e-06,1.0737028e-06,1.7592644e-06,1.351534e-09
2.533563e-09,1.3656363e-06,1.255727e-06,1.9397037e-06,1.4128302e-09
2.5697076e-09,1.4243294e-06,1.3130245e-06,1.9811812e-06,1.4355851e-09
2.5542353e-09,1.4055166e-06,1.2937096e-06,1.9730107e-06,1.425838e-09
2.516582e-09,1.3332896e-06,1.2251242e-06,1.9107679e-06,1.402196e-09
2.5690419e-09,1.4527017e-06,1.3353168e-06,2.0307564e-06,1.4349633e-09
2.490916e-09,1.2821524e-06,1.1758489e-06,1.8717219e-06,1.3859542e-09
2.4702385e-09,1.2154924e-06,1.1146517e-06,1.8013945e-06,1.3728709e-09
2.5445595e-09,1.364781e-06,1.2561911e-06,1.932657e-06,1.4196178e-09
2.489027e-09,1.2736193e-06,1.1690959e-06,1.8572762e-06,1.3848915e-09
2.5402298e-09,1.371724e-06,1.2626213e-06,1.9387244e-06,1.4170796e-09
2.4834594e-09,1.2795886e-06,1.1746642e-06,1.8619066e-06,1.3815975e-09
2.4754365e-09,1.2510768e-06,1.148607e-06,1.8296885e-06,1.3765018e-09
2.4385185e-09,1.1622379e-06,1.065483e-06,1.7436209e-06,1.3532182e-09
2.4756197e-09,1.2382739e-06,1.1359541e-06,1.8222438e-06,1.376371e-09
2.3677376e-09,1.034341e-06,9.441114e-07,1.628619e-06,1.3088173e-09
2.442079e-09,1.1679097e-06,1.06983e-06,1.756541e-06,1.3553012e-09
2.4757691e-09,1.2269243e-06,1.1262251e-06,1.8062694e-06,1.3764485e-09
2.3670972e-09,1.0457146e-06,9.556975e-07,1.6340645e-06,1.3086993e-09
2.3520257e-09,1.0138325e-06,9.25801e-07,1.6009571e-06,1.2992172e-09
2.41279e-09,1.1201196e-06,1.0256897e-06,1.704276e-06,1.3371552e-09
2.436818e-09,1.15604e-06,1.0603724e-06,1.73239e-06,1.352203e-09
2.3316469e-09,9.752978e-07,8.897489e-07,1.5617111e-06,1.2864738e-09
2.436189e-09,1.1583248e-06,1.0616408e-06,1.7417833e-06,1.351744e-09
2.498549e-09,1.2791927e-06,1.175733e-06,1.8523275e-06,1.3908527e-09
2.4394158e-09,1.1735461e-06,1.0756639e-06,1.7578243e-06,1.3538413e-09
2.4833202e-09,1.2485742e-06,1.1477814e-06,1.8179588e-06,1.3814201e-09
2.4657214e-09,1.2344494e-06,1.1320965e-06,1.8213086e-06,1.3703401e-09
2.4022002e-09,1.1092876e-06,1.0146381e-06,1.70052e-06,1.3305413e-09
2.235292e-09,8.4171165e-07,7.6408634e-07,1.428358e-06,1.2266672e-09
2.2862956e-09,9.1434777e-07,8.333592e-07,1.4927491e-06,1.2584711e-09
2.2410283e-09,8.247147e-07,7.4861805e-07,1.4042753e-06,1.2299599e-09
2.338985e-09,9.820283e-07,8.980338e-07,1.5518885e-06,1.2912293e-09
2.2689455e-09,8.839084e-07,8.049339e-07,1.4608579e-06,1.2476528e-09
2.266882e-09,8.8488287e-07,8.041465e-07,1.4762297e-06,1.2461963e-09
2.322377e-09,9.643887e-07,8.808742e-07,1.5399794e-06,1.2809349e-09
2.2278706e-09,8.276877e-07,7.520841e-07,1.40426e-06,1.2221831e-09
2.2149673e-09,7.928662e-07,7.194002e-07,1.3659829e-06,1.2139485e-09
2.3259816e-09,9.654426e-07,8.823114e-07,1.5365189e-06,1.2831698e-09
2.3850482e-09,1.0675325e-06,9.769269e-07,1.6479212e-06,1.3198669e-09
2.3109228e-09,9.3793443e-07,8.5443196e-07,1.5247861e-06,1.2734698e-09
2.2607458e-09,8.7695327e-07,7.9644565e-07,1.4701325e-06,1.2423504e-09
2.253086e-09,8.549262e-07,7.761853e-07,1.442811e-06,1.2375064e-09
2.1512587e-09,6.997316e-07,6.299276e-07,1.2848953e-06,1.1740399e-09
2.0958315e-09,6.199379e-07,5.546863e-07,1.2014937e-06,1.1395211e-09
2.0853537e-09,6.0398736e-07,5.3969507e-07,1.1837978e-06,1.1329864e-09
2.1099313e-09,6.342412e-07,5.676178e-07,1.2209969e-06,1.1481442e-09
2.0320634e-09,5.367726e-07,4.7605653e-07,1.1159232e-06,1.0998801e-09
2.048099e-09,5.551106e-07,4.933262e-07,1.135075e-06,1.1098018e-09
2.051026e-09,5.579786e-07,4.9604967e-07,1.137696e-06,1.1116086e-09
2.090836e-09,6.0706213e-07,5.4269964e-07,1.1854315e-06,1.1363461e-09
2.1382494e-09,6.693546e-07,6.015402e-07,1.2493117e-06,1.1658075e-09
2.0187096e-09,5.6009264e-07,5.014713e-07,1.1145028e-06,1.0926134e-09
2.0206237e-09,5.569588e-07,4.983261e-07,1.1108913e-06,1.0936911e-09
1.977402e-09,5.055134e-07,4.4987974e-07,1.0556058e-06,1.0669242e-09
1.9878739e-09,5.098246e-07,4.539717e-07,1.0577361e-06,1.0732981e-09
1.8900526e-09,4.0169328e-07,3.5227507e-07,9.40096e-07,1.0128265e-09
2.0234818e-09,5.352353e-07,4.7613474e-07,1.1005463e-06,1.0948916e-09
2.0330768e-09,5.4536724e-07,4.8553835e-07,1.1121517e-06,1.1007957e-09
2.1260813e-09,6.6131366e-07,5.947295e-07,1.2346497e-06,1.1584622e-09
2.1065625e-09,6.3603665e-07,5.7062164e-07,1.2109183e-06,1.1463093e-09
2.168072e-09,7.115377e-07,6.4026017e-07,1.3030163e-06,1.1842286e-09
2.05738e-09,5.8312963e-07,5.205806e-07,1.1596649e-06,1.1159089e-09
2.0830524e-09,6.118825e-07,5.4783675e-07,1.1871289e-06,1.1318012e-09
2.1327573e-09,6.739531e-07,6.073897e-07,1.2417015e-06,1.1627662e-09
2.2123054e-09,7.862726e-07,7.136344e-07,1.353926e-06,1.2122893e-09
2.1764537e-09,7.4132515e-07,6.706199e-07,1.314437e-06,1.1899879e-09
2.2591626e-09,8.523658e-07,7.73133e-07,1.4454234e-06,1.2410573e-09
2.1709068e-09,7.3925474e-07,6.6730354e-07,1.3257775e-06,1.1864383e-09
2.1101918e-09,6.4710537e-07,5.805319e-07,1.2287147e-06,1.148589e-09
2.1418955e-09,6.8223517e-07,6.1461867e-07,1.2554615e-06,1.1683177e-09
2.2075992e-09,7.739013e-07,7.009128e-07,1.3505634e-06,1.2091518e-09
2.1422772e-09,6.88943e-07,6.206298e-07,1.2659996e-06,1.168597e-09
2.1235866e-09,6.689108e-07,6.010893e-07,1.2522644e-06,1.1569691e-09
2.1706494e-09,7.296822e-07,6.5857125e-07,1.3120474e-06,1.1861916e-09
2.104771e-09,6.3409783e-07,5.683539e-07,1.2135899e-06,1.1451514e-09
2.0832687e-09,6.0057135e-07,5.367191e-07,1.1777172e-06,1.1317133e-09
2.080347e-09,5.984399e-07,5.3437e-07,1.1791581e-06,1.1298784e-09
2.0912032e-09,6.118856e-07,5.465444e-07,1.1980576e-06,1.1365441e-09
2.0796431e-09,5.923072e-07,5.282956e-07,1.1747312e-06,1.1293265e-09
2.2146824e-09,7.824053e-07,7.09656e-07,1.3538497e-06,1.2136595e-09
2.251744e-09,8.3937607e-07,7.629652e-07,1.4146381e-06,1.2367001e-09
2.327647e-09,9.596354e-07,8.7546493e-07,1.5414146e-06,1.2839168e-09
2.3141276e-09,9.476815e-07,8.628225e-07,1.5415478e-06,1.2754321e-09
2.3621882e-09,1.0266224e-06,9.3701817e-07,1.619328e-06,1.305392e-09
2.3451667e-09,9.851781e-07,8.984809e-07,1.5751665e-06,1.2946673e-09
2.3143665e-09,9.382687e-07,8.5393094e-07,1.5319868e-06,1.2754462e-09
2.3162618e-09,9.3755557e-07,8.534996e-07,1.5290548e-06,1.2766096e-09
2.3222433e-09,9.521146e-07,8.6629024e-07,1.551054e-06,1.2802825e-09
2.2424913e-09,8.2935094e-07,7.509476e-07,1.4266906e-06,1.2306354e-09
2.2654878e-09,8.564317e-07,7.774416e-07,1.4453965e-06,1.2449916e-09
2.2481468e-09,8.3304224e-07,7.550561e-07,1.42486e-06,1.234181e-09
2.2895568e-09,8.9350794e-07,8.1297685e-07,1.4775242e-06,1.2600718e-09
2.3136961e-09,9.343868e-07,8.5106336e-07,1.5215139e-06,1.2750965e-09
2.3140232e-09,9.4123516e-07,8.563746e-07,1.5378828e-06,1.2752328e-09
2.1917743e-09,7.639211e-07,6.901629e-07,1.3540238e-06,1.1993028e-09
2.2790978e-09,8.9266115e-07,8.1275226e-07,1.4727356e-06,1.2538276e-09
2.1964273e-09,7.6540925e-07,6.9252894e-07,1.3467313e-06,1.2022644e-09
2.2144613e-09,7.872567e-07,7.134174e-07,1.3655092e-06,1.2134648e-09
2.2391269e-09,8.239226e-07,7.476575e-07,1.4050262e-06,1.2287762e-09
2.2586761e-09,8.543958e-07,7.748716e-07,1.4488747e-06,1.240769e-09
2.2637612e-09,8.517053e-07,7.730599e-07,1.4397503e-06,1.2438959e-09
2.2331825e-09,8.146907e-07,7.376382e-07,1.4079966e-06,1.2248991e-09
2.1680933e-09,7.2068264e-07,6.491979e-07,1.3107472e-06,1.1844146e-09
2.1153137e-09,6.4811735e-07,5.8097385e-07,1.2339322e-06,1.1516249e-09
2.1670543e-09,7.1596514e-07,6.454161e-07,1.2991903e-06,1.1838118e-09
2.1185622e-09,6.437742e-07,5.7714266e-07,1.2256698e-06,1.1535519e-09
2.1524624e-09,6.88904e-07,6.1942706e-07,1.2748275e-06,1.1745747e-09
2.0836584e-09,6.126611e-07,5.4814177e-07,1.1926228e-06,1.1321256e-09
2.0595814e-09,5.835976e-07,5.207792e-07,1.1617032e-06,1.1172097e-09
2.1224897e-09,6.621304e-07,5.9635096e-07,1.2291788e-06,1.1564399e-09
2.1231576e-09,6.6281e-07,5.9659465e-07,1.2331108e-06,1.1567943e-09
2.1965825e-09,7.6553613e-07,6.943362e-07,1.3308486e-06,1.202576e-09
2.2444233e-09,8.316262e-07,7.5454113e-07,1.4164676e-06,1.2320265e-09
2.2301503e-09,8.166634e-07,7.3950315e-07,1.4100663e-06,1.2230987e-09
2.170323e-09,7.2160685e-07,6.500062e-07,1.3117424e-06,1.1857615e-09
2.1508524e-09,6.9550845e-07,6.2537964e-07,1.2850597e-06,1.1736631e-09
2.197128e-09,7.5405956e-07,6.821043e-07,1.3315866e-06,1.2025734e-09
2.2682207e-09,8.615799e-07,7.838754e-07,1.4370337e-06,1.246921e-09
2.32321e-09,9.504661e-07,8.66459e-07,1.5353762e-06,1.2810734e-09
2.3997422e-09,1.0831242e-06,9.911041e-07,1.6671997e-06,1.3288609e-09
2.3614932e-09,1.0348351e-06,9.4439366e-07,1.6309793e-06,1.3050332e-09
2.42101e-09,1.1300241e-06,1.0361753e-06,1.7067788e-06,1.342403e-09
2.4445819e-09,1.1728348e-06,1.0765277e-06,1.7463382e-06,1.3571421e-09
2.3903006e-09,1.0878261e-06,9.956009e-07,1.6716866e-06,1.3232486e-09
2.252571e-09,8.725333e-07,7.936889e-07,1.4546767e-06,1.2375682e-09
2.3907902e-09,1.0988255e-06,1.0081712e-06,1.6656875e-06,1.3239609e-09
2.340352e-09,9.962042e-07,9.11095e-07,1.5687469e-06,1.2922066e-09
2.3835023e-09,1.0647611e-06,9.766919e-07,1.6272811e-06,1.3192205e-09
2.4332694e-09,1.1606733e-06,1.065574e-06,1.7292775e-06,1.3502156e-09
2.47408e-09,1.2448629e-06,1.1409396e-06,1.8368228e-06,1.3753744e-09
2.4627387e-09,1.2057494e-06,1.1053074e-06,1.7930815e-06,1.3682061e-09
2.400476e-09,1.1031998e-06,1.0084798e-06,1.6982433e-06,1.3293635e-09
2.3348592e-09,9.77302e-07,8.9027367e-07,1.5738558e-06,1.2882507e-09
2.3293405e-09,9.617356e-07,8.7600324e-07,1.5552089e-06,1.2847737e-09
2.2999973e-09,9.1740236e-07,8.340038e-07,1.5134204e-06,1.2664775e-09
2.2830988e-09,8.799798e-07,7.991455e-07,1.4726526e-06,1.2558508e-09
2.3345914e-09,9.638468e-07,8.7803403e-07,1.5569506e-06,1.2879708e-09
2.3356344e-09,9.683719e-07,8.819476e-07,1.5642008e-06,1.2886112e-09
2.3321325e-09,9.613736e-07,8.754088e-07,1.5568114e-06,1.286416e-09
2.3356874e-09,9.711821e-07,8.8409627e-07,1.5709011e-06,1.2886125e-09
2.3654523e-09,1.0178555e-06,9.287238e-07,1.611377e-06,1.3072463e-09
2.3411684e-09,9.773291e-07,8.9039645e-07,1.5730468e-06,1.2920665e-09
2.3789495e-09,1.0416597e-06,9.512188e-07,1.6339311e-06,1.3156967e-09
2.3932378e-09,1.0681301e-06,9.760086e-07,1.6604777e-06,1.3246264e-09
2.2953957e-09,9.283243e-07,8.4487016e-07,1.521138e-06,1.2639163e-09
2.2939222e-09,9.1466325e-07,8.326207e-07,1.5015016e-06,1.2629302e-09
2.3576794e-09,1.0175154e-06,9.303991e-07,1.5953797e-06,1.3028094e-09
2.307992e-09,9.349295e-07,8.520977e-07,1.5180855e-06,1.2717313e-09
2.326371e-09,9.614246e-07,8.773254e-07,1.5416117e-06,1.2831854e-09
2.4050992e-09,1.0947736e-06,1.0008179e-06,1.6880341e-06,1.3320756e-09
2.31225e-09,9.489979e-07,8.6388025e-07,1.5445423e-06,1.2742889e-09
2.2336346e-09,8.172708e-07,7.399385e-07,1.4114387e-06,1.2251861e-09
2.2368496e-09,8.1970154e-07,7.423031e-07,1.4126877e-06,1.2271636e-09
2.1685649e-09,7.16207e-07,6.4482714e-07,1.3066341e-06,1.1846133e-09
2.1272346e-09,6.538062e-07,5.8602245e-07,1.2413045e-06,1.158839e-09
2.1528006e-09,6.8784135e-07,6.178764e-07,1.2786513e-06,1.1746892e-09
2.122405e-09,6.5001825e-07,5.822605e-07,1.2396354e-06,1.1558512e-09
2.1086628e-09,6.293789e-07,5.629555e-07,1.2162891e-06,1.1472991e-09
2.101734e-09,6.211108e-07,5.551169e-07,1.2082048e-06,1.1430015e-09
2.1890905e-09,7.413984e-07,6.6983336e-07,1.3212915e-06,1.1975068e-09
2.1843412e-09,7.3666723e-07,6.649862e-07,1.3199198e-06,1.1945249e-09
2.2465776e-09,8.2690974e-07,7.4971956e-07,1.4144938e-06,1.2332118e-09
2.202956e-09,7.7145035e-07,6.972028e-07,1.3613484e-06,1.2061402e-09
2.2066236e-09,7.7704993e-07,7.02117e-07,1.3698051e-06,1.2083743e-09
2.1461803e-09,6.8315313e-07,6.136437e-07,1.2726056e-06,1.1706611e-09
2.2012578e-09,7.589676e-07,6.8572524e-07,1.3449063e-06,1.2049828e-09
2.110089e-09,6.403002e-07,5.740931e-07,1.221573e-06,1.1484322e-09
2.0849207e-09,6.1143413e-07,5.467767e-07,1.1928543e-06,1.1328453e-09
2.1053226e-09,6.347215e-07,5.689224e-07,1.2144367e-06,1.1454899e-09
2.0239668e-09,5.435424e-07,4.837907e-07,1.1129572e-06,1.0952882e-09
1.9995459e-09,5.0425575e-07,4.4666515e-07,1.0697328e-06,1.079987e-09
1.9218684e-09,4.3383724e-07,3.816933e-07,9.846573e-07,1.0323565e-09
1.8648891e-09,3.792859e-07,3.310703e-07,9.1917593e-07,9.973374e-10
1.8537063e-09,3.5983612e-07,3.1261408e-07,8.963645e-07,9.902859e-10
1.8736686e-09,3.7728458e-07,3.2857218e-07,9.1946345e-07,1.0025026e-09
1.8033498e-09,3.072766e-07,2.6306498e-07,8.388635e-07,9.591629e-10
1.8979271e-09,3.961348e-07,3.4576647e-07,9.4409205e-07,1.0173167e-09
1.8543114e-09,3.6152386e-07,3.1392577e-07,9.02385e-07,9.906418e-10
1.7947677e-09,3.0525808e-07,2.6162385e-07,8.3440233e-07,9.540334e-10
1.8323385e-09,3.3945372e-07,2.9368468e-07,8.714908e-07,9.771471e-10
1.8318836e-09,3.3806373e-07,2.9209954e-07,8.729651e-07,9.768168e-10
1.7538865e-09,2.6611252e-07,2.251489e-07,7.86684e-07,9.288715e-10
1.7979273e-09,3.0079684e-07,2.5678614e-07,8.33645e-07,9.557775e-10
1.7937454e-09,2.9700843e-07,2.5315524e-07,8.3055966e-07,9.531952e-10
1.8065713e-09,3.0671106e-07,2.6229543e-07,8.39437e-07,9.610595e-10
1.8265336e-09,3.2429853e-07,2.7849674e-07,8.620043e-07,9.73297e-10
1.9076518e-09,4.016037e-07,3.5042092e-07,9.539456e-07,1.0231866e-09
1.9673077e-09,4.6534615e-07,4.102037e-07,1.024969e-06,1.0600212e-09
1.9869635e-09,4.84989e-07,4.2784387e-07,1.0550308e-06,1.0720375e-09
2.040811e-09,5.479534e-07,4.873036e-07,1.1204834e-06,1.1054041e-09
2.0808408e-09,5.9536376e-07,5.3139695e-07,1.1760383e-06,1.1301207e-09
2.1378894e-09,6.6961087e-07,6.016985e-07,1.2505826e-06,1.1655846e-09
2.143525e-09,6.7799937e-07,6.0936435e-07,1.2615764e-06,1.1690642e-09
2.1887998e-09,7.386734e-07,6.657409e-07,1.3315048e-06,1.19708e-09
2.1296227e-09,6.637083e-07,5.9532783e-07,1.2529904e-06,1.1604147e-09
2.1106308e-09,6.3923324e-07,5.723016e-07,1.2270508e-06,1.148633e-09
2.066451e-09,5.785321e-07,5.152413e-07,1.1614375e-06,1.121173e-09
1.9955875e-09,4.989761e-07,4.4091715e-07,1.0721391e-06,1.0774249e-09
1.960986e-09,4.56255e-07,4.0082085e-07,1.0239526e-06,1.0559761e-09
2.014446e-09,5.1684094e-07,4.5804242e-07,1.0869305e-06,1.0890798e-09
2.2380329e-09,8.409835e-07,7.694818e-07,1.3775325e-06,1.2292108e-09
2.3418e-09,1.0095295e-06,9.2786706e-07,1.5482951e-06,1.2938357e-09
2.3021784e-09,9.64919e-07,8.834499e-07,1.5263157e-06,1.269071e-09
2.3732225e-09,1.0813425e-06,9.914204e-07,1.6504266e-06,1.3131208e-09
2.3296214e-09,1.0148766e-06,9.2812525e-07,1.590407e-06,1.2858937e-09
2.2967792e-09,9.210303e-07,8.4026584e-07,1.4942021e-06,1.2649612e-09
2.2996143e-09,9.183592e-07,8.378302e-07,1.4901339e-06,1.2666417e-09
2.2786961e-09,8.9725876e-07,8.16224e-07,1.4852282e-06,1.2535355e-09
2.2051125e-09,7.856813e-07,7.1116256e-07,1.3718754e-06,1.2077085e-09
2.2628972e-09,8.6879567e-07,7.8953315e-07,1.4542766e-06,1.2436461e-09
2.2317532e-09,8.0930204e-07,7.3349634e-07,1.3934999e-06,1.2240864e-09
2.2249662e-09,7.935703e-07,7.1873205e-07,1.3764458e-06,1.2197888e-09
2.2710722e-09,8.631342e-07,7.8323086e-07,1.4559988e-06,1.2483701e-09
2.3555782e-09,9.995734e-07,9.115826e-07,1.592952e-06,1.3010706e-09
2.394516e-09,1.0665896e-06,9.751313e-07,1.6548533e-06,1.3254553e-09
2.4387856e-09,1.1500387e-06,1.0535397e-06,1.7359748e-06,1.3531656e-09
2.4209128e-09,1.1259162e-06,1.0299987e-06,1.7189936e-06,1.3419835e-09
2.5689362e-09,1.4216271e-06,1.3103738e-06,1.9807273e-06,1.4350976e-09
2.6483125e-09,1.6101495e-06,1.4873041e-06,2.1483759e-06,1.4850681e-09
2.582409e-09,1.489358e-06,1.371762e-06,2.0521636e-06,1.4437391e-09
2.5049354e-09,1.3374458e-06,1.2288191e-06,1.914729e-06,1.3952225e-09
2.5173477e-09,1.364905e-06,1.2538437e-06,1.9426204e-06,1.4029016e-09
2.4142224e-09,1.1279363e-06,1.0321014e-06,1.7181452e-06,1.3380064e-09
2.4212417e-09,1.1153752e-06,1.022065e-06,1.6949346e-06,1.3423219e-09
2.521349e-09,1.3135334e-06,1.2092229e-06,1.8771127e-06,1.4051758e-09
2.6287281e-09,1.5598769e-06,1.4391968e-06,2.109211e-06,1.4725698e-09
2.5839435e-09,1.4876239e-06,1.3690103e-06,2.0574928e-06,1.4444848e-09
2.5214915e-09,1.377538e-06,1.2647478e-06,1.9620838e-06,1.4054407e-09
2.4453042e-09,1.206847e-06,1.1056696e-06,1.796282e-06,1.3576241e-09
2.4100086e-09,1.1145723e-06,1.0200195e-06,1.7020425e-06,1.335361e-09
2.4311e-09,1.1333973e-06,1.0395544e-06,1.7083626e-06,1.3485587e-09
2.365355e-09,1.0349329e-06,9.4593804e-07,1.6206975e-06,1.3075747e-09
2.4762334e-09,1.2392256e-06,1.1389482e-06,1.8101709e-06,1.3770369e-09
2.40132e-09,1.1209422e-06,1.026919e-06,1.7031493e-06,1.3303332e-09
2.4439093e-09,1.1903458e-06,1.0934054e-06,1.7595559e-06,1.3570041e-09
2.4672278e-09,1.2209425e-06,1.1233592e-06,1.7803048e-06,1.3715837e-09
2.4727878e-09,1.2476254e-06,1.1456734e-06,1.8244261e-06,1.3749032e-09
2.365646e-09,1.044366e-06,9.544168e-07,1.6314729e-06,1.307805e-09
2.4361346e-09,1.170188e-06,1.0718663e-06,1.7584059e-06,1.3517311e-09
2.320559e-09,9.657784e-07,8.799599e-07,1.5585489e-06,1.2795578e-09
2.2133921e-09,7.83753e-07,7.0839263e-07,1.3771062e-06,1.2125431e-09
2.175357e-09,7.2869625e-07,6.565846e-07,1.3199489e-06,1.1888793e-09
2.2021538e-09,7.641972e-07,6.902924e-07,1.3535877e-06,1.2055461e-09
2.318283e-09,9.450282e-07,8.6462285e-07,1.5054635e-06,1.2785243e-09
2.4271387e-09,1.1378321e-06,1.0458076e-06,1.6965075e-06,1.346505e-09
2.4082876e-09,1.1219439e-06,1.0285319e-06,1.6987151e-06,1.3346426e-09
2.486164e-09,1.2717286e-06,1.1680447e-06,1.8489015e-06,1.3832203e-09
2.4086448e-09,1.1459682e-06,1.0495025e-06,1.7321356e-06,1.3349182e-09
2.2176745e-09,8.186274e-07,7.425206e-07,1.40363e-06,1.215763e-09
2.0881132e-09,6.2588884e-07,5.609624e-07,1.2040076e-06,1.1350554e-09
2.120907e-09,6.640948e-07,5.9737647e-07,1.2388293e-06,1.155401e-09
2.09328e-09,6.143258e-07,5.502261e-07,1.1870494e-06,1.1380126e-09
2.0356012e-09,5.517207e-07,4.914538e-07,1.1209011e-06,1.1024054e-09
2.1490671e-09,6.97053e-07,6.288303e-07,1.2692692e-06,1.1728742e-09
2.114344e-09,6.58842e-07,5.924437e-07,1.2344967e-06,1.1513717e-09
2.1123623e-09,6.507735e-07,5.848939e-07,1.2242049e-06,1.1500689e-09
2.1365156e-09,6.7955983e-07,6.122757e-07,1.2509639e-06,1.1650547e-09
2.1545812e-09,7.028876e-07,6.33013e-07,1.2868398e-06,1.1761002e-09
2.1466082e-09,6.846523e-07,6.15982e-07,1.2655292e-06,1.1710609e-09
2.0688973e-09,6.071401e-07,5.439923e-07,1.1790402e-06,1.1232885e-09
2.0489743e-09,5.7690545e-07,5.155208e-07,1.1454415e-06,1.1108579e-09
1.9933817e-09,5.0428673e-07,4.4703154e-07,1.0677403e-06,1.0763175e-09
2.0437505e-09,5.6267345e-07,5.0227453e-07,1.1268393e-06,1.1075287e-09
1.9284516e-09,4.3735966e-07,3.8501085e-07,9.870739e-07,1.0363711e-09
1.9888509e-09,4.9649424e-07,4.3944402e-07,1.0616702e-06,1.0734441e-09
1.995365e-09,5.017123e-07,4.4434503e-07,1.0665276e-06,1.0774394e-09
1.9939377e-09,4.995255e-07,4.4212032e-07,1.0656966e-06,1.076526e-09
1.9407884e-09,4.3696733e-07,3.8323358e-07,9.975015e-07,1.0436021e-09
2.0301523e-09,5.332731e-07,4.731473e-07,1.107882e-06,1.0987291e-09
1.9659647e-09,4.6801253e-07,4.123682e-07,1.0334958e-06,1.0592137e-09
1.920167e-09,4.192131e-07,3.667671e-07,9.775159e-07,1.0309613e-09
1.8768285e-09,3.7661158e-07,3.271436e-07,9.269872e-07,1.0042963e-09
1.9473254e-09,4.5167968e-07,3.9811277e-07,1.0046233e-06,1.0478973e-09
1.8735928e-09,3.7420546e-07,3.2546922e-07,9.1789224e-07,1.0023893e-09
1.9257196e-09,4.2535842e-07,3.7302829e-07,9.785966e-07,1.0344561e-09
1.994696e-09,5.0039705e-07,4.4342414e-07,1.0615356e-06,1.077059e-09
2.0476536e-09,5.586222e-07,4.9736923e-07,1.1319329e-06,1.109679e-09
1.9306132e-09,4.3878944e-07,3.8598455e-07,9.925371e-07,1.0376431e-09
1.9726305e-09,4.8066823e-07,4.2475585e-07,1.0429592e-06,1.0634695e-09
2.0247028e-09,5.398878e-07,4.808336e-07,1.1025083e-06,1.0957292e-09
1.9678414e-09,4.7510488e-07,4.1990046e-07,1.0327935e-06,1.0605566e-09
1.8771629e-09,3.8707273e-07,3.3811392e-07,9.2904224e-07,1.0048031e-09
1.8719166e-09,3.807037e-07,3.317145e-07,9.2648224e-07,1.0014977e-09
1.8021425e-09,3.1547543e-07,2.713e-07,8.460583e-07,9.586416e-10
1.7244193e-09,2.3673113e-07,1.9740305e-07,7.5482285e-07,9.106691e-10
1.7944792e-09,3.0267995e-07,2.5958326e-07,8.251018e-07,9.538643e-10
1.878266e-09,3.808183e-07,3.3224387e-07,9.1852246e-07,1.0053651e-09
1.9535824e-09,4.5689862e-07,4.030734e-07,1.0084248e-06,1.0517373e-09
2.008206e-09,5.115423e-07,4.5315807e-07,1.0802644e-06,1.0852544e-09
2.06003e-09,5.678092e-07,5.0503655e-07,1.1506547e-06,1.1171373e-09
2.106672e-09,6.2640026e-07,5.606828e-07,1.2080261e-06,1.1461303e-09
2.1983173e-09,7.5349226e-07,6.813368e-07,1.3324042e-06,1.2032421e-09
2.2461393e-09,8.24978e-07,7.484135e-07,1.4078119e-06,1.2329869e-09
2.3474538e-09,9.864455e-07,9.003984e-07,1.5705461e-06,1.2961587e-09
2.3771587e-09,1.0424858e-06,9.516474e-07,1.6374838e-06,1.3145827e-09
2.4009785e-09,1.0862072e-06,9.925459e-07,1.6814481e-06,1.3294573e-09
2.4327735e-09,1.1404113e-06,1.0442786e-06,1.7282939e-06,1.3493966e-09
2.4800746e-09,1.2332042e-06,1.1314569e-06,1.8168643e-06,1.3790327e-09
2.3389963e-09,1.0034771e-06,9.161488e-07,1.5917544e-06,1.2912418e-09
2.357147e-09,1.0308185e-06,9.4193024e-07,1.616412e-06,1.3025238e-09
2.255904e-09,8.7395165e-07,7.946375e-07,1.4585744e-06,1.2395305e-09
2.2379778e-09,8.3022906e-07,7.538124e-07,1.4103955e-06,1.2281987e-09
2.230506e-09,8.0760594e-07,7.326788e-07,1.3849921e-06,1.2234143e-09
2.2563174e-09,8.474065e-07,7.687815e-07,1.4375892e-06,1.2393183e-09
2.1781794e-09,7.352069e-07,6.6310326e-07,1.3235529e-06,1.1907182e-09
2.226806e-09,8.0273276e-07,7.2624505e-07,1.3961671e-06,1.220873e-09
2.3285136e-09,9.61651e-07,8.7874025e-07,1.5338146e-06,1.2846728e-09
2.3793982e-09,1.0491971e-06,9.616682e-07,1.6154619e-06,1.3165155e-09
2.5001936e-09,1.2805126e-06,1.1795465e-06,1.83496e-06,1.3921867e-09
2.576801e-09,1.4534887e-06,1.337893e-06,2.0215607e-06,1.4398778e-09
2.6720226e-09,1.6878851e-06,1.5556325e-06,2.240109e-06,1.4996582e-09
2.6344402e-09,1.5979565e-06,1.4712076e-06,2.1626731e-06,1.4760007e-09
2.648679e-09,1.6344616e-06,1.5051659e-06,2.195406e-06,1.4849519e-09
2.629314e-09,1.5804346e-06,1.4551133e-06,2.1456035e-06,1.4727453e-09
2.5308582e-09,1.3858894e-06,1.2726814e-06,1.9704567e-06,1.4111907e-09
2.6076838e-09,1.5252629e-06,1.408148e-06,2.070714e-06,1.4596971e-09
2.52609e-09,1.3698401e-06,1.2608441e-06,1.9367885e-06,1.408575e-09
2.4491016e-09,1.2115414e-06,1.1120027e-06,1.7891243e-06,1.360261e-09
2.4541422e-09,1.2077264e-06,1.1092404e-06,1.7791574e-06,1.3633433e-09
2.457085e-09,1.2233031e-06,1.1220922e-06,1.8054791e-06,1.3650657e-09
2.3951434e-09,1.0715517e-06,9.79857e-07,1.659198e-06,1.3259047e-09
2.4244184e-09,1.1289477e-06,1.0331586e-06,1.7195293e-06,1.3441737e-09
2.5282128e-09,1.3323458e-06,1.2255064e-06,1.9039828e-06,1.4093564e-09
2.4727504e-09,1.2293578e-06,1.1278797e-06,1.8132728e-06,1.3745934e-09
2.5277322e-09,1.3439674e-06,1.2350529e-06,1.9227414e-06,1.4090278e-09
2.5267626e-09,1.343137e-06,1.2340437e-06,1.9229824e-06,1.4084005e-09
2.5949094e-09,1.4913436e-06,1.3735427e-06,2.0553503e-06,1.4512392e-09
2.483866e-09,1.2604519e-06,1.156626e-06,1.845585e-06,1.3816067e-09
2.5189772e-09,1.3343175e-06,1.2254994e-06,1.9164422e-06,1.403571e-09
2.4381215e-09,1.1769498e-06,1.0777685e-06,1.7685331e-06,1.3529611e-09
2.4211126e-09,1.1375281e-06,1.0411082e-06,1.7277769e-06,1.3422716e-09
2.309311e-09,9.327682e-07,8.484357e-07,1.529289e-06,1.2722878e-09
2.3512021e-09,1.000376e-06,9.1239235e-07,1.5931978e-06,1.2984486e-09
2.3202111e-09,9.423354e-07,8.577957e-07,1.5355679e-06,1.279027e-09
2.3964135e-09,1.0727114e-06,9.812284e-07,1.6582532e-06,1.3267214e-09
2.3046003e-09,9.317356e-07,8.483445e-07,1.5222063e-06,1.2695582e-09
2.3686022e-09,1.0374991e-06,9.4797e-07,1.6250261e-06,1.3094927e-09
2.3597768e-09,1.0190082e-06,9.305572e-07,1.606554e-06,1.3039355e-09
2.4286164e-09,1.1402951e-06,1.0456199e-06,1.7170245e-06,1.347074e-09
2.4576654e-09,1.1907191e-06,1.0936938e-06,1.7605225e-06,1.3652854e-09
2.4958207e-09,1.2765789e-06,1.1713079e-06,1.8635249e-06,1.3889359e-09
2.4549958e-09,1.2014344e-06,1.100389e-06,1.7946634e-06,1.3633785e-09
2.409532e-09,1.1226382e-06,1.0261523e-06,1.7204468e-06,1.3349797e-09
2.2350317e-09,8.452094e-07,7.6709995e-07,1.4339066e-06,1.2265011e-09
2.2162674e-09,7.953864e-07,7.2073743e-07,1.3773074e-06,1.214606e-09
2.2774347e-09,8.8503015e-07,8.0653575e-07,1.4564347e-06,1.2528497e-09
2.288195e-09,9.0222176e-07,8.2235636e-07,1.4761521e-06,1.2595047e-09
2.1808928e-09,7.6517074e-07,6.9375716e-07,1.3356319e-06,1.1930792e-09
2.1693336e-09,7.5109284e-07,6.7934064e-07,1.3311679e-06,1.1857649e-09
2.1157296e-09,6.6679206e-07,5.999705e-07,1.2421158e-06,1.1523195e-09
2.0494917e-09,5.646746e-07,5.0327e-07,1.1371169e-06,1.1109043e-09
2.0141533e-09,5.1539143e-07,4.5664794e-07,1.0851547e-06,1.0888754e-09
2.0383326e-09,5.4244646e-07,4.814352e-07,1.1210489e-06,1.1037411e-09
2.0292021e-09,5.333603e-07,4.72744e-07,1.1132515e-06,1.0980943e-09
2.030947e-09,5.33986e-07,4.7345299e-07,1.1122856e-06,1.0991692e-09
1.937458e-09,4.3950848e-07,3.8577477e-07,1.0010208e-06,1.0416585e-09
1.8921025e-09,3.906733e-07,3.401374e-07,9.4429606e-07,1.0136674e-09
1.9289583e-09,4.2827196e-07,3.7570013e-07,9.823124e-07,1.0364376e-09
1.959231e-09,4.6000372e-07,4.0541545e-07,1.0176567e-06,1.0551113e-09
1.9221922e-09,4.20284e-07,3.6807882e-07,9.743962e-07,1.0322306e-09
1.9518804e-09,4.4801902e-07,3.9327426e-07,1.0133392e-06,1.0503995e-09
1.9445625e-09,4.4093446e-07,3.865127e-07,1.0070509e-06,1.0458774e-09
1.8185607e-09,3.299413e-07,2.84585e-07,8.6507305e-07,9.686928e-10
1.9039945e-09,4.2116937e-07,3.71569e-07,9.527201e-07,1.021645e-09
1.9908561e-09,5.1728176e-07,4.620544e-07,1.0557449e-06,1.0753457e-09
1.9705937e-09,4.9542746e-07,4.4097905e-07,1.0379106e-06,1.0627633e-09
1.994548e-09,5.1938133e-07,4.6279024e-07,1.070131e-06,1.0774344e-09
2.0187572e-09,5.3619294e-07,4.7646958e-07,1.1086831e-06,1.0919874e-09
1.9997484e-09,5.05063e-07,4.472236e-07,1.072731e-06,1.0800949e-09
1.8868858e-09,3.8785575e-07,3.379112e-07,9.37528e-07,1.0105423e-09
1.948801e-09,4.5247248e-07,3.9865796e-07,1.0074256e-06,1.048767e-09
1.888269e-09,3.9363198e-07,3.4386187e-07,9.393037e-07,1.0115299e-09
1.8407942e-09,3.5281568e-07,3.061993e-07,8.89269e-07,9.824389e-10
1.899099e-09,4.1261723e-07,3.6311843e-07,9.465869e-07,1.0185169e-09
2.0240232e-09,5.483845e-07,4.9039517e-07,1.0974702e-06,1.0956489e-09
1.9957844e-09,5.143014e-07,4.578799e-07,1.0648698e-06,1.0780954e-09
1.9973196e-09,5.148665e-07,4.575055e-07,1.0750576e-06,1.0789121e-09
2.0398345e-09,5.5622223e-07,4.949026e-07,1.1330903e-06,1.1049126e-09
2.0428996e-09,5.5443104e-07,4.934798e-07,1.1273742e-06,1.1067676e-09
2.0355455e-09,5.407878e-07,4.8065664e-07,1.1114735e-06,1.1021412e-09
2.0787592e-09,5.9351646e-07,5.3014185e-07,1.1691467e-06,1.1289019e-09
2.1896913e-09,7.3960734e-07,6.677127e-07,1.322617e-06,1.1977775e-09
2.2766553e-09,8.679381e-07,7.883485e-07,1.4559031e-06,1.2518822e-09
2.260937e-09,8.4958526e-07,7.7047724e-07,1.4428015e-06,1.2420878e-09
2.1904563e-09,7.595015e-07,6.858895e-07,1.3503332e-06,1.1984335e-09
2.1801547e-09,7.42809e-07,6.7018016e-07,1.3322385e-06,1.1919968e-09
2.0713016e-09,5.987404e-07,5.350422e-07,1.1777623e-06,1.1244887e-09
2.0345132e-09,5.4208175e-07,4.8159836e-07,1.1164211e-06,1.1015034e-09
2.1411604e-09,6.8441284e-07,6.177234e-07,1.2485777e-06,1.1680558e-09
2.2109816e-09,7.8017405e-07,7.0708154e-07,1.3550018e-06,1.2113159e-09
2.2661073e-09,8.637278e-07,7.857244e-07,1.4402337e-06,1.2456394e-09
