2.4702405e-09,1.2339481e-06,1.1312159e-06,1.8230567e-06,1.3729942e-09
2.444248e-09,1.177218e-06,1.0781978e-06,1.7674017e-06,1.3566743e-09
2.3478033e-09,9.978518e-07,9.095296e-07,1.594732e-06,1.2963051e-09
2.432706e-09,1.1468229e-06,1.0506756e-06,1.731858e-06,1.3494863e-09
2.4900828e-09,1.250952e-06,1.1502701e-06,1.8193966e-06,1.3855664e-09
2.5358013e-09,1.353153e-06,1.2452922e-06,1.92056e-06,1.4141993e-09
2.5441262e-09,1.3817018e-06,1.2707942e-06,1.9542517e-06,1.4193823e-09
2.57927e-09,1.4724919e-06,1.3532974e-06,2.0527002e-06,1.4412851e-09
2.620417e-09,1.55409e-06,1.4314721e-06,2.1169149e-06,1.4672124e-09
2.589255e-09,1.4774748e-06,1.3597376e-06,2.0483096e-06,1.4475828e-09
2.6084304e-09,1.5213747e-06,1.4009602e-06,2.087111e-06,1.4596417e-09
2.7431801e-09,1.8568109e-06,1.717164e-06,2.3693317e-06,1.5447809e-09
2.7412537e-09,1.8979968e-06,1.7504126e-06,2.4247192e-06,1.543501e-09
2.785864e-09,2.0170205e-06,1.8625553e-06,2.5182676e-06,1.571687e-09
2.7515634e-09,1.9636518e-06,1.8085904e-06,2.4882581e-06,1.5500686e-09
2.7870026e-09,2.0637358e-06,1.9020454e-06,2.5681732e-06,1.572408e-09
2.7944864e-09,2.0312682e-06,1.876657e-06,2.5276195e-06,1.5770915e-09
2.76988e-09,2.0070547e-06,1.8492598e-06,2.5239758e-06,1.5615613e-09
2.7380969e-09,1.8917369e-06,1.7441289e-06,2.4199867e-06,1.5414422e-09
2.8344864e-09,2.1897858e-06,2.01977e-06,2.671724e-06,1.602293e-09
2.9132183e-09,2.4430792e-06,2.2557956e-06,2.8684076e-06,1.6522147e-09
2.9112934e-09,2.4530377e-06,2.2626878e-06,2.8803695e-06,1.6509615e-09
2.944374e-09,2.6760833e-06,2.4552426e-06,3.0803794e-06,1.6717685e-09
2.972972e-09,2.8407067e-06,2.5996226e-06,3.2134335e-06,1.689836e-09
2.9345784e-09,2.6660086e-06,2.4431502e-06,3.0781034e-06,1.6655204e-09
2.8644114e-09,2.3418165e-06,2.15299e-06,2.8148029e-06,1.6210568e-09
2.7716531e-09,2.036284e-06,1.8729086e-06,2.5608028e-06,1.5625488e-09
2.8000156e-09,2.0880752e-06,1.9247477e-06,2.591112e-06,1.5804796e-09
2.8507712e-09,2.2133586e-06,2.044715e-06,2.6819346e-06,1.612644e-09
2.9190281e-09,2.4578167e-06,2.2698716e-06,2.877935e-06,1.6558954e-09
2.9474205e-09,2.628552e-06,2.419593e-06,3.0252882e-06,1.6738272e-09
2.8294176e-09,2.3440664e-06,2.1496626e-06,2.8204972e-06,1.5997773e-09
2.821106e-09,2.2502184e-06,2.0715154e-06,2.7195906e-06,1.5944301e-09
2.7823432e-09,2.0621183e-06,1.9027738e-06,2.5526558e-06,1.5697903e-09
2.7426603e-09,1.8984463e-06,1.7534755e-06,2.408845e-06,1.5445681e-09
2.7081002e-09,1.7919043e-06,1.6543524e-06,2.318082e-06,1.5226751e-09
2.789481e-09,2.059343e-06,1.8963681e-06,2.574584e-06,1.573683e-09
2.6965798e-09,1.7985637e-06,1.6549333e-06,2.3515074e-06,1.515208e-09
2.539716e-09,1.426533e-06,1.3102665e-06,2.0083653e-06,1.4169362e-09
2.5466804e-09,1.4044476e-06,1.2926248e-06,1.9714998e-06,1.4212431e-09
2.4807258e-09,1.2593262e-06,1.1563326e-06,1.8378573e-06,1.3797874e-09
2.6563862e-09,1.6234881e-06,1.5071628e-06,2.1207045e-06,1.4911208e-09
2.5205829e-09,1.3893981e-06,1.2849524e-06,1.9215977e-06,1.406353e-09
2.5477125e-09,1.4628964e-06,1.350226e-06,2.0057637e-06,1.4230156e-09
2.4277367e-09,1.2110136e-06,1.1139011e-06,1.7701811e-06,1.3477602e-09
2.398804e-09,1.15248e-06,1.0584823e-06,1.7148168e-06,1.3295235e-09
2.1712883e-09,7.2198327e-07,6.505667e-07,1.3102394e-06,1.1863737e-09
2.1512283e-09,6.9885425e-07,6.284472e-07,1.2898597e-06,1.1739226e-09
2.0557605e-09,5.718903e-07,5.0920426e-07,1.1535898e-06,1.11467e-09
2.0790214e-09,5.9759066e-07,5.338177e-07,1.1760296e-06,1.129102e-09
1.9463486e-09,4.5453413e-07,4.0056057e-07,1.0120466e-06,1.0473209e-09
1.952124e-09,4.5804234e-07,4.0383046e-07,1.0148412e-06,1.0508422e-09
1.9234843e-09,4.2773786e-07,3.7539874e-07,9.812726e-07,1.0331634e-09
1.927829e-09,4.3076474e-07,3.7808744e-07,9.855834e-07,1.0358017e-09
1.9257531e-09,4.2314184e-07,3.7089066e-07,9.756438e-07,1.0344303e-09
2.01163e-09,5.1175465e-07,4.5315164e-07,1.081994e-06,1.0872949e-09
2.0005144e-09,4.9972243e-07,4.4173999e-07,1.0702101e-06,1.0804151e-09
2.0247508e-09,5.26737e-07,4.667047e-07,1.1037882e-06,1.0953426e-09
2.0081274e-09,5.0961415e-07,4.5057178e-07,1.0862675e-06,1.0850825e-09
2.0212192e-09,5.23079e-07,4.6343808e-07,1.0981738e-06,1.0931863e-09
1.9503696e-09,4.4784366e-07,3.932144e-07,1.0126839e-06,1.0495025e-09
1.9665176e-09,4.6432115e-07,4.087127e-07,1.0299367e-06,1.059465e-09
1.9575412e-09,4.538819e-07,3.988963e-07,1.0183549e-06,1.0539069e-09
1.955858e-09,4.5215307e-07,3.9715857e-07,1.0177359e-06,1.052854e-09
1.8463371e-09,3.5062024e-07,3.033436e-07,8.930614e-07,9.856329e-10
1.8922406e-09,3.9401354e-07,3.4380236e-07,9.428296e-07,1.0138648e-09
1.7967404e-09,3.103783e-07,2.6673138e-07,8.378072e-07,9.553343e-10
1.7163815e-09,2.4489478e-07,2.0661771e-07,7.525179e-07,9.0616753e-10
1.6555782e-09,1.9617016e-07,1.618053e-07,6.888158e-07,8.6895946e-10
1.6702335e-09,2.0495017e-07,1.6956538e-07,7.0244175e-07,8.778463e-10
1.6249144e-09,1.6467823e-07,1.3199235e-07,6.5310604e-07,8.499831e-10
1.6859213e-09,2.1011574e-07,1.7366364e-07,7.1238304e-07,8.8725627e-10
1.7383999e-09,2.4929167e-07,2.0933953e-07,7.662795e-07,9.1928765e-10
1.6942575e-09,2.225455e-07,1.8554923e-07,7.2719035e-07,8.9249763e-10
1.7327181e-09,2.5227286e-07,2.1287349e-07,7.647459e-07,9.1601315e-10
1.7231574e-09,2.4431748e-07,2.0544321e-07,7.5588076e-07,9.101456e-10
1.7296468e-09,2.4784597e-07,2.0862494e-07,7.5986554e-07,9.1408403e-10
1.6750696e-09,2.0756949e-07,1.7188974e-07,7.0589545e-07,8.807738e-10
1.6406014e-09,1.8851311e-07,1.551379e-07,6.766421e-07,8.598984e-10
1.7761075e-09,3.2118686e-07,2.811709e-07,8.1108726e-07,9.436527e-10
1.7944378e-09,3.3245846e-07,2.9069574e-07,8.333029e-07,9.547099e-10
1.7485253e-09,2.9296413e-07,2.5392916e-07,7.874877e-07,9.2653496e-10
1.8166141e-09,3.461503e-07,3.0228546e-07,8.600466e-07,9.680905e-10
1.8477091e-09,3.6160228e-07,3.1463503e-07,8.9737046e-07,9.867609e-10
1.7823643e-09,2.8592387e-07,2.4299274e-07,8.1474076e-07,9.462062e-10
1.7995637e-09,3.005241e-07,2.5646418e-07,8.3301416e-07,9.56746e-10
1.8386335e-09,3.3280773e-07,2.8592012e-07,8.77097e-07,9.806345e-10
1.9321966e-09,4.343998e-07,3.8230309e-07,9.805317e-07,1.0385931e-09
1.8942288e-09,4.0264104e-07,3.5270855e-07,9.4638904e-07,1.0153074e-09
1.9194908e-09,4.2659838e-07,3.7487342e-07,9.751544e-07,1.0308172e-09
1.9393323e-09,4.4557038e-07,3.9233214e-07,9.989475e-07,1.0429888e-09
1.9300748e-09,4.355849e-07,3.8276295e-07,9.900224e-07,1.0372454e-09
1.9716397e-09,4.7935777e-07,4.2464856e-07,1.0292877e-06,1.063007e-09
2.0716293e-09,5.8816727e-07,5.2565167e-07,1.1589391e-06,1.124608e-09
2.149701e-09,6.9029295e-07,6.2200877e-07,1.2647963e-06,1.1730966e-09
2.2276232e-09,7.9996346e-07,7.2501103e-07,1.3806986e-06,1.2215056e-09
2.3910403e-09,1.0597967e-06,9.69853e-07,1.6402086e-06,1.3234327e-09
2.4559448e-09,1.1828902e-06,1.0857336e-06,1.7580704e-06,1.3640868e-09
2.4061193e-09,1.1143914e-06,1.0198663e-06,1.7036334e-06,1.3330264e-09
2.3784215e-09,1.0681092e-06,9.759738e-07,1.6604541e-06,1.3156964e-09
2.4138473e-09,1.1261263e-06,1.0311591e-06,1.7111408e-06,1.3378458e-09
2.3139766e-09,9.456984e-07,8.6125715e-07,1.5369405e-06,1.275357e-09
2.2313236e-09,8.0804915e-07,7.314184e-07,1.400366e-06,1.2236957e-09
2.2422708e-09,8.2515095e-07,7.4714353e-07,1.420741e-06,1.2304685e-09
2.24491e-09,8.270421e-07,7.490363e-07,1.4213954e-06,1.2320983e-09
2.3492732e-09,9.924139e-07,9.084723e-07,1.5589335e-06,1.297706e-09
2.420313e-09,1.1224848e-06,1.0301737e-06,1.6908219e-06,1.3420465e-09
2.488123e-09,1.2585251e-06,1.1566096e-06,1.8303983e-06,1.3843708e-09
2.5202875e-09,1.3350518e-06,1.226419e-06,1.915019e-06,1.4043994e-09
2.4938067e-09,1.2973107e-06,1.1895604e-06,1.8887107e-06,1.38781e-09
2.4728595e-09,1.2261681e-06,1.124488e-06,1.8125381e-06,1.3745525e-09
2.5957465e-09,1.4771867e-06,1.3640301e-06,2.022161e-06,1.4520914e-09
2.688922e-09,1.7088491e-06,1.5815308e-06,2.2245772e-06,1.5108337e-09
2.8610168e-09,2.2179142e-06,2.0565976e-06,2.6513223e-06,1.619661e-09
2.8809586e-09,2.415054e-06,2.221409e-06,2.8656068e-06,1.6319289e-09
2.848536e-09,2.3641326e-06,2.1690526e-06,2.835783e-06,1.6114359e-09
2.8658889e-09,2.3480686e-06,2.1628473e-06,2.8024392e-06,1.6223867e-09
2.795447e-09,2.1145047e-06,1.9475256e-06,2.6123332e-06,1.5778769e-09
2.6492906e-09,1.6542881e-06,1.5232129e-06,2.2140375e-06,1.4855187e-09
2.738897e-09,1.878409e-06,1.7344729e-06,2.3977527e-06,1.5420918e-09
2.7047664e-09,1.8155758e-06,1.6730819e-06,2.354398e-06,1.5205908e-09
2.6670208e-09,1.6800064e-06,1.5490532e-06,2.2281142e-06,1.4966703e-09
2.7745617e-09,1.9621189e-06,1.8145827e-06,2.459975e-06,1.564664e-09
2.8410045e-09,2.2101353e-06,2.039084e-06,2.684998e-06,1.6064825e-09
2.768739e-09,1.9905854e-06,1.835102e-06,2.5059128e-06,1.5608246e-09
2.7411982e-09,1.9507972e-06,1.7945491e-06,2.4845408e-06,1.5434636e-09
2.8255747e-09,2.1719443e-06,2.0041336e-06,2.6519056e-06,1.5968581e-09
2.6641447e-09,1.7098973e-06,1.575825e-06,2.2590962e-06,1.495192e-09
2.6265157e-09,1.5950031e-06,1.469883e-06,2.1503952e-06,1.4713983e-09
2.7134428e-09,1.8033688e-06,1.6669886e-06,2.3202022e-06,1.5262699e-09
2.7152922e-09,1.8393607e-06,1.6968972e-06,2.365222e-06,1.5273515e-09
2.6869742e-09,1.7242319e-06,1.5919186e-06,2.2580869e-06,1.509338e-09
2.7665765e-09,1.9693111e-06,1.8159328e-06,2.4876995e-06,1.5593289e-09
2.682751e-09,1.7750885e-06,1.63356e-06,2.327536e-06,1.5067052e-09
2.5514018e-09,1.4316515e-06,1.3152335e-06,2.0131681e-06,1.4240652e-09
2.5420468e-09,1.3990649e-06,1.2856624e-06,1.9772876e-06,1.4181523e-09
2.4653026e-09,1.2220778e-06,1.1202043e-06,1.8105948e-06,1.369894e-09
2.4495983e-09,1.1710888e-06,1.0733519e-06,1.7561388e-06,1.3599465e-09
2.579549e-09,1.4380657e-06,1.3263539e-06,1.992021e-06,1.4417447e-09
2.6851572e-09,1.7014909e-06,1.5719152e-06,2.233951e-06,1.5081522e-09
2.6358e-09,1.614291e-06,1.487453e-06,2.1706567e-06,1.4771477e-09
2.5668045e-09,1.4865626e-06,1.3665078e-06,2.0622156e-06,1.4339706e-09
2.5148421e-09,1.3643906e-06,1.2529409e-06,1.9445763e-06,1.4013345e-09
2.475254e-09,1.2430401e-06,1.1409167e-06,1.8230006e-06,1.3762759e-09
2.348239e-09,9.969556e-07,9.0920173e-07,1.590314e-06,1.2966308e-09
2.3862232e-09,1.0593967e-06,9.686887e-07,1.6454793e-06,1.3204119e-09
2.4222357e-09,1.12791e-06,1.0324085e-06,1.716817e-06,1.342874e-09
2.3033002e-09,9.4789846e-07,8.6379856e-07,1.5366513e-06,1.2690026e-09
2.2223925e-09,8.092714e-07,7.332244e-07,1.396947e-06,1.218412e-09
2.283242e-09,8.9896724e-07,8.183494e-07,1.4812131e-06,1.2563568e-09
2.1830409e-09,7.461349e-07,6.7414857e-07,1.3286394e-06,1.1939016e-09
2.1589526e-09,7.04936e-07,6.352483e-07,1.2857354e-06,1.1788059e-09
2.1008169e-09,6.430679e-07,5.77245e-07,1.2214255e-06,1.1429537e-09
2.1234108e-09,6.684123e-07,6.0131424e-07,1.2447296e-06,1.1569414e-09
2.0887794e-09,6.125988e-07,5.4851773e-07,1.1866217e-06,1.1352624e-09
2.0638453e-09,5.8428384e-07,5.2167456e-07,1.1590464e-06,1.1198192e-09
2.0297457e-09,5.396241e-07,4.7955973e-07,1.1114385e-06,1.0986316e-09
2.133283e-09,6.654285e-07,5.975812e-07,1.2482849e-06,1.1627291e-09
2.0441293e-09,5.6085696e-07,4.996547e-07,1.1346211e-06,1.1076211e-09
1.9614492e-09,4.692831e-07,4.140591e-07,1.0314069e-06,1.0565845e-09
1.9449014e-09,4.5067898e-07,3.96578e-07,1.0106249e-06,1.0463495e-09
1.9411182e-09,4.4390993e-07,3.9023215e-07,1.0020275e-06,1.0439729e-09
1.872257e-09,3.6393072e-07,3.1482384e-07,9.144212e-07,1.0012946e-09
1.8482519e-09,3.4333502e-07,2.9572678e-07,8.9033665e-07,9.865732e-10
1.8094184e-09,3.1206864e-07,2.6705317e-07,8.5046787e-07,9.628245e-10
1.7423795e-09,2.5883628e-07,2.1842253e-07,7.793314e-07,9.218539e-10
1.6370792e-09,1.8236865e-07,1.4905494e-07,6.7214813e-07,8.576434e-10
1.6643145e-09,2.0195262e-07,1.672071e-07,6.9377097e-07,8.742925e-10
1.7841798e-09,3.14535e-07,2.7331527e-07,8.1561586e-07,9.48185e-10
1.878957e-09,4.0251635e-07,3.5500767e-07,9.2156847e-07,1.0064043e-09
1.9160826e-09,4.3167546e-07,3.8071232e-07,9.701256e-07,1.0289631e-09
2.0286357e-09,5.358819e-07,4.7585849e-07,1.1089395e-06,1.0978869e-09
1.9645503e-09,4.7544665e-07,4.1989728e-07,1.0381217e-06,1.0585399e-09
1.8614492e-09,3.6895747e-07,3.2069113e-07,9.1311813e-07,9.950224e-10
1.8628663e-09,3.6558106e-07,3.1753407e-07,9.0701906e-07,9.958221e-10
1.9003994e-09,4.0199453e-07,3.5153482e-07,9.4850856e-07,1.0189245e-09
1.7823604e-09,2.9942547e-07,2.5696954e-07,8.204255e-07,9.465835e-10
1.8855835e-09,3.987106e-07,3.4989228e-07,9.3275855e-07,1.0101451e-09
1.8570327e-09,3.7401063e-07,3.2674288e-07,9.069536e-07,9.926056e-10
1.7958814e-09,3.15841e-07,2.7258938e-07,8.37711e-07,9.549987e-10
1.8850246e-09,4.0943326e-07,3.615616e-07,9.304629e-07,1.0101856e-09
2.025019e-09,5.523997e-07,4.9444907e-07,1.0994542e-06,1.0963408e-09
1.9268314e-09,4.5023154e-07,3.9885157e-07,9.863963e-07,1.0358169e-09
1.8900588e-09,4.1786637e-07,3.6853254e-07,9.524007e-07,1.0132213e-09
1.9442683e-09,4.6765388e-07,4.1430013e-07,1.014585e-06,1.0464392e-09
1.8966364e-09,4.0571916e-07,3.5566313e-07,9.481121e-07,1.0168005e-09
1.8359599e-09,3.3680703e-07,2.9055968e-07,8.7328834e-07,9.791987e-10
1.8694932e-09,3.6632957e-07,3.1759959e-07,9.126752e-07,9.99734e-10
1.9084923e-09,3.9981083e-07,3.4796759e-07,9.600783e-07,1.0235681e-09
1.8902293e-09,3.8057408e-07,3.300416e-07,9.3711293e-07,1.0123075e-09
2.086385e-09,6.316544e-07,5.7084253e-07,1.1703627e-06,1.1347425e-09
2.0396882e-09,5.8416487e-07,5.256291e-07,1.1271287e-06,1.1058763e-09
2.1372175e-09,7.073154e-07,6.414423e-07,1.256633e-06,1.1662965e-09
2.2435778e-09,8.555156e-07,7.8044786e-07,1.4126422e-06,1.2322794e-09
2.2502553e-09,8.673967e-07,7.897851e-07,1.4402966e-06,1.2362111e-09
2.1013782e-09,6.4245967e-07,5.771701e-07,1.2152007e-06,1.1433485e-09
2.1932531e-09,7.5849454e-07,6.8527055e-07,1.3453706e-06,1.2001474e-09
2.2386255e-09,8.2058557e-07,7.448259e-07,1.3992868e-06,1.2284755e-09
2.1847448e-09,7.407124e-07,6.691065e-07,1.321514e-06,1.1948619e-09
2.2158237e-09,7.855474e-07,7.108908e-07,1.371251e-06,1.214135e-09
2.3332414e-09,9.652351e-07,8.799941e-07,1.553403e-06,1.2872663e-09
2.3847657e-09,1.053844e-06,9.636673e-07,1.6382014e-06,1.3194865e-09
2.4578526e-09,1.1866263e-06,1.090199e-06,1.7547951e-06,1.3654075e-09
2.419628e-09,1.1397904e-06,1.0441181e-06,1.7255679e-06,1.3415362e-09
2.3667244e-09,1.0586033e-06,9.672196e-07,1.6503478e-06,1.3085557e-09
2.3572768e-09,1.0287972e-06,9.3987063e-07,1.6152005e-06,1.3025707e-09
2.3282012e-09,9.71171e-07,8.8572415e-07,1.5576248e-06,1.2843238e-09
2.3921514e-09,1.0675608e-06,9.794359e-07,1.6309116e-06,1.3245206e-09
2.394092e-09,1.0838876e-06,9.926929e-07,1.6628176e-06,1.3256142e-09
2.397771e-09,1.0994577e-06,1.0056616e-06,1.6898305e-06,1.3277992e-09
2.4447346e-09,1.180407e-06,1.0827893e-06,1.7594982e-06,1.3572272e-09
2.5036473e-09,1.2964977e-06,1.191942e-06,1.8678834e-06,1.3941314e-09
2.46342e-09,1.2012231e-06,1.1024388e-06,1.7789438e-06,1.3687419e-09
2.5931042e-09,1.4749252e-06,1.3601357e-06,2.0294563e-06,1.4502178e-09
2.5563924e-09,1.4297387e-06,1.3145936e-06,2.0072066e-06,1.4272072e-09
2.6174696e-09,1.555559e-06,1.4345844e-06,2.1080098e-06,1.4656785e-09
2.584663e-09,1.48769e-06,1.3700076e-06,2.0513216e-06,1.4450268e-09
2.6108813e-09,1.5480779e-06,1.4264562e-06,2.10514e-06,1.4614742e-09
2.5975484e-09,1.4983214e-06,1.3808743e-06,2.0560462e-06,1.4530033e-09
2.643335e-09,1.6259073e-06,1.4968904e-06,2.1888009e-06,1.4816082e-09
2.5661215e-09,1.4366615e-06,1.3203393e-06,2.0173873e-06,1.4330321e-09
2.6152462e-09,1.5459563e-06,1.4232289e-06,2.1129126e-06,1.4639281e-09
2.6209375e-09,1.5549807e-06,1.4320307e-06,2.1191966e-06,1.4675025e-09
2.6855358e-09,1.7019842e-06,1.571695e-06,2.2388206e-06,1.5083015e-09
2.7404732e-09,1.8632118e-06,1.7207699e-06,2.3838204e-06,1.5429251e-09
2.796598e-09,2.061159e-06,1.9002424e-06,2.568735e-06,1.5782206e-09
2.6898557e-09,1.7965335e-06,1.653346e-06,2.3472435e-06,1.5112008e-09
2.7373108e-09,1.9073057e-06,1.7587756e-06,2.4305223e-06,1.541124e-09
2.6856564e-09,1.7460154e-06,1.6097304e-06,2.2883282e-06,1.5084792e-09
2.530934e-09,1.3929232e-06,1.2805956e-06,1.9682875e-06,1.4114978e-09
2.58874e-09,1.4905119e-06,1.375966e-06,2.0350699e-06,1.4479287e-09
2.5988676e-09,1.5343418e-06,1.4140966e-06,2.0892892e-06,1.454157e-09
2.5412015e-09,1.3864848e-06,1.275922e-06,1.9537792e-06,1.4177679e-09
2.4579043e-09,1.2210089e-06,1.1201797e-06,1.8022407e-06,1.3655602e-09
2.535272e-09,1.3786814e-06,1.2670733e-06,1.9559009e-06,1.4139012e-09
2.4729747e-09,1.2232348e-06,1.1218431e-06,1.8090075e-06,1.3746009e-09
2.4207951e-09,1.1316839e-06,1.035329e-06,1.7251452e-06,1.3419736e-09
2.426068e-09,1.1347937e-06,1.038815e-06,1.7239174e-06,1.3452603e-09
2.513966e-09,1.3064464e-06,1.2005844e-06,1.8833053e-06,1.4003788e-09
2.5004523e-09,1.2786259e-06,1.1742143e-06,1.8588169e-06,1.3918742e-09
2.3871654e-09,1.0853335e-06,9.925827e-07,1.6751221e-06,1.3212402e-09
2.387552e-09,1.0869068e-06,9.936327e-07,1.6783689e-06,1.3214236e-09
2.2614473e-09,8.846209e-07,8.042256e-07,1.47285e-06,1.2429529e-09
2.2515154e-09,8.462163e-07,7.6886147e-07,1.426833e-06,1.2365728e-09
2.2343216e-09,8.1242246e-07,7.369405e-07,1.3924791e-06,1.2257447e-09
2.3279623e-09,9.594405e-07,8.7548824e-07,1.5395939e-06,1.2841258e-09
2.3239877e-09,9.558577e-07,8.715557e-07,1.5403357e-06,1.2816069e-09
2.3896043e-09,1.0666798e-06,9.740343e-07,1.663577e-06,1.3223374e-09
2.3570015e-09,1.0078898e-06,9.18757e-07,1.6060446e-06,1.301946e-09
2.4630158e-09,1.1983814e-06,1.1002079e-06,1.7743812e-06,1.3685398e-09
2.4216926e-09,1.1273094e-06,1.0325367e-06,1.7120856e-06,1.3426518e-09
2.4010869e-09,1.0981621e-06,1.0042805e-06,1.6896317e-06,1.3297531e-09
2.3295006e-09,9.833766e-07,8.962803e-07,1.5777839e-06,1.2851467e-09
2.3493367e-09,1.0116346e-06,9.232192e-07,1.6019219e-06,1.2975012e-09
2.1876312e-09,7.5047274e-07,6.7740297e-07,1.3405942e-06,1.1966128e-09
2.3947122e-09,1.0950291e-06,1.0093221e-06,1.630722e-06,1.3270334e-09
2.4123286e-09,1.1367176e-06,1.0466753e-06,1.6823457e-06,1.3378751e-09
2.322309e-09,1.0157381e-06,9.3202465e-07,1.5717181e-06,1.2819809e-09
2.2243718e-09,8.6320426e-07,7.8818164e-07,1.4201132e-06,1.2209516e-09
2.1859436e-09,8.115328e-07,7.388395e-07,1.3722115e-06,1.1969927e-09
1.9406452e-09,4.517673e-07,3.979467e-07,1.0097219e-06,1.0438529e-09
1.8425119e-09,3.3807592e-07,2.9080965e-07,8.84428e-07,9.830431e-10
2.0086075e-09,5.3291205e-07,4.7666023e-07,1.0746072e-06,1.0862903e-09
1.988483e-09,5.1092354e-07,4.5542527e-07,1.056477e-06,1.0737794e-09
2.02626e-09,5.525642e-07,4.940053e-07,1.106137e-06,1.0970368e-09
2.1146085e-09,6.551272e-07,5.8935143e-07,1.2252304e-06,1.1515353e-09
2.217126e-09,7.907646e-07,7.1629665e-07,1.3724111e-06,1.2150574e-09
2.1221553e-09,6.535021e-07,5.8654473e-07,1.234399e-06,1.1558849e-09
2.173343e-09,7.203503e-07,6.4883363e-07,1.3098568e-06,1.1875627e-09
2.158127e-09,7.017103e-07,6.310795e-07,1.2925798e-06,1.1781107e-09
2.1235438e-09,6.550341e-07,5.8720263e-07,1.2431749e-06,1.1566375e-09
2.1104283e-09,6.315697e-07,5.652907e-07,1.2159339e-06,1.14843e-09
2.0753048e-09,5.9265534e-07,5.2867404e-07,1.1758701e-06,1.1267267e-09
1.9443704e-09,4.575018e-07,4.0345614e-07,1.0153707e-06,1.046184e-09
1.8394346e-09,3.6002393e-07,3.1353656e-07,8.938465e-07,9.818015e-10
1.8331295e-09,3.478429e-07,3.0202222e-07,8.784668e-07,9.778117e-10
1.8146966e-09,3.2141278e-07,2.768506e-07,8.4938597e-07,9.662672e-10
1.8191666e-09,3.2414545e-07,2.7922616e-07,8.538052e-07,9.689723e-10
1.9629707e-09,4.718658e-07,4.1787263e-07,1.0184928e-06,1.0577096e-09
1.9589326e-09,4.6597276e-07,4.1126793e-07,1.0244155e-06,1.0550633e-09
2.0019755e-09,5.130285e-07,4.5545784e-07,1.0751072e-06,1.0816501e-09
1.9942847e-09,5.03881e-07,4.4663972e-07,1.0671669e-06,1.0768577e-09
2.0944326e-09,6.2588543e-07,5.6193755e-07,1.1928704e-06,1.1389787e-09
2.0360533e-09,5.517115e-07,4.9177476e-07,1.1169633e-06,1.1027188e-09
2.0196427e-09,5.3545875e-07,4.75902e-07,1.1067597e-06,1.0925306e-09
2.055844e-09,5.766132e-07,5.1504605e-07,1.1456515e-06,1.1149742e-09
2.0158402e-09,5.3385963e-07,4.7488274e-07,1.1004342e-06,1.0902808e-09
1.9964934e-09,5.0217017e-07,4.4492737e-07,1.0653775e-06,1.0781486e-09
1.9826194e-09,4.8718476e-07,4.3067348e-07,1.0510106e-06,1.0695562e-09
1.9422264e-09,4.5033994e-07,3.9638178e-07,1.0097646e-06,1.0447471e-09
1.8413233e-09,3.4555723e-07,2.985625e-07,8.877529e-07,9.825396e-10
1.941126e-09,4.5144125e-07,3.9866035e-07,9.979874e-07,1.0442639e-09
1.9904958e-09,5.066463e-07,4.5102905e-07,1.052704e-06,1.074848e-09
1.929053e-09,4.482065e-07,3.9645263e-07,9.883632e-07,1.0370595e-09
1.950058e-09,4.6608372e-07,4.1224175e-07,1.0172572e-06,1.0498313e-09
1.8595679e-09,3.993711e-07,3.521663e-07,9.245666e-07,9.947144e-10
1.8603974e-09,3.8828102e-07,3.4147703e-07,9.1071854e-07,9.950112e-10
1.8404107e-09,3.5769744e-07,3.1211442e-07,8.7958347e-07,9.824367e-10
1.9433197e-09,4.6177655e-07,4.0944332e-07,9.981688e-07,1.0458509e-09
1.8529847e-09,3.8608422e-07,3.3989238e-07,9.047463e-07,9.905752e-10
1.9861486e-09,5.0736264e-07,4.512472e-07,1.0599225e-06,1.0721704e-09
2.0399809e-09,5.6963404e-07,5.102635e-07,1.1217605e-06,1.1055343e-09
2.102742e-09,6.4750816e-07,5.83599e-07,1.203544e-06,1.1444321e-09
2.0006896e-09,5.3402374e-07,4.7726445e-07,1.0810702e-06,1.0814354e-09
2.0617876e-09,5.901842e-07,5.274872e-07,1.1644935e-06,1.1186962e-09
2.061145e-09,5.8520794e-07,5.22867e-07,1.1574155e-06,1.1182463e-09
2.0484858e-09,5.638888e-07,5.0278237e-07,1.1336853e-06,1.1103155e-09
2.0222901e-09,5.278233e-07,4.686376e-07,1.0959934e-06,1.0939918e-09
2.086591e-09,6.0022774e-07,5.356551e-07,1.1838887e-06,1.1336102e-09
2.1770108e-09,7.2116643e-07,6.5012534e-07,1.3056105e-06,1.1898573e-09
2.2346969e-09,8.0506607e-07,7.2935575e-07,1.3901242e-06,1.2257857e-09
2.2971813e-09,9.0257754e-07,8.2127315e-07,1.488147e-06,1.2647474e-09
2.2895454e-09,8.979768e-07,8.1593726e-07,1.4924852e-06,1.2599531e-09
2.3283673e-09,9.60872e-07,8.7475456e-07,1.5579161e-06,1.2841155e-09
2.3692603e-09,1.0259292e-06,9.369295e-07,1.614653e-06,1.3097256e-09
2.3448643e-09,9.875159e-07,9.0036565e-07,1.580135e-06,1.2944767e-09
2.3267666e-09,9.55663e-07,8.703118e-07,1.5490184e-06,1.2831471e-09
2.2947348e-09,9.1348545e-07,8.3004096e-07,1.5121765e-06,1.2632165e-09
2.3814077e-09,1.0547919e-06,9.652006e-07,1.6350684e-06,1.3175712e-09
2.37129e-09,1.0332935e-06,9.4484056e-07,1.6145318e-06,1.3111804e-09
2.3978335e-09,1.0835524e-06,9.91583e-07,1.6671557e-06,1.3277321e-09
2.4457802e-09,1.1733077e-06,1.0760135e-06,1.7530078e-06,1.3577386e-09
2.535066e-09,1.3547638e-06,1.2448113e-06,1.9350819e-06,1.4135183e-09
2.546596e-09,1.3703539e-06,1.2603077e-06,1.944712e-06,1.4207626e-09
2.5314724e-09,1.3516092e-06,1.2414393e-06,1.9350277e-06,1.4112719e-09
2.4465496e-09,1.2024009e-06,1.1011864e-06,1.7962655e-06,1.358284e-09
2.5389328e-09,1.3739123e-06,1.265789e-06,1.9340248e-06,1.4164722e-09
2.5726692e-09,1.4443219e-06,1.3322042e-06,1.9952427e-06,1.4376498e-09
2.4487448e-09,1.2089761e-06,1.1104604e-06,1.7815561e-06,1.3601148e-09
2.539671e-09,1.3890954e-06,1.2812739e-06,1.9375827e-06,1.4172343e-09
2.6138616e-09,1.567262e-06,1.4448152e-06,2.1185647e-06,1.4635193e-09
2.5040103e-09,1.3138515e-06,1.2073435e-06,1.8893602e-06,1.3944466e-09
2.4104605e-09,1.1266231e-06,1.0314111e-06,1.7131913e-06,1.3357955e-09
2.621174e-09,1.558762e-06,1.4408236e-06,2.0933696e-06,1.4683893e-09
2.5942268e-09,1.4952147e-06,1.3803292e-06,2.0397233e-06,1.451319e-09
2.6337423e-09,1.5925878e-06,1.4712175e-06,2.1270887e-06,1.4761432e-09
2.677819e-09,1.7266689e-06,1.5929428e-06,2.262655e-06,1.503705e-09
2.6626614e-09,1.7288226e-06,1.590223e-06,2.2867225e-06,1.4940781e-09
2.6313793e-09,1.5869873e-06,1.462258e-06,2.145889e-06,1.4741854e-09
2.6157996e-09,1.5544679e-06,1.4312391e-06,2.1194344e-06,1.4643697e-09
2.5239801e-09,1.3504473e-06,1.2401911e-06,1.9340514e-06,1.4067305e-09
2.4568274e-09,1.2120287e-06,1.110463e-06,1.8032829e-06,1.3646299e-09
2.4774696e-09,1.250525e-06,1.1466589e-06,1.8386543e-06,1.3775301e-09
2.377913e-09,1.0494923e-06,9.579136e-07,1.6465935e-06,1.3150817e-09
2.4107139e-09,1.0984395e-06,1.0053927e-06,1.6838496e-06,1.335662e-09
2.4707205e-09,1.2133604e-06,1.1136515e-06,1.7923621e-06,1.3732673e-09
2.5713307e-09,1.424551e-06,1.3125605e-06,1.9855554e-06,1.4364772e-09
2.5903943e-09,1.4784042e-06,1.3618192e-06,2.0411126e-06,1.4484237e-09
2.6479137e-09,1.6300601e-06,1.5009766e-06,2.192365e-06,1.4844359e-09
2.6187406e-09,1.566126e-06,1.440711e-06,2.1377953e-06,1.4660978e-09
2.5326012e-09,1.3838e-06,1.2702109e-06,1.9713088e-06,1.4121488e-09
2.5526257e-09,1.3977551e-06,1.2861087e-06,1.9688423e-06,1.4247293e-09
2.4760698e-09,1.2484614e-06,1.1454542e-06,1.8333548e-06,1.3767752e-09
2.5156928e-09,1.3157836e-06,1.2104257e-06,1.8849207e-06,1.4016791e-09
2.4112161e-09,1.1337877e-06,1.0389475e-06,1.716069e-06,1.3364599e-09
2.3475721e-09,1.0340925e-06,9.4487575e-07,1.6208473e-06,1.2968017e-09
2.2297502e-09,8.2255673e-07,7.4566515e-07,1.4110759e-06,1.2230325e-09
2.2476192e-09,8.44111e-07,7.662924e-07,1.4291782e-06,1.2341274e-09
2.123492e-09,6.5153637e-07,5.8414446e-07,1.2371293e-06,1.1565904e-09
2.1516449e-09,6.886318e-07,6.1909014e-07,1.2755124e-06,1.1740684e-09
2.121113e-09,6.52694e-07,5.8513154e-07,1.2398468e-06,1.1551589e-09
2.1966877e-09,7.563154e-07,6.8367507e-07,1.3387997e-06,1.2022552e-09
2.0923108e-09,6.2442246e-07,5.598221e-07,1.1997734e-06,1.1375941e-09
2.123763e-09,6.633745e-07,5.9632634e-07,1.241377e-06,1.1570576e-09
1.9901023e-09,5.1875077e-07,4.6198411e-07,1.0745392e-06,1.0747385e-09
2.075074e-09,6.203845e-07,5.582537e-07,1.1758584e-06,1.1274334e-09
2.0641506e-09,5.961693e-07,5.3511286e-07,1.1510551e-06,1.1204617e-09
2.0375608e-09,5.6847193e-07,5.0853487e-07,1.1279778e-06,1.1039899e-09
2.0020918e-09,5.2278256e-07,4.6529843e-07,1.0803433e-06,1.0819446e-09
2.0762978e-09,6.002897e-07,5.3647125e-07,1.1786159e-06,1.127512e-09
1.9231103e-09,4.3666594e-07,3.8435456e-07,9.880206e-07,1.0331445e-09
1.8303261e-09,3.382126e-07,2.921638e-07,8.751209e-07,9.758745e-10
1.973329e-09,4.9826684e-07,4.4424579e-07,1.0358307e-06,1.0645478e-09
1.9224442e-09,4.461512e-07,3.9521714e-07,9.804425e-07,1.0331537e-09
1.8736293e-09,3.9282472e-07,3.449013e-07,9.2302827e-07,1.0029588e-09
1.9570785e-09,4.7089375e-07,4.1677384e-07,1.0215394e-06,1.0541377e-09
2.0023603e-09,5.1614956e-07,4.583364e-07,1.0793232e-06,1.0819236e-09
1.8617414e-09,3.6269134e-07,3.1447917e-07,9.073914e-07,9.950585e-10
1.8777877e-09,3.7672822e-07,3.2730077e-07,9.260986e-07,1.0048773e-09
1.9717896e-09,4.782144e-07,4.2303353e-07,1.033661e-06,1.063008e-09
1.9797777e-09,4.855944e-07,4.2982327e-07,1.0425339e-06,1.0679024e-09
1.9566722e-09,4.6068791e-07,4.0625505e-07,1.0172765e-06,1.0536094e-09
2.019511e-09,5.245295e-07,4.6505414e-07,1.097865e-06,1.0922128e-09
1.8900121e-09,4.2413097e-07,3.7466293e-07,9.577849e-07,1.0132933e-09
1.8285577e-09,3.51172e-07,3.058273e-07,8.76939e-07,9.751877e-10
1.8556321e-09,3.7387417e-07,3.2714863e-07,8.9986185e-07,9.918162e-10
1.7606381e-09,2.9933193e-07,2.5909105e-07,8.021601e-07,9.337948e-10
1.6620443e-09,2.1730081e-07,1.8331613e-07,6.990231e-07,8.733944e-10
1.7182887e-09,2.5006887e-07,2.1188457e-07,7.544715e-07,9.074459e-10
1.7502296e-09,2.7535913e-07,2.353349e-07,7.837051e-07,9.2700575e-10
1.7091252e-09,2.3384752e-07,1.9618548e-07,7.3711766e-07,9.016129e-10
1.7750685e-09,2.8222965e-07,2.3996094e-07,8.062784e-07,9.418143e-10
1.8393805e-09,3.3323045e-07,2.86341e-07,8.770968e-07,9.81093e-10
1.9378665e-09,4.346636e-07,3.816674e-07,9.887935e-07,1.0418906e-09
1.9110904e-09,4.08951e-07,3.5752845e-07,9.613664e-07,1.025398e-09
1.8879118e-09,3.8849646e-07,3.3838708e-07,9.395165e-07,1.0111556e-09
1.9284454e-09,4.289089e-07,3.7619907e-07,9.846094e-07,1.0361283e-09
1.8781376e-09,3.8294885e-07,3.336282e-07,9.296883e-07,1.0052486e-09
1.9060549e-09,4.086005e-07,3.580675e-07,9.5264306e-07,1.0224731e-09
1.9387616e-09,4.412072e-07,3.8820798e-07,9.931334e-07,1.0425745e-09
1.973841e-09,4.7579618e-07,4.1987846e-07,1.0390113e-06,1.0640897e-09
1.881749e-09,3.8982927e-07,3.4037754e-07,9.3507026e-07,1.0075594e-09
1.8990072e-09,4.0376972e-07,3.5284725e-07,9.559274e-07,1.0180707e-09
1.8574333e-09,3.5547004e-07,3.0744576e-07,9.0088406e-07,9.923211e-10
1.9506152e-09,4.5924702e-07,4.0618247e-07,1.0035483e-06,1.0501158e-09
1.9521218e-09,4.6022552e-07,4.0670471e-07,1.0084606e-06,1.0509829e-09
2.0395283e-09,5.5093807e-07,4.9055075e-07,1.1200902e-06,1.104735e-09
2.093582e-09,6.150393e-07,5.502695e-07,1.1939113e-06,1.1381212e-09
2.1493483e-09,6.8577606e-07,6.1634427e-07,1.2728864e-06,1.172636e-09
2.09894e-09,6.178061e-07,5.5227395e-07,1.2021786e-06,1.1413075e-09
2.1302582e-09,6.5786503e-07,5.8969084e-07,1.2470456e-06,1.1606966e-09
2.1068756e-09,6.2894685e-07,5.624599e-07,1.2170121e-06,1.1462051e-09
2.0812134e-09,5.964341e-07,5.31934e-07,1.1819258e-06,1.1302985e-09
2.112487e-09,6.3459237e-07,5.684172e-07,1.2165942e-06,1.1497518e-09
2.1583169e-09,6.956518e-07,6.259266e-07,1.2804098e-06,1.178215e-09
2.1800581e-09,7.260483e-07,6.545064e-07,1.3123575e-06,1.1917257e-09
2.2178703e-09,7.8042194e-07,7.053107e-07,1.3720287e-06,1.2151973e-09
2.3016413e-09,9.078293e-07,8.253749e-07,1.500572e-06,1.267395e-09
2.2294167e-09,8.080248e-07,7.3138426e-07,1.4011453e-06,1.222544e-09
2.2627746e-09,8.5571014e-07,7.7676077e-07,1.4448618e-06,1.2433438e-09
2.3914994e-09,1.0710721e-06,9.822179e-07,1.6382494e-06,1.32409e-09
2.3675093e-09,1.0408365e-06,9.5237715e-07,1.6190513e-06,1.309064e-09
2.3005828e-09,9.3269415e-07,8.5007537e-07,1.5160266e-06,1.2672708e-09
2.4086804e-09,1.1142711e-06,1.0205515e-06,1.6965125e-06,1.3346702e-09
2.3934605e-09,1.0878525e-06,9.952988e-07,1.6734273e-06,1.3251111e-09
2.2887154e-09,8.9648387e-07,8.147506e-07,1.4891444e-06,1.2594669e-09
2.325175e-09,9.550773e-07,8.699236e-07,1.5470912e-06,1.2822019e-09
2.4169062e-09,1.1138683e-06,1.0197547e-06,1.699434e-06,1.3395622e-09
2.514555e-09,1.2976666e-06,1.1956818e-06,1.8536904e-06,1.4010884e-09
2.5274534e-09,1.3412947e-06,1.2345065e-06,1.9073796e-06,1.4090937e-09
2.6540141e-09,1.6339956e-06,1.5078529e-06,2.1788862e-06,1.4885464e-09
2.7391802e-09,1.872421e-06,1.7283735e-06,2.395406e-06,1.5421281e-09
2.783973e-09,2.0184004e-06,1.8621911e-06,2.5254867e-06,1.5703581e-09
2.755348e-09,1.930803e-06,1.7808188e-06,2.4522378e-06,1.5522553e-09
2.7355531e-09,1.9182912e-06,1.7648593e-06,2.4580797e-06,1.5397679e-09
2.6557105e-09,1.6899305e-06,1.5543419e-06,2.2538331e-06,1.4894967e-09
2.6939269e-09,1.74912e-06,1.6138308e-06,2.287719e-06,1.513633e-09
2.6938134e-09,1.738209e-06,1.6042836e-06,2.275462e-06,1.5135295e-09
2.595144e-09,1.5186245e-06,1.3979316e-06,2.0860539e-06,1.4515864e-09
2.667443e-09,1.6892498e-06,1.5584227e-06,2.2314584e-06,1.4971022e-09
2.7296023e-09,1.8634795e-06,1.71961e-06,2.3870873e-06,1.5362068e-09
2.6290796e-09,1.6004907e-06,1.4742232e-06,2.159436e-06,1.4728903e-09
2.555195e-09,1.4253327e-06,1.3105044e-06,2.0006714e-06,1.4264234e-09
2.6508942e-09,1.6474705e-06,1.5184062e-06,2.1998217e-06,1.4865535e-09
2.533079e-09,1.3768464e-06,1.2653323e-06,1.9558718e-06,1.4125789e-09
2.4968263e-09,1.2806272e-06,1.1759423e-06,1.8615196e-06,1.3897015e-09
2.4654039e-09,1.2255676e-06,1.1235702e-06,1.8136022e-06,1.3700149e-09
2.4544657e-09,1.2047313e-06,1.1038178e-06,1.7945391e-06,1.36314e-09
2.4365998e-09,1.1477266e-06,1.0513768e-06,1.7337293e-06,1.3518231e-09
2.4588376e-09,1.1957749e-06,1.0957099e-06,1.7852994e-06,1.3657055e-09
2.510651e-09,1.2924997e-06,1.1880494e-06,1.8670644e-06,1.3982937e-09
2.5982e-09,1.4867383e-06,1.3701724e-06,2.0467364e-06,1.4532928e-09
2.6717917e-09,1.6744157e-06,1.5446111e-06,2.220617e-06,1.4995603e-09
2.5606783e-09,1.4506069e-06,1.3342496e-06,2.024668e-06,1.4300385e-09
2.4674618e-09,1.2756585e-06,1.1704379e-06,1.8596495e-06,1.3718306e-09
2.3954523e-09,1.114243e-06,1.0197667e-06,1.7003381e-06,1.3265873e-09
2.393366e-09,1.0837429e-06,9.925668e-07,1.6611593e-06,1.3251545e-09
2.2460134e-09,8.3645375e-07,7.5917956e-07,1.4219504e-06,1.2330751e-09
2.2435303e-09,8.3396986e-07,7.5642487e-07,1.4222832e-06,1.2314834e-09
2.3419497e-09,9.89769e-07,9.0396315e-07,1.5709782e-06,1.2929475e-09
2.2277435e-09,8.3016437e-07,7.5423054e-07,1.4086818e-06,1.2221045e-09
2.1031614e-09,6.46036e-07,5.8048363e-07,1.2206848e-06,1.1444833e-09
2.072748e-09,6.091715e-07,5.4567533e-07,1.1825623e-06,1.1256278e-09
2.0934579e-09,6.301581e-07,5.657412e-07,1.2004097e-06,1.1384365e-09
2.053408e-09,5.641465e-07,5.0299343e-07,1.1332977e-06,1.1132821e-09
2.0568796e-09,5.695405e-07,5.074511e-07,1.1458181e-06,1.1153705e-09
2.0589248e-09,5.7258876e-07,5.100052e-07,1.152256e-06,1.116604e-09
2.1369884e-09,6.713603e-07,6.0317734e-07,1.2545349e-06,1.1650455e-09
2.0059698e-09,5.2812766e-07,4.7002197e-07,1.0907052e-06,1.0843217e-09
2.0451416e-09,5.7159957e-07,5.1150346e-07,1.1302277e-06,1.1086077e-09
2.0360729e-09,5.6089027e-07,5.009731e-07,1.1230686e-06,1.1029321e-09
2.046279e-09,5.712058e-07,5.1036716e-07,1.1363733e-06,1.1091813e-09
1.924335e-09,4.3659665e-07,3.844319e-07,9.856624e-07,1.0339009e-09
1.9230346e-09,4.3316982e-07,3.8056527e-07,9.884689e-07,1.0329847e-09
1.8324011e-09,3.3359717e-07,2.871321e-07,8.7545016e-07,9.769621e-10
1.8469739e-09,3.457158e-07,2.9854618e-07,8.8726927e-07,9.859155e-10
1.8550175e-09,3.5125632e-07,3.0374258e-07,8.921771e-07,9.908344e-10
1.8529552e-09,3.4947672e-07,3.0176932e-07,8.9435656e-07,9.895313e-10
1.8004886e-09,3.0929047e-07,2.6511665e-07,8.4183245e-07,9.574972e-10
1.7712589e-09,2.851909e-07,2.4295613e-07,8.1091684e-07,9.396051e-10
1.7667958e-09,2.7768206e-07,2.3590155e-07,8.00631e-07,9.368002e-10
1.6260859e-09,1.84395e-07,1.523458e-07,6.623758e-07,8.512405e-10
1.611241e-09,1.7132001e-07,1.4016823e-07,6.4571896e-07,8.421194e-10
1.6749945e-09,2.1740854e-07,1.8229917e-07,7.0626254e-07,8.8102853e-10
1.7354281e-09,2.6525376e-07,2.2637266e-07,7.6659353e-07,9.180049e-10
1.7384459e-09,2.651534e-07,2.2595265e-07,7.689239e-07,9.197764e-10
1.7865122e-09,2.8957615e-07,2.4623193e-07,8.2124956e-07,9.487349e-10
1.7692069e-09,2.7655082e-07,2.3422876e-07,8.058255e-07,9.381566e-10
1.6888442e-09,2.1911646e-07,1.8234172e-07,7.2421074e-07,8.8919316e-10
1.6387949e-09,1.7849487e-07,1.4493932e-07,6.7070886e-07,8.585495e-10
1.5926009e-09,1.4542533e-07,1.1484566e-07,6.244824e-07,8.3037144e-10
1.6513354e-09,1.9059405e-07,1.5667666e-07,6.7892597e-07,8.6632534e-10
1.7321993e-09,2.5659665e-07,2.1780859e-07,7.598714e-07,9.158775e-10
1.8086073e-09,3.1504766e-07,2.708691e-07,8.418339e-07,9.625043e-10
1.9263922e-09,4.3013483e-07,3.783503e-07,9.75107e-07,1.0350323e-09
2.014442e-09,5.1552166e-07,4.5674085e-07,1.0857332e-06,1.0890496e-09
2.0007334e-09,5.0227396e-07,4.4409012e-07,1.0742885e-06,1.0805802e-09
1.9548283e-09,4.559414e-07,4.0091123e-07,1.021432e-06,1.052318e-09
1.8907558e-09,3.9755412e-07,3.470726e-07,9.4938304e-07,1.0130238e-09
1.7922629e-09,3.0093224e-07,2.571769e-07,8.33383e-07,9.524105e-10
1.8590063e-09,3.6842366e-07,3.2143936e-07,8.98518e-07,9.937083e-10
1.9313335e-09,4.4450243e-07,3.9302097e-07,9.809415e-07,1.0383758e-09
1.9536808e-09,4.6617063e-07,4.1258437e-07,1.0125924e-06,1.0520393e-09
2.0207553e-09,5.3414976e-07,4.751164e-07,1.0990583e-06,1.0932274e-09
2.1138886e-09,6.3890707e-07,5.722162e-07,1.2238773e-06,1.1506197e-09
2.0975186e-09,6.1569494e-07,5.5038674e-07,1.1988543e-06,1.1404346e-09
2.1763904e-09,7.2366925e-07,6.533684e-07,1.3004941e-06,1.1896386e-09
2.1966358e-09,7.5367683e-07,6.806308e-07,1.3408757e-06,1.2021146e-09
2.1882494e-09,7.4507864e-07,6.7206946e-07,1.3364042e-06,1.1968808e-09
2.2840534e-09,8.891185e-07,8.0938094e-07,1.4692525e-06,1.2567773e-09
2.3104278e-09,9.33603e-07,8.5048003e-07,1.5199149e-06,1.2731434e-09
2.2813849e-09,8.839013e-07,8.034568e-07,1.4716628e-06,1.2549561e-09
2.431733e-09,1.143237e-06,1.0498136e-06,1.7105883e-06,1.3492032e-09
2.376114e-09,1.0705605e-06,9.79897e-07,1.6530331e-06,1.3145739e-09
2.4015494e-09,1.1039494e-06,1.0124405e-06,1.6756309e-06,1.3304606e-09
2.4549893e-09,1.2050145e-06,1.107241e-06,1.7728701e-06,1.3638612e-09
2.4124966e-09,1.139877e-06,1.0447559e-06,1.7191853e-06,1.3372923e-09
2.4407034e-09,1.1692689e-06,1.074531e-06,1.7330914e-06,1.3549416e-09
2.5261144e-09,1.3424371e-06,1.2343805e-06,1.9159725e-06,1.4081274e-09
2.4850744e-09,1.2597069e-06,1.1562712e-06,1.8414082e-06,1.3823582e-09
2.553794e-09,1.3948797e-06,1.2850951e-06,1.955028e-06,1.4256136e-09
2.6308546e-09,1.582893e-06,1.4584211e-06,2.1420738e-06,1.4738258e-09
2.6881315e-09,1.7100958e-06,1.5797059e-06,2.2431711e-06,1.5100046e-09
2.7518068e-09,1.8995104e-06,1.7545983e-06,2.4138615e-06,1.5501225e-09
2.7169327e-09,1.8607947e-06,1.7131066e-06,2.4030971e-06,1.528174e-09
2.7190308e-09,1.8440421e-06,1.6998174e-06,2.378775e-06,1.5294684e-09
2.766814e-09,1.9756503e-06,1.8226525e-06,2.4879432e-06,1.5596099e-09
2.6727818e-09,1.7149557e-06,1.580071e-06,2.265394e-06,1.5003381e-09
2.6235565e-09,1.5783517e-06,1.4533292e-06,2.1413812e-06,1.469284e-09
2.6972893e-09,1.7682853e-06,1.6299882e-06,2.3116477e-06,1.5156545e-09
2.7365115e-09,1.8583926e-06,1.7158086e-06,2.3817176e-06,1.5404291e-09
2.7253217e-09,1.8240044e-06,1.683685e-06,2.352663e-06,1.533335e-09
2.7763725e-09,1.9950662e-06,1.8396141e-06,2.5109246e-06,1.5654594e-09
2.7400928e-09,1.9276672e-06,1.7738336e-06,2.465226e-06,1.5426256e-09
2.9312728e-09,2.4702836e-06,2.288432e-06,2.8712889e-06,1.6642179e-09
2.9485385e-09,2.5990598e-06,2.400138e-06,2.980922e-06,1.6750693e-09
2.8099685e-09,2.225409e-06,2.0496918e-06,2.6964137e-06,1.5879311e-09
2.785443e-09,2.140006e-06,1.9724082e-06,2.6159414e-06,1.5723224e-09
2.7957743e-09,2.197101e-06,2.0219052e-06,2.6683979e-06,1.5786703e-09
2.6500748e-09,1.6495278e-06,1.5203493e-06,2.1997967e-06,1.4860844e-09
2.5263838e-09,1.351078e-06,1.2412631e-06,1.9315526e-06,1.4082413e-09
2.5731686e-09,1.4579596e-06,1.3403e-06,2.0358498e-06,1.4375143e-09
2.5617561e-09,1.4199702e-06,1.3056215e-06,1.9965742e-06,1.4303149e-09
2.573132e-09,1.4362258e-06,1.3216921e-06,2.0070086e-06,1.4374631e-09
2.6404146e-09,1.5841633e-06,1.4621626e-06,2.1305186e-06,1.4799131e-09
2.6342277e-09,1.6023773e-06,1.4755349e-06,2.1658107e-06,1.475966e-09
2.6032025e-09,1.5377295e-06,1.4144073e-06,2.110421e-06,1.456465e-09
2.6144389e-09,1.5570387e-06,1.4331649e-06,2.1235805e-06,1.4635164e-09
2.5748075e-09,1.4628511e-06,1.3451189e-06,2.0383384e-06,1.4385942e-09
2.387715e-09,1.091023e-06,9.975996e-07,1.6831439e-06,1.3215911e-09
2.4485318e-09,1.1943117e-06,1.0964122e-06,1.7691002e-06,1.3597369e-09
2.3028794e-09,9.643686e-07,8.8111335e-07,1.5396556e-06,1.2692044e-09
2.281598e-09,9.0952426e-07,8.2973463e-07,1.4812064e-06,1.2557027e-09
2.343538e-09,1.0051692e-06,9.2139373e-07,1.5628498e-06,1.2944816e-09
2.2802524e-09,9.2609446e-07,8.4595445e-07,1.4942575e-06,1.2551882e-09
2.1954194e-09,7.795126e-07,7.0708484e-07,1.3510939e-06,1.2020183e-09
2.2905309e-09,9.167611e-07,8.353235e-07,1.4974132e-06,1.2610122e-09
2.2361064e-09,8.293269e-07,7.527274e-07,1.4113954e-06,1.2270308e-09
2.1211037e-09,6.54667e-07,5.875782e-07,1.2364573e-06,1.155259e-09
2.1180087e-09,6.52332e-07,5.8475933e-07,1.240192e-06,1.1532797e-09
2.14816e-09,6.8954915e-07,6.202281e-07,1.2744912e-06,1.1720187e-09
2.0809796e-09,5.9725426e-07,5.3318803e-07,1.1784036e-06,1.1302353e-09
2.0722066e-09,5.8539024e-07,5.2201017e-07,1.1656161e-06,1.12478e-09
2.0940338e-09,6.12412e-07,5.473183e-07,1.1953463e-06,1.1382928e-09
2.035485e-09,5.513133e-07,4.903368e-07,1.1277109e-06,1.1022292e-09
1.9727429e-09,4.7395346e-07,4.176623e-07,1.0423593e-06,1.0633411e-09
1.9944417e-09,4.9677647e-07,4.392385e-07,1.0652109e-06,1.0767517e-09
1.9053905e-09,4.0894724e-07,3.5771376e-07,9.614173e-07,1.0219922e-09
1.9436488e-09,4.483486e-07,3.9520592e-07,9.986978e-07,1.0456616e-09
1.963277e-09,4.675752e-07,4.1261399e-07,1.0262276e-06,1.0576722e-09
1.9250852e-09,4.3015928e-07,3.7766145e-07,9.843839e-07,1.0341622e-09
1.8394568e-09,3.4760717e-07,3.0097587e-07,8.8575604e-07,9.815129e-10
1.7763273e-09,3.0287686e-07,2.6066644e-07,8.2297305e-07,9.430716e-10
1.7763333e-09,2.9369278e-07,2.5180032e-07,8.109399e-07,9.428939e-10
1.8092121e-09,3.2267099e-07,2.7886432e-07,8.4327075e-07,9.630927e-10
1.7771336e-09,2.9611948e-07,2.5420715e-07,8.126341e-07,9.434291e-10
1.6793313e-09,2.4134494e-07,2.0655226e-07,7.2205415e-07,8.842458e-10
1.7061734e-09,2.545783e-07,2.1761716e-07,7.479474e-07,9.0041663e-10
1.582263e-09,1.6563868e-07,1.3687423e-07,6.239386e-07,8.248741e-10
1.4975309e-09,1.0154267e-07,7.780383e-08,5.401968e-07,7.7305573e-10
1.5089854e-09,1.0657956e-07,8.20943e-08,5.4827524e-07,7.7996265e-10
1.5763941e-09,1.4025778e-07,1.11069625e-07,6.084787e-07,8.206812e-10
1.5847189e-09,1.4475684e-07,1.1501904e-07,6.1540004e-07,8.2572127e-10
1.6649242e-09,1.9499026e-07,1.5987754e-07,6.918432e-07,8.7444507e-10
1.7277179e-09,2.390069e-07,1.9963532e-07,7.552726e-07,9.126973e-10
1.7843493e-09,2.8606388e-07,2.4305612e-07,8.1469057e-07,9.473916e-10
1.8884259e-09,3.8675464e-07,3.3732064e-07,9.294375e-07,1.011505e-09
1.9256892e-09,4.2086228e-07,3.6838117e-07,9.768726e-07,1.0343142e-09
1.9089381e-09,4.0585545e-07,3.5422582e-07,9.621872e-07,1.0240048e-09
1.8576448e-09,3.6250594e-07,3.1436332e-07,9.0812273e-07,9.926011e-10
1.94222e-09,4.5288837e-07,3.9997332e-07,1.0001578e-06,1.0449366e-09
1.9080877e-09,4.1273154e-07,3.6199293e-07,9.57355e-07,1.0237655e-09
1.8407194e-09,3.538362e-07,3.075643e-07,8.860195e-07,9.824639e-10
1.9635227e-09,4.8636696e-07,4.327506e-07,1.0253016e-06,1.0584214e-09
1.990767e-09,5.0991844e-07,4.533803e-07,1.065192e-06,1.0749679e-09
2.001244e-09,5.168687e-07,4.5993215e-07,1.0708017e-06,1.0813745e-09
2.015863e-09,5.326394e-07,4.7425908e-07,1.0925672e-06,1.0903356e-09
2.0457733e-09,5.6078284e-07,4.9911705e-07,1.1382867e-06,1.1085456e-09
2.0105497e-09,5.120266e-07,4.531891e-07,1.0850106e-06,1.0866215e-09
2.1150983e-09,6.4211457e-07,5.7622105e-07,1.2183735e-06,1.1515299e-09
2.1624538e-09,7.0602016e-07,6.368316e-07,1.2811595e-06,1.1810036e-09
2.210101e-09,7.736537e-07,7.0003495e-07,1.3555206e-06,1.2105682e-09
2.3460807e-09,9.842049e-07,8.9855814e-07,1.5665091e-06,1.2953436e-09
2.4045137e-09,1.0886888e-06,9.955949e-07,1.6787893e-06,1.3317177e-09
2.3749789e-09,1.0423832e-06,9.5152416e-07,1.637611e-06,1.3132659e-09
2.362575e-09,1.0222324e-06,9.323769e-07,1.619063e-06,1.3055058e-09
2.3712812e-09,1.0378575e-06,9.468978e-07,1.6354159e-06,1.3109248e-09
2.2950537e-09,9.04321e-07,8.2129395e-07,1.5035691e-06,1.2632722e-09
2.448083e-09,1.1717461e-06,1.0781605e-06,1.7290656e-06,1.3596618e-09
2.4367415e-09,1.1662835e-06,1.0710036e-06,1.7372241e-06,1.3524832e-09
2.5095432e-09,1.312077e-06,1.2079992e-06,1.8735489e-06,1.3980838e-09
2.4906097e-09,1.2880761e-06,1.1837645e-06,1.8610751e-06,1.3861634e-09
2.6127733e-09,1.5531843e-06,1.4322432e-06,2.1041224e-06,1.4628012e-09
2.4653453e-09,1.2257499e-06,1.124891e-06,1.8071595e-06,1.3701481e-09
2.5445321e-09,1.3878788e-06,1.2772582e-06,1.9563395e-06,1.4197941e-09
2.5584752e-09,1.4107186e-06,1.2992498e-06,1.9735185e-06,1.4285261e-09
2.6838758e-09,1.7096037e-06,1.5796338e-06,2.2386835e-06,1.5074682e-09
2.653001e-09,1.6366573e-06,1.510334e-06,2.1795454e-06,1.4879586e-09
2.6963831e-09,1.7772957e-06,1.6367317e-06,2.3271289e-06,1.5150408e-09
2.7508533e-09,1.9138984e-06,1.765733e-06,2.4364617e-06,1.5494421e-09
2.8251994e-09,2.1368642e-06,1.9731076e-06,2.6211e-06,1.5964412e-09
2.8297198e-09,2.1480837e-06,1.9834463e-06,2.630146e-06,1.5992779e-09
2.7973168e-09,2.102054e-06,1.9355423e-06,2.608448e-06,1.5788393e-09
2.8566531e-09,2.309414e-06,2.1252429e-06,2.7818041e-06,1.6162731e-09
2.8997682e-09,2.4290762e-06,2.2387699e-06,2.868538e-06,1.6435937e-09
2.8688245e-09,2.320056e-06,2.1378212e-06,2.7830308e-06,1.6239828e-09
2.7342824e-09,1.932257e-06,1.778971e-06,2.4629671e-06,1.5393314e-09
2.762736e-09,2.0158973e-06,1.8564849e-06,2.5305471e-06,1.5572066e-09
2.800734e-09,2.0840146e-06,1.9244478e-06,2.5714369e-06,1.5812269e-09
2.744462e-09,1.8969354e-06,1.7512384e-06,2.414065e-06,1.5455783e-09
2.6807137e-09,1.7335233e-06,1.5980402e-06,2.2772601e-06,1.5053887e-09
2.6716993e-09,1.7421978e-06,1.6025884e-06,2.300258e-06,1.499648e-09
2.5714353e-09,1.4915319e-06,1.3703414e-06,2.0700916e-06,1.436695e-09
2.5568558e-09,1.4072375e-06,1.2948937e-06,1.977968e-06,1.427375e-09
2.6600522e-09,1.6283539e-06,1.5064428e-06,2.1544747e-06,1.4926227e-09
2.58566e-09,1.4941145e-06,1.3776589e-06,2.0492012e-06,1.4459653e-09
2.6103097e-09,1.5601089e-06,1.4382315e-06,2.1125281e-06,1.4613655e-09
2.653765e-09,1.6791807e-06,1.5471214e-06,2.2289248e-06,1.4885344e-09
2.6125324e-09,1.5656082e-06,1.4417044e-06,2.1255596e-06,1.4625323e-09
2.5278961e-09,1.3385664e-06,1.2299323e-06,1.9179413e-06,1.4090477e-09
2.5622957e-09,1.4218081e-06,1.3065123e-06,2.0036039e-06,1.4305598e-09
2.5136424e-09,1.3194971e-06,1.2105509e-06,1.9096667e-06,1.4000462e-09
2.5071187e-09,1.2969439e-06,1.1901305e-06,1.884259e-06,1.39594e-09
2.5109281e-09,1.3011007e-06,1.1943682e-06,1.8861326e-06,1.3983288e-09
2.4161888e-09,1.1303863e-06,1.0339437e-06,1.7254553e-06,1.3391597e-09
2.287432e-09,9.20479e-07,8.374211e-07,1.5136517e-06,1.2590095e-09
2.307872e-09,9.438476e-07,8.6023897e-07,1.5291744e-06,1.2717377e-09
2.3026328e-09,9.2378957e-07,8.417751e-07,1.5054184e-06,1.2683788e-09
2.2480082e-09,8.3243754e-07,7.552663e-07,1.4172344e-06,1.2341894e-09
2.3202342e-09,9.4669963e-07,8.631571e-07,1.5295208e-06,1.2792581e-09
2.3264923e-09,9.634832e-07,8.7721673e-07,1.5609369e-06,1.2830228e-09
2.2711169e-09,8.7281865e-07,7.9194837e-07,1.4697861e-06,1.2484752e-09
2.2066766e-09,7.7308493e-07,6.9814047e-07,1.367666e-06,1.2083218e-09
2.1504798e-09,6.9749956e-07,6.2718794e-07,1.2881266e-06,1.1734571e-09
1.9805146e-09,4.949893e-07,4.3814984e-07,1.0609117e-06,1.0684166e-09
1.984178e-09,4.9424705e-07,4.3759383e-07,1.0569905e-06,1.070628e-09
1.9065707e-09,4.107305e-07,3.59502e-07,9.620468e-07,1.022741e-09
1.826948e-09,3.3303604e-07,2.871969e-07,8.6981805e-07,9.737504e-10
1.9019657e-09,4.1177333e-07,3.6192435e-07,9.4877237e-07,1.0201764e-09
1.9904445e-09,5.00897e-07,4.4456112e-07,1.056346e-06,1.0745932e-09
1.917795e-09,4.264802e-07,3.7496733e-07,9.731527e-07,1.0298208e-09
1.9676083e-09,4.7659626e-07,4.21422e-07,1.0334602e-06,1.0604535e-09
2.0086603e-09,5.1702716e-07,4.5831783e-07,1.0875581e-06,1.0856109e-09
1.9005535e-09,4.0294088e-07,3.519434e-07,9.558358e-07,1.018974e-09
1.9355624e-09,4.38339e-07,3.8562013e-07,9.892381e-07,1.0406223e-09
2.0131194e-09,5.215068e-07,4.632189e-07,1.0849985e-06,1.0884482e-09
1.9374748e-09,4.4609845e-07,3.9299448e-07,9.988698e-07,1.0419006e-09
1.9006825e-09,4.0817366e-07,3.5748644e-07,9.561053e-07,1.0192127e-09
1.8263777e-09,3.5366367e-07,3.082639e-07,8.810861e-07,9.739379e-10
1.7808273e-09,3.0043674e-07,2.5805284e-07,8.206923e-07,9.45694e-10
1.8073342e-09,3.2135807e-07,2.7774553e-07,8.4079045e-07,9.619596e-10
1.8194413e-09,3.3040766e-07,2.8567925e-07,8.5658996e-07,9.693089e-10
1.8096558e-09,3.207744e-07,2.764901e-07,8.476293e-07,9.632583e-10
1.8607955e-09,3.576793e-07,3.0927004e-07,9.0606716e-07,9.943495e-10
1.8438857e-09,3.419981e-07,2.9470436e-07,8.872837e-07,9.839589e-10
1.749497e-09,2.5791377e-07,2.1689183e-07,7.828445e-07,9.260318e-10
1.7401324e-09,2.4962793e-07,2.0926035e-07,7.717215e-07,9.2028846e-10
1.7587436e-09,2.647068e-07,2.232319e-07,7.895854e-07,9.316907e-10
1.7691637e-09,2.730696e-07,2.3097684e-07,7.994063e-07,9.380728e-10
1.8196585e-09,3.1923005e-07,2.7406404e-07,8.5287e-07,9.691241e-10
1.8061332e-09,3.0856717e-07,2.6398513e-07,8.436644e-07,9.608213e-10
1.8173768e-09,3.176753e-07,2.7227716e-07,8.560602e-07,9.676905e-10
1.8176032e-09,3.1713233e-07,2.717357e-07,8.553708e-07,9.678132e-10
1.8311608e-09,3.2884358e-07,2.826126e-07,8.690268e-07,9.761316e-10
1.8588551e-09,3.551839e-07,3.0742933e-07,8.965603e-07,9.932023e-10
1.9545747e-09,4.4996057e-07,3.9566407e-07,1.0087001e-06,1.052121e-09
1.9226813e-09,4.214835e-07,3.6905124e-07,9.781953e-07,1.0325265e-09
1.9622957e-09,4.6218003e-07,4.0698e-07,1.0252769e-06,1.0569283e-09
2.011753e-09,5.1687016e-07,4.5828008e-07,1.0853776e-06,1.0874837e-09
1.9341524e-09,4.3998043e-07,3.868339e-07,9.959485e-07,1.0397567e-09
1.9101982e-09,4.105805e-07,3.59152e-07,9.62794e-07,1.0248942e-09
1.9780089e-09,4.802596e-07,4.240868e-07,1.0437353e-06,1.0666654e-09
2.13115e-09,6.826765e-07,6.1772926e-07,1.2331548e-06,1.1622288e-09
2.1383078e-09,6.9303485e-07,6.267109e-07,1.2504648e-06,1.16657e-09
2.1503164e-09,7.0674713e-07,6.376334e-07,1.2838088e-06,1.173737e-09
2.2828315e-09,9.0065214e-07,8.2118993e-07,1.4736437e-06,1.2563185e-09
2.3662705e-09,1.0380484e-06,9.5038376e-07,1.6102595e-06,1.3083399e-09
2.189654e-09,7.7606387e-07,7.0423397e-07,1.3457975e-06,1.1985506e-09
2.233247e-09,8.3690395e-07,7.615232e-07,1.406131e-06,1.2256176e-09
2.3791669e-09,1.0707357e-06,9.821525e-07,1.6344472e-06,1.3166368e-09
2.4274982e-09,1.1513997e-06,1.0592096e-06,1.7034237e-06,1.3469221e-09
2.4240494e-09,1.1475736e-06,1.0546453e-06,1.7057511e-06,1.3446633e-09
2.4322615e-09,1.1737686e-06,1.0750027e-06,1.7644904e-06,1.3494202e-09
2.4932594e-09,1.2871603e-06,1.1823679e-06,1.8645576e-06,1.3876454e-09
2.4505367e-09,1.1939698e-06,1.0948995e-06,1.7764245e-06,1.3607898e-09
2.4066378e-09,1.1006819e-06,1.007232e-06,1.6871481e-06,1.3331889e-09
2.5403204e-09,1.3595145e-06,1.2545042e-06,1.9065691e-06,1.4174448e-09
2.6076235e-09,1.5255013e-06,1.4060654e-06,2.0834566e-06,1.4593861e-09
2.6603522e-09,1.6494753e-06,1.5229402e-06,2.1886274e-06,1.4926109e-09
2.657612e-09,1.6724478e-06,1.5410611e-06,2.224587e-06,1.4908211e-09
2.6632316e-09,1.7050285e-06,1.5692467e-06,2.2626148e-06,1.4942866e-09
2.5666314e-09,1.4440063e-06,1.3270269e-06,2.024378e-06,1.4333993e-09
2.6067088e-09,1.5270737e-06,1.4059033e-06,2.0934488e-06,1.4586155e-09
2.6156664e-09,1.5282593e-06,1.4086697e-06,2.0868758e-06,1.4642358e-09
2.7145384e-09,1.7778127e-06,1.6427721e-06,2.3036016e-06,1.5266071e-09
2.6714502e-09,1.7066151e-06,1.5727718e-06,2.2569739e-06,1.4995215e-09
2.7411415e-09,1.9014996e-06,1.7533623e-06,2.4282615e-06,1.5433853e-09
2.6569482e-09,1.6950316e-06,1.5604152e-06,2.2518445e-06,1.4904714e-09
2.6640175e-09,1.6884227e-06,1.5564945e-06,2.2355216e-06,1.4948898e-09
2.6044324e-09,1.5210315e-06,1.4008106e-06,2.0847522e-06,1.4572545e-09
2.5148401e-09,1.3558549e-06,1.2452841e-06,1.937746e-06,1.401288e-09
2.5166966e-09,1.3284048e-06,1.2218384e-06,1.8989069e-06,1.4023668e-09
2.4999713e-09,1.30361e-06,1.1974112e-06,1.8821995e-06,1.3918448e-09
2.3692366e-09,1.0524429e-06,9.616601e-07,1.6423967e-06,1.3100254e-09
2.366105e-09,1.0336271e-06,9.446883e-07,1.6180456e-06,1.3079928e-09
2.403932e-09,1.1025361e-06,1.0085886e-06,1.6914536e-06,1.3315296e-09
2.3232096e-09,9.512082e-07,8.6601847e-07,1.5454875e-06,1.2809318e-09
2.4264561e-09,1.1302398e-06,1.0370323e-06,1.7022e-06,1.345786e-09
2.5111428e-09,1.2997855e-06,1.1950165e-06,1.8726273e-06,1.3986954e-09
2.5518945e-09,1.3878954e-06,1.2777435e-06,1.9536828e-06,1.424284e-09
2.5926448e-09,1.4882888e-06,1.3706308e-06,2.0521195e-06,1.4498304e-09
2.6583469e-09,1.6587182e-06,1.5274527e-06,2.2188253e-06,1.4909921e-09
2.5294278e-09,1.3731257e-06,1.2608667e-06,1.9587596e-06,1.4102011e-09
2.4633433e-09,1.2354234e-06,1.1321071e-06,1.8270456e-06,1.3687897e-09
2.3271762e-09,9.882503e-07,9.0084416e-07,1.5824962e-06,1.2837915e-09
2.2733815e-09,8.827809e-07,8.019241e-07,1.4745979e-06,1.2500512e-09
2.221654e-09,7.8704534e-07,7.1167733e-07,1.3778761e-06,1.2175853e-09
2.2292632e-09,7.9863605e-07,7.2247923e-07,1.39067e-06,1.222311e-09
2.2022393e-09,7.595144e-07,6.855197e-07,1.3516856e-06,1.2054815e-09
2.29633e-09,9.011188e-07,8.192869e-07,1.4921646e-06,1.2641387e-09
2.2815407e-09,8.803933e-07,7.994524e-07,1.4740802e-06,1.2549095e-09
2.2614832e-09,8.50683e-07,7.712931e-07,1.4456265e-06,1.2424024e-09
2.1712623e-09,7.327814e-07,6.6084635e-07,1.3218178e-06,1.18652e-09
2.1496052e-09,7.015981e-07,6.3150594e-07,1.2886447e-06,1.1730437e-09
2.1683912e-09,7.170238e-07,6.469463e-07,1.295607e-06,1.1847026e-09
2.1564674e-09,7.003109e-07,6.3095405e-07,1.2802778e-06,1.1772526e-09
2.1118183e-09,6.4347654e-07,5.772541e-07,1.2228971e-06,1.1495392e-09
2.1702649e-09,7.186591e-07,6.473814e-07,1.3070078e-06,1.1857048e-09
2.178739e-09,7.304788e-07,6.582758e-07,1.3212002e-06,1.1909397e-09
2.0868705e-09,6.0591105e-07,5.410659e-07,1.1904496e-06,1.1338691e-09
2.0571136e-09,5.685401e-07,5.059697e-07,1.1498578e-06,1.1154251e-09
2.0241084e-09,5.321788e-07,4.7191816e-07,1.1100763e-06,1.0950485e-09
1.8924124e-09,4.0016002e-07,3.4964808e-07,9.511688e-07,1.0140736e-09
1.8710458e-09,3.7199953e-07,3.23166e-07,9.179993e-07,1.0007863e-09
1.8276346e-09,3.313236e-07,2.853885e-07,8.6910995e-07,9.741078e-10
1.8400135e-09,3.408183e-07,2.9430836e-07,8.7813703e-07,9.816967e-10
1.883447e-09,3.836324e-07,3.3445554e-07,9.256828e-07,1.0084669e-09
1.9196766e-09,4.1416627e-07,3.6186327e-07,9.720085e-07,1.0305654e-09
1.8681336e-09,3.6614477e-07,3.173035e-07,9.1486885e-07,9.989023e-10
1.8149575e-09,3.251947e-07,2.799922e-07,8.609675e-07,9.664374e-10
1.8164237e-09,3.2297484e-07,2.7791953e-07,8.5640073e-07,9.672835e-10
1.7227342e-09,2.4368603e-07,2.048144e-07,7.558717e-07,9.0987984e-10
1.6780077e-09,2.0808505e-07,1.7209973e-07,7.092623e-07,8.8251617e-10
1.6730947e-09,2.0344775e-07,1.6777285e-07,7.033358e-07,8.7949115e-10
1.7850307e-09,2.994186e-07,2.5707357e-07,8.172743e-07,9.482013e-10
1.7312689e-09,2.5411646e-07,2.1511023e-07,7.620798e-07,9.152412e-10
1.7764369e-09,2.8771024e-07,2.4548626e-07,8.101393e-07,9.427773e-10
1.8031641e-09,3.0800138e-07,2.637575e-07,8.4008593e-07,9.590662e-10
1.8237505e-09,3.246044e-07,2.7884727e-07,8.631423e-07,9.716395e-10
1.8009138e-09,2.9929475e-07,2.5506364e-07,8.3353575e-07,9.575066e-10
1.8292792e-09,3.2267522e-07,2.7634448e-07,8.662354e-07,9.748442e-10
1.9085789e-09,4.0394153e-07,3.529002e-07,9.539269e-07,1.0238189e-09
1.910892e-09,4.064313e-07,3.549047e-07,9.606656e-07,1.0252063e-09
1.9273576e-09,4.2261524e-07,3.6978298e-07,9.816733e-07,1.0353138e-09
1.90741e-09,4.0357662e-07,3.519746e-07,9.606229e-07,1.0230367e-09
1.893164e-09,3.9009623e-07,3.39361e-07,9.4571107e-07,1.014269e-09
1.888178e-09,3.8045056e-07,3.3036608e-07,9.325405e-07,1.0111277e-09
1.9187054e-09,4.111065e-07,3.589737e-07,9.680375e-07,1.0299323e-09
1.8690107e-09,3.660469e-07,3.1720157e-07,9.145352e-07,9.994265e-10
1.8488175e-09,3.479973e-07,3.0041605e-07,8.9352136e-07,9.870265e-10
1.989041e-09,5.0532344e-07,4.4968567e-07,1.0535059e-06,1.0739554e-09
2.0714348e-09,6.066433e-07,5.4565635e-07,1.1559611e-06,1.1250986e-09
2.131226e-09,6.836368e-07,6.177981e-07,1.2399338e-06,1.1621336e-09
2.132352e-09,6.850512e-07,6.1741457e-07,1.2586311e-06,1.1626137e-09
2.1573967e-09,7.1417753e-07,6.432853e-07,1.3026138e-06,1.1779004e-09
2.087873e-09,6.1482575e-07,5.498303e-07,1.1971536e-06,1.1346486e-09
2.1859095e-09,7.4963185e-07,6.7960934e-07,1.3136403e-06,1.1959924e-09
2.18569e-09,7.492211e-07,6.78716e-07,1.3168551e-06,1.1957758e-09
2.2180737e-09,7.950963e-07,7.2049716e-07,1.3765392e-06,1.2157169e-09
2.3477282e-09,9.995454e-07,9.139876e-07,1.5741541e-06,1.2966709e-09
2.2941054e-09,9.3235667e-07,8.4981946e-07,1.516468e-06,1.2633617e-09
2.1195252e-09,6.796537e-07,6.1268497e-07,1.2528245e-06,1.1548831e-09
2.0787219e-09,6.2165304e-07,5.5801524e-07,1.1908935e-06,1.1294843e-09
2.0019173e-09,5.315267e-07,4.7368255e-07,1.0907495e-06,1.0820144e-09
2.08758e-09,6.3560185e-07,5.7470857e-07,1.1734834e-06,1.1355324e-09
2.1621815e-09,7.336833e-07,6.663825e-07,1.2814833e-06,1.1817094e-09
2.2546405e-09,8.604467e-07,7.8392463e-07,1.426755e-06,1.2388657e-09
2.2812778e-09,9.0302177e-07,8.2274244e-07,1.47987e-06,1.2553004e-09
2.2635558e-09,8.8365755e-07,8.027871e-07,1.4761179e-06,1.244143e-09
2.2460291e-09,8.321441e-07,7.550189e-07,1.417375e-06,1.2329985e-09
2.355541e-09,1.0098355e-06,9.2480605e-07,1.5758692e-06,1.3016639e-09
2.434858e-09,1.154971e-06,1.0619635e-06,1.712057e-06,1.3513458e-09
2.5016247e-09,1.2927287e-06,1.1902521e-06,1.8502944e-06,1.3930738e-09
2.5790652e-09,1.465257e-06,1.3471717e-06,2.0429227e-06,1.4411621e-09
2.5516385e-09,1.4145073e-06,1.2989086e-06,2.0002778e-06,1.4239618e-09
2.4823992e-09,1.2581147e-06,1.1529918e-06,1.8517462e-06,1.3804912e-09
2.4706148e-09,1.220591e-06,1.1187566e-06,1.8104636e-06,1.3730662e-09
2.5925366e-09,1.4657871e-06,1.3534319e-06,2.0118155e-06,1.4500517e-09
2.5571927e-09,1.4130412e-06,1.3014944e-06,1.9768656e-06,1.4278467e-09
2.617409e-09,1.5562771e-06,1.4350198e-06,2.1090216e-06,1.465638e-09
2.628488e-09,1.6021299e-06,1.4754178e-06,2.161953e-06,1.4725117e-09
2.6507632e-09,1.6568481e-06,1.5263828e-06,2.2103002e-06,1.4864887e-09
2.5321487e-09,1.358457e-06,1.2478292e-06,1.9410904e-06,1.4117562e-09
2.5021745e-09,1.3075726e-06,1.1992545e-06,1.8984933e-06,1.3929836e-09
2.487006e-09,1.2582411e-06,1.1542122e-06,1.8450575e-06,1.3834117e-09
2.4700175e-09,1.2234395e-06,1.1214862e-06,1.8125187e-06,1.3727498e-09
2.400238e-09,1.0868905e-06,9.931266e-07,1.6827069e-06,1.3290136e-09
2.3728357e-09,1.0404132e-06,9.492444e-07,1.6386524e-06,1.3118888e-09
2.483643e-09,1.2432324e-06,1.1423035e-06,1.8172996e-06,1.3815072e-09
2.547869e-09,1.3723834e-06,1.2649829e-06,1.9287859e-06,1.421921e-09
2.447752e-09,1.2049201e-06,1.1064916e-06,1.779821e-06,1.3594503e-09
2.425944e-09,1.1709939e-06,1.0736229e-06,1.7523068e-06,1.3457471e-09
2.5896227e-09,1.5026569e-06,1.3886831e-06,2.036998e-06,1.4487646e-09
2.4145892e-09,1.1635072e-06,1.0699813e-06,1.7237778e-06,1.3393073e-09
2.2330469e-09,8.575304e-07,7.819279e-07,1.4232135e-06,1.2259969e-09
2.2964683e-09,9.520405e-07,8.7061585e-07,1.517481e-06,1.2653723e-09
2.3662612e-09,1.0645388e-06,9.772776e-07,1.6204117e-06,1.3089427e-09
2.2480102e-09,8.3909384e-07,7.6289837e-07,1.4125612e-06,1.2344619e-09
2.3924311e-09,1.0770209e-06,9.877733e-07,1.6429447e-06,1.324695e-09
2.499219e-09,1.2767715e-06,1.1726348e-06,1.856044e-06,1.3911303e-09
2.4362026e-09,1.1711485e-06,1.0726172e-06,1.7614925e-06,1.3517758e-09
2.3355504e-09,9.938105e-07,9.06143e-07,1.5877837e-06,1.2889276e-09
2.2660052e-09,8.892279e-07,8.080053e-07,1.481537e-06,1.2456889e-09
2.30516e-09,9.311717e-07,8.4984936e-07,1.5050803e-06,1.2701733e-09
2.3577185e-09,1.014191e-06,9.2937427e-07,1.576228e-06,1.303097e-09
2.3554176e-09,1.0197625e-06,9.330674e-07,1.593507e-06,1.3015677e-09
2.402364e-09,1.1050868e-06,1.0120741e-06,1.6855108e-06,1.3307564e-09
2.4384115e-09,1.1757581e-06,1.0762976e-06,1.7692462e-06,1.3530681e-09
2.4772904e-09,1.2323027e-06,1.1317857e-06,1.8080323e-06,1.3775068e-09
2.4212976e-09,1.1243731e-06,1.0297306e-06,1.7093231e-06,1.342365e-09
2.3637818e-09,1.0397083e-06,9.493907e-07,1.6327583e-06,1.3065429e-09
2.2331028e-09,8.469085e-07,7.692224e-07,1.4318817e-06,1.225446e-09
2.1405187e-09,7.152856e-07,6.4590813e-07,1.2916291e-06,1.1679684e-09
2.062623e-09,5.824477e-07,5.199474e-07,1.1569857e-06,1.1190607e-09
2.0771669e-09,5.9477406e-07,5.3195475e-07,1.1650886e-06,1.1280481e-09
2.0881217e-09,6.08777e-07,5.4489453e-07,1.182179e-06,1.1348104e-09
2.1686697e-09,7.123656e-07,6.418536e-07,1.2961739e-06,1.1847051e-09
2.13589e-09,6.772699e-07,6.0842865e-07,1.2649639e-06,1.164423e-09
2.1612387e-09,7.087365e-07,6.383792e-07,1.2939893e-06,1.1801713e-09
2.2049806e-09,7.679413e-07,6.94979e-07,1.34736e-06,1.2074521e-09
2.1799e-09,7.370107e-07,6.6537757e-07,1.3202077e-06,1.1918562e-09
2.088587e-09,6.2209494e-07,5.5749854e-07,1.1984157e-06,1.1352959e-09
2.1573219e-09,7.086582e-07,6.385642e-07,1.2920418e-06,1.1778454e-09
2.062736e-09,5.916685e-07,5.28977e-07,1.1653569e-06,1.1193098e-09
2.0560136e-09,5.7273894e-07,5.112759e-07,1.1419556e-06,1.115003e-09
2.0267357e-09,5.3939186e-07,4.7976187e-07,1.1079766e-06,1.0968761e-09
1.976421e-09,4.907202e-07,4.344298e-07,1.0533834e-06,1.065936e-09
1.9353275e-09,4.3783345e-07,3.8457915e-07,9.94939e-07,1.0404032e-09
1.9349713e-09,4.3675524e-07,3.83339e-07,9.959494e-07,1.0401429e-09
1.9910036e-09,4.996091e-07,4.4356352e-07,1.0527169e-06,1.0749497e-09
1.999223e-09,5.088199e-07,4.5176526e-07,1.0672801e-06,1.0799691e-09
2.0106166e-09,5.1994573e-07,4.612748e-07,1.0891429e-06,1.086868e-09
2.011692e-09,5.204638e-07,4.6159602e-07,1.0909625e-06,1.0874991e-09
2.0443747e-09,5.5680033e-07,4.954033e-07,1.133066e-06,1.107651e-09
1.95616e-09,4.506887e-07,3.956169e-07,1.017571e-06,1.0529932e-09
1.9922073e-09,4.905489e-07,4.332753e-07,1.0587157e-06,1.0753017e-09
2.0435031e-09,5.495265e-07,4.885524e-07,1.1241234e-06,1.1070165e-09
1.9211726e-09,4.4177347e-07,3.8994787e-07,9.871738e-07,1.0321498e-09
1.9627977e-09,4.8448095e-07,4.3036022e-07,1.0292907e-06,1.0578618e-09
1.9328412e-09,4.53851e-07,4.014603e-07,9.976991e-07,1.0393693e-09
1.9330924e-09,4.4854272e-07,3.9630442e-07,9.916128e-07,1.0394197e-09
1.8911401e-09,4.0032327e-07,3.5074632e-07,9.401127e-07,1.0134265e-09
1.9485422e-09,4.4733198e-07,3.928749e-07,1.0107287e-06,1.0484134e-09
1.9151383e-09,4.074319e-07,3.5536613e-07,9.65818e-07,1.0277114e-09
2.0045576e-09,5.051505e-07,4.471971e-07,1.0726974e-06,1.0829772e-09
1.9477018e-09,4.4678256e-07,3.9264938e-07,1.0074131e-06,1.0479396e-09
1.9438977e-09,4.4276965e-07,3.8872548e-07,1.0046074e-06,1.0455704e-09
1.9486186e-09,4.4704234e-07,3.9261582e-07,1.010212e-06,1.0484575e-09
1.880338e-09,3.8442698e-07,3.3478784e-07,9.3366634e-07,1.0065653e-09
1.8520323e-09,3.485889e-07,3.0098397e-07,8.927455e-07,9.889676e-10
1.9082362e-09,4.0424152e-07,3.5304095e-07,9.55944e-07,1.0235953e-09
1.97495e-09,4.7719584e-07,4.2177464e-07,1.034115e-06,1.0648512e-09
2.0828557e-09,6.106569e-07,5.48311e-07,1.1692031e-06,1.1318815e-09
2.0859825e-09,6.134813e-07,5.4939244e-07,1.1888185e-06,1.1336079e-09
2.1908293e-09,7.546553e-07,6.829787e-07,1.3302096e-06,1.1988169e-09
2.1275253e-09,6.806648e-07,6.1334674e-07,1.2548296e-06,1.1596659e-09
2.082227e-09,6.2139685e-07,5.574845e-07,1.1925996e-06,1.1315433e-09
2.0727589e-09,5.992173e-07,5.366187e-07,1.1669158e-06,1.1255263e-09
2.0718485e-09,5.985529e-07,5.353075e-07,1.173087e-06,1.1248773e-09
2.035887e-09,5.432709e-07,4.8298295e-07,1.1147721e-06,1.1023831e-09
2.0431588e-09,5.521545e-07,4.9080336e-07,1.1299859e-06,1.1068203e-09
2.0310567e-09,5.388243e-07,4.7818276e-07,1.1167131e-06,1.0993304e-09
2.0455233e-09,5.5260443e-07,4.9152175e-07,1.1269235e-06,1.108289e-09
2.0923494e-09,6.097906e-07,5.4515965e-07,1.1894927e-06,1.1372818e-09
2.111348e-09,6.33739e-07,5.677733e-07,1.2139737e-06,1.1490714e-09
2.1840019e-09,7.313857e-07,6.5964866e-07,1.3168029e-06,1.1941903e-09
2.241735e-09,8.1401606e-07,7.3680155e-07,1.4076253e-06,1.2300135e-09
2.3506788e-09,9.898974e-07,9.04291e-07,1.5696658e-06,1.2982488e-09
2.4230857e-09,1.1211446e-06,1.0274731e-06,1.7001528e-06,1.343497e-09
2.4405584e-09,1.1629344e-06,1.0653049e-06,1.7507516e-06,1.3543509e-09
2.4725268e-09,1.2272291e-06,1.1253364e-06,1.8141184e-06,1.3743451e-09
2.3651587e-09,1.0621362e-06,9.706981e-07,1.6526905e-06,1.3076553e-09
2.2886202e-09,9.151268e-07,8.3262194e-07,1.5055102e-06,1.2596815e-09
2.2426905e-09,8.3139815e-07,7.5386066e-07,1.4201158e-06,1.2309102e-09
2.2365936e-09,8.173095e-07,7.407243e-07,1.4042331e-06,1.2270664e-09
2.289747e-09,8.944211e-07,8.149706e-07,1.4689423e-06,1.260351e-09
2.4413158e-09,1.1531147e-06,1.0583377e-06,1.7254528e-06,1.3549889e-09
2.5192004e-09,1.3129594e-06,1.2078369e-06,1.881542e-06,1.4037564e-09
2.6842446e-09,1.6932015e-06,1.5656587e-06,2.2192864e-06,1.5076993e-09
2.621323e-09,1.5994115e-06,1.4735206e-06,2.1589178e-06,1.4682927e-09
2.6492466e-09,1.6599947e-06,1.5309486e-06,2.2053707e-06,1.4858199e-09
2.5345799e-09,1.40885e-06,1.2960048e-06,1.978505e-06,1.4139467e-09
2.4536129e-09,1.2361684e-06,1.1344378e-06,1.814712e-06,1.3631671e-09
2.3301459e-09,9.716954e-07,8.855663e-07,1.5636176e-06,1.2854212e-09
2.426194e-09,1.138528e-06,1.0435283e-06,1.7186626e-06,1.3455485e-09
2.4925106e-09,1.2536455e-06,1.1546058e-06,1.8097745e-06,1.3873137e-09
2.519816e-09,1.3256883e-06,1.2196732e-06,1.894161e-06,1.4042846e-09
2.5003275e-09,1.3051565e-06,1.1983678e-06,1.8874891e-06,1.3920363e-09
2.5110138e-09,1.3327198e-06,1.2232402e-06,1.9181398e-06,1.398659e-09
2.48274e-09,1.2615498e-06,1.1572325e-06,1.8472817e-06,1.3808714e-09
2.4361082e-09,1.1455688e-06,1.0489487e-06,1.7345125e-06,1.3514455e-09
2.4212525e-09,1.12147e-06,1.0258999e-06,1.7141567e-06,1.3421431e-09
2.4673996e-09,1.2105085e-06,1.1094592e-06,1.8000367e-06,1.3710304e-09
2.5273437e-09,1.3299839e-06,1.2224409e-06,1.9072277e-06,1.40869e-09
2.4965061e-09,1.2773125e-06,1.1720579e-06,1.8639034e-06,1.3893664e-09
2.5102687e-09,1.3025299e-06,1.1960641e-06,1.8850246e-06,1.3979976e-09
2.5289746e-09,1.3470438e-06,1.2371197e-06,1.9305662e-06,1.4097017e-09
2.4604434e-09,1.2167643e-06,1.1146321e-06,1.8100668e-06,1.3668263e-09
2.5556999e-09,1.393071e-06,1.2847031e-06,1.9475024e-06,1.426947e-09
2.5350964e-09,1.3707734e-06,1.2614643e-06,1.939937e-06,1.4139796e-09
2.589334e-09,1.4847778e-06,1.36948e-06,2.0363984e-06,1.4480899e-09
2.5757754e-09,1.4675591e-06,1.351755e-06,2.0285229e-06,1.4395215e-09
2.6076383e-09,1.5552669e-06,1.4312548e-06,2.1214166e-06,1.4593775e-09
2.4613867e-09,1.2216515e-06,1.1195008e-06,1.8127344e-06,1.3674949e-09
2.4681361e-09,1.2344252e-06,1.1313612e-06,1.8248275e-06,1.3716881e-09
2.3877254e-09,1.0664512e-06,9.738369e-07,1.663111e-06,1.3212031e-09
2.3907563e-09,1.065882e-06,9.738015e-07,1.6588775e-06,1.3230897e-09
2.4594449e-09,1.1873663e-06,1.0900816e-06,1.7619774e-06,1.3662774e-09
2.4226376e-09,1.1382812e-06,1.0423433e-06,1.7266661e-06,1.3432881e-09
2.4353248e-09,1.1597361e-06,1.0626441e-06,1.7452585e-06,1.3512053e-09
2.4740645e-09,1.2351056e-06,1.1332793e-06,1.8175197e-06,1.3754368e-09
2.5126459e-09,1.3101842e-06,1.204242e-06,1.8847095e-06,1.3996413e-09
2.425521e-09,1.1366606e-06,1.0407337e-06,1.7247028e-06,1.3449792e-09
2.3926046e-09,1.0914487e-06,9.971637e-07,1.6888683e-06,1.3244372e-09
2.449548e-09,1.1865174e-06,1.0884557e-06,1.7663657e-06,1.3601849e-09
2.3805347e-09,1.0637505e-06,9.725903e-07,1.6513626e-06,1.3170198e-09
2.3548377e-09,1.0077368e-06,9.2008906e-07,1.5946954e-06,1.300845e-09
2.3334876e-09,9.763651e-07,8.900234e-07,1.5678263e-06,1.2875004e-09
2.2612041e-09,8.7830335e-07,7.9785787e-07,1.4700386e-06,1.2426701e-09
2.2296787e-09,8.0828835e-07,7.32294e-07,1.3951743e-06,1.2227888e-09
2.2498063e-09,8.371518e-07,7.5947645e-07,1.4240409e-06,1.2353016e-09
2.2841133e-09,8.860123e-07,8.0631276e-07,1.4663341e-06,1.256737e-09
2.2712208e-09,8.7034675e-07,7.9091154e-07,1.4561101e-06,1.2486727e-09
2.352818e-09,9.995929e-07,9.1136707e-07,1.5947778e-06,1.2993748e-09
2.303831e-09,9.22246e-07,8.3840825e-07,1.5197248e-06,1.2688305e-09
2.176996e-09,7.5395485e-07,6.8143373e-07,1.3390475e-06,1.1903415e-09
2.1769324e-09,7.398968e-07,6.6876686e-07,1.3178857e-06,1.1901905e-09
2.201384e-09,7.721354e-07,6.99197e-07,1.3496945e-06,1.2053676e-09
2.1094948e-09,6.4696246e-07,5.8114085e-07,1.2217947e-06,1.1482642e-09
2.0658875e-09,5.922897e-07,5.2958046e-07,1.1648654e-06,1.121216e-09
2.0984954e-09,6.288394e-07,5.629613e-07,1.2125424e-06,1.1412368e-09
2.0874549e-09,6.064982e-07,5.421386e-07,1.1857156e-06,1.1342991e-09
1.9533513e-09,4.612906e-07,4.068325e-07,1.0199686e-06,1.0516239e-09
2.010905e-09,5.2548825e-07,4.6737313e-07,1.0869328e-06,1.0872275e-09
2.0552011e-09,5.769395e-07,5.156637e-07,1.1425639e-06,1.1146201e-09
2.0123405e-09,5.2935184e-07,4.7087377e-07,1.0926778e-06,1.088129e-09
1.9383666e-09,4.452903e-07,3.9194896e-07,1.0001949e-06,1.0423873e-09
1.9813797e-09,4.8556603e-07,4.2864457e-07,1.0545971e-06,1.0687198e-09
1.96857e-09,4.664729e-07,4.107692e-07,1.0317369e-06,1.0607368e-09
1.9124786e-09,4.048203e-07,3.5294283e-07,9.627843e-07,1.0260766e-09
1.9752353e-09,4.7277666e-07,4.1688273e-07,1.036307e-06,1.0648658e-09
2.0316695e-09,5.3580516e-07,4.757433e-07,1.1084264e-06,1.0997058e-09
1.982481e-09,4.867494e-07,4.2995396e-07,1.0541116e-06,1.069426e-09
1.9558004e-09,4.565592e-07,4.0164232e-07,1.0202284e-06,1.0529307e-09
1.9321698e-09,4.3351378e-07,3.8009168e-07,9.946862e-07,1.0383818e-09
1.8267006e-09,3.3267503e-07,2.8664635e-07,8.719732e-07,9.735697e-10
1.8596802e-09,3.6284922e-07,3.153337e-07,8.999277e-07,9.939114e-10
1.9395427e-09,4.4501869e-07,3.9235525e-07,9.918521e-07,1.0431725e-09
2.008758e-09,5.2330404e-07,4.660235e-07,1.0762776e-06,1.0859884e-09
2.020758e-09,5.3611643e-07,4.7720204e-07,1.0991712e-06,1.0932864e-09
2.1412028e-09,6.753978e-07,6.06803e-07,1.2602604e-06,1.1676164e-09
2.1012339e-09,6.2664634e-07,5.608804e-07,1.2099381e-06,1.1428546e-09
2.0535253e-09,5.691646e-07,5.0693023e-07,1.1478996e-06,1.113325e-09
1.995453e-09,4.993885e-07,4.4146512e-07,1.0709925e-06,1.0773735e-09
2.0089428e-09,5.1356136e-07,4.54675e-07,1.0870067e-06,1.0856841e-09
1.8390509e-09,3.5435863e-07,3.0790974e-07,8.8910133e-07,9.814382e-10
1.815111e-09,3.283394e-07,2.835272e-07,8.582605e-07,9.66646e-10
1.8929334e-09,4.0820368e-07,3.5910378e-07,9.402994e-07,1.0147461e-09
1.9482538e-09,4.6596762e-07,4.13233e-07,1.0044338e-06,1.0488688e-09
1.944489e-09,4.5989572e-07,4.070962e-07,1.001657e-06,1.0464577e-09
2.0531667e-09,5.64149e-07,5.0237475e-07,1.1396069e-06,1.1130536e-09
2.0732243e-09,5.873137e-07,5.2345115e-07,1.1714171e-06,1.1253708e-09
2.0772355e-09,5.894955e-07,5.257317e-07,1.1709596e-06,1.1278473e-09
2.0718898e-09,5.824521e-07,5.190914e-07,1.163482e-06,1.1245254e-09
2.028299e-09,5.368177e-07,4.7638125e-07,1.1141854e-06,1.097652e-09
