,signal,deniosed,model_output
0,0.0,0.41387444182259187,0
1,0.06279051952931337,-0.094278617826333,[-0.00203652]
2,0.12533323356430426,-0.18657445460739208,[-0.00237603]
3,0.1873813145857246,-0.23714162645105782,[-0.00238908]
4,0.2486898871648548,-0.18233442670183536,[-0.00238837]
5,0.3090169943749474,0.4414393570418724,[-0.0023889]
6,0.3681245526846779,0.17890031535758996,[-0.00200803]
7,0.4257792915650727,1.0130089161078177,[-0.00224239]
8,0.4817536741017153,0.6987143370469486,[-0.00130845]
9,0.5358267949789967,-0.07977156247980823,[-0.00171161]
10,0.5877852522924731,1.59766832914384,[-0.00237245]
11,0.6374239897486896,0.5466556459511231,[-0.00062985]
12,0.6845471059286886,0.8254264148056714,[-0.00189293]
13,0.7289686274214116,0.5544972799160489,[-0.00155158]
14,0.7705132427757893,-0.06732712755047857,[-0.00188381]
15,0.8090169943749475,0.5668498046807751,[-0.00236893]
16,0.8443279255020151,1.8314891616040183,[-0.00186981]
17,0.8763066800438637,1.4051656041518903,[-0.00044889]
18,0.9048270524660196,1.8096363804062003,[-0.00082678]
19,0.9297764858882513,1.437470970396809,[-0.00046254]
20,0.9510565162951535,1.0602969237596709,[-0.00079132]
21,0.9685831611286311,1.530110056783687,[-0.00124718]
22,0.9822872507286886,0.8224179834652648,[-0.00069464]
23,0.9921147013144779,0.4658202519086313,[-0.00155545]
24,0.9980267284282716,1.1405414462278225,[-0.00198234]
25,1.0,1.603618146140616,[-0.00114454]
26,0.9980267284282716,2.336508568650189,[-0.00062431]
27,0.9921147013144778,0.925413110876342,[-0.00036467]
28,0.9822872507286886,0.8216674304909084,[-0.00142223]
29,0.9685831611286312,1.9825884161780862,[-0.0015564]
30,0.9510565162951536,-0.43546614634548425,[-0.00037474]
31,0.9297764858882515,0.9605704805263618,[-0.00232748]
32,0.9048270524660195,1.3415075325739187,[-0.00137658]
33,0.8763066800438635,1.4106359299377769,[-0.00089926]
34,0.844327925502015,0.8349277024821801,[-0.00082058]
35,0.8090169943749475,1.754982326210373,[-0.0015393]
36,0.7705132427757893,1.1304013766207894,[-0.00049985]
37,0.7289686274214114,1.6854833002393739,[-0.00115747]
38,0.6845471059286888,1.3020250665382131,[-0.00055338]
39,0.6374239897486899,0.5073370210003594,[-0.00094558]
40,0.5877852522924732,0.1136278467327383,[-0.00193704]
41,0.535826794978997,0.36718960704734394,[-0.00228602]
42,0.4817536741017156,-0.3250800775588528,[-0.00208271]
43,0.4257792915650729,0.1173675433638291,[-0.00237323]
44,0.36812455268467814,0.7849775535106337,[-0.00228364]
45,0.3090169943749475,0.37994393330340814,[-0.00160331]
46,0.24868988716485482,-0.3240902195265022,[-0.00207037]
47,0.18738131458572502,1.0977359924304861,[-0.00237358]
48,0.12533323356430454,-1.5021703079403304,[-0.00119913]
49,0.06279051952931358,-0.11313421358261,[6.940216e-05]
50,1.2246467991473532e-16,-0.08575147093668811,[-0.00238008]
51,-0.06279051952931335,-0.4668544685622802,[-0.00237394]
52,-0.12533323356430429,-2.141287629933019,[-0.0023087]
53,-0.18738131458572477,-0.2164984175082143,[0.00361805]
54,-0.24868988716485502,-0.07175330135321309,[-0.00238938]
55,-0.30901699437494773,0.5337591179541241,[-0.00237025]
56,-0.3681245526846783,-0.5453333183979018,[-0.00190742]
57,-0.42577929156507227,-1.2390325921114105,[-0.0022502]
58,-0.481753674101715,-1.245978940519096,[-0.00089703]
59,-0.5358267949789964,-0.06617081295601149,[-0.00087509]
60,-0.587785252292473,-1.0795003316526102,[-0.00236864]
61,-0.6374239897486896,-0.5643721154567044,[-0.00135387]
62,-0.6845471059286887,-0.41819633853908605,[-0.00223345]
63,-0.7289686274214113,-0.7011902761200447,[-0.00233666]
64,-0.7705132427757894,-2.0319031630190674,[-0.00208191]
65,-0.8090169943749473,-1.0430884099721727,[0.00288405]
66,-0.8443279255020153,-1.0747836824399917,[-0.00144515]
67,-0.8763066800438636,-0.7485235694821507,[-0.00136606]
68,-0.9048270524660198,-0.6495166949824187,[-0.00201652]
69,-0.9297764858882511,-1.9835795416025648,[-0.00214572]
70,-0.9510565162951535,-0.7785825040093547,[0.00257682]
71,-0.968583161128631,-1.348029645325496,[-0.00197125]
72,-0.9822872507286887,-1.3638795467380085,[-0.00052977]
73,-0.9921147013144778,-0.4754249655112025,[-0.00047252]
74,-0.9980267284282716,-1.1529275726949773,[-0.00230322]
75,-1.0,-0.6863417697872695,[-0.00115529]
76,-0.9980267284282716,-2.0450164796317676,[-0.00210107]
77,-0.9921147013144779,-2.2152036210816206,[0.00296929]
78,-0.9822872507286887,-1.5458286787170712,[0.00414448]
79,-0.9685831611286311,-1.0986544389792818,[0.00025644]
80,-0.9510565162951536,-1.0924931281563302,[-0.00130404]
81,-0.9297764858882512,-0.033190342634881506,[-0.00132016]
82,-0.9048270524660199,-1.6912881163361166,[-0.00235785]
83,-0.8763066800438638,-0.3032137553604372,[0.00093677]
84,-0.8443279255020155,-0.5530442954947653,[-0.00237883]
85,-0.8090169943749476,-0.022647251856719855,[-0.00224353]
86,-0.7705132427757896,-0.7936612643409962,[-0.00235403]
87,-0.7289686274214116,-0.14338286850886772,[-0.0019475]
88,-0.684547105928689,-0.9570682891243518,[-0.00238515]
89,-0.6374239897486896,-0.6157954817863992,[-0.00164226]
90,-0.5877852522924734,0.8398256742223786,[-0.00218291]
91,-0.5358267949789963,-0.8376943696028718,[-0.00153304]
92,-0.4817536741017153,-0.3634588581499928,[-0.00187386]
93,-0.4257792915650722,0.7056748388541783,[-0.00236077]
94,-0.3681245526846787,-1.1458766242588019,[-0.00170297]
95,-0.3090169943749477,-0.3830761782502185,[-0.0011752]
96,-0.24868988716485535,0.39556668920213356,[-0.00235305]
97,-0.18738131458572468,0.34494384644799847,[-0.00205494]
98,-0.12533323356430465,0.5919778215093723,[-0.00210399]
99,-0.06279051952931326,-0.0927866612872611,[-0.00184042]
100,-2.4492935982947064e-16,0.5156317082902532,[-0.00237561]
101,0.06279051952931278,0.9614972596374112,[-0.00192792]
102,0.12533323356430418,1.9253511909845362,[-0.00137538]
103,0.1873813145857242,-0.07553593374657108,[-0.0003984]
104,0.24868988716485488,0.09215282300379768,[-0.00237126]
105,0.3090169943749472,0.7964584946153671,[-0.00229884]
106,0.3681245526846782,1.4172806527234751,[-0.00158871]
107,0.42577929156507255,0.5712121484433412,[-0.00081349]
108,0.48175367410171566,-0.041809286679017704,[-0.00186474]
109,0.5358267949789967,0.7740348332381293,[-0.00236089]
110,0.5877852522924736,-0.01349227313350132,[-0.0016172]
111,0.63742398974869,0.734429298538118,[-0.00235046]
112,0.6845471059286893,1.0320166709119445,[-0.00166703]
113,0.7289686274214106,0.6712670447316345,[-0.00128377]
114,0.7705132427757887,1.1522735576068335,[-0.00174541]
115,0.8090169943749468,1.7664948581394266,[-0.00112963]
116,0.8443279255020147,1.1640623582876042,[-0.00049169]
117,0.8763066800438631,1.3517953330287473,[-0.00111491]
118,0.9048270524660194,1.3028453336391486,[-0.00088728]
119,0.9297764858882511,1.1190259395898106,[-0.00094462]
120,0.9510565162951535,1.341968113746735,[-0.00117195]
121,0.968583161128631,1.1037028382003664,[-0.00089867]
122,0.9822872507286886,0.12352083992650224,[-0.00119156]
123,0.9921147013144778,0.9996161613006452,[-0.00227977]
124,0.9980267284282716,-0.04272554709526455,[-0.00132585]
125,1.0,0.3797822647731065,[-0.00236119]
126,0.9980267284282716,0.10930706418161762,[-0.00207049]
127,0.9921147013144779,1.7552262038352124,[-0.00228865]
128,0.9822872507286886,0.9152783464465744,[-0.00049979]
129,0.9685831611286311,0.4169754788560692,[-0.00143541]
130,0.9510565162951536,0.8180177819580904,[-0.00203324]
131,0.9297764858882517,-0.5104432767427893,[-0.00156111]
132,0.9048270524660192,0.7703745682727344,[-0.00227825]
133,0.8763066800438634,0.9593653478814339,[-0.00162179]
134,0.8443279255020151,1.2052175337091127,[-0.00137819]
135,0.8090169943749476,0.563350467758109,[-0.00106329]
136,0.7705132427757886,0.7400628860713097,[-0.00187374]
137,0.728968627421411,0.5598474402451271,[-0.00166006]
138,0.6845471059286897,0.8350675276448077,[-0.00187773]
139,0.6374239897486911,0.4808016588710126,[-0.00153918]
140,0.5877852522924734,-0.21530159652104766,[-0.00196601]
141,0.5358267949789972,-0.6188841215321347,[-0.00238938]
142,0.4817536741017162,-0.5519818756243363,[-0.00217963]
143,0.42577929156507394,0.8017975920954129,[-0.00224454]
144,0.368124552684678,-1.4284977505858643,[-0.00158191]
145,0.3090169943749478,-0.5955183294098959,[-0.0002288]
146,0.2486898871648555,0.48347347171302646,[-0.00220374]
147,0.18738131458572568,0.42989182242038837,[-0.00196321]
148,0.1253332335643039,0.3812156121116919,[-0.00202001]
149,0.06279051952931339,0.7315290317288391,[-0.00206906]
150,3.6739403974420594e-16,-0.08781310157054553,[-0.00167079]
151,-0.06279051952931265,-0.4480415141932049,[-0.00237442]
152,-0.12533323356430318,0.16340292992096278,[-0.00232036]
153,-0.18738131458572496,-0.04779830833510637,[-0.00225348]
154,-0.24868988716485477,1.4713398396439183,[-0.00236285]
155,-0.30901699437494706,-0.37612879972310154,[-0.00075508]
156,-0.36812455268467725,0.09733144518537445,[-0.00235588]
157,-0.42577929156507327,0.03672664914161039,[-0.00229574]
158,-0.48175367410171555,-0.6013199948853447,[-0.0023284]
159,-0.5358267949789965,-0.14822502139403218,[-0.0021979]
160,-0.5877852522924728,-0.8660663746896736,[-0.0023858]
161,-0.6374239897486905,-0.4686600374186776,[-0.00182322]
162,-0.6845471059286892,0.1605688913023557,[-0.00230757]
163,-0.7289686274214106,0.29202407795994656,[-0.00225539]
164,-0.770513242775788,-0.34178125983332397,[-0.00215209]
165,-0.8090169943749472,-0.9535947755616354,[-0.00236834]
166,-0.8443279255020146,-1.1940915505002894,[-0.00164966]
167,-0.876306680043863,-0.14532075651430815,[-0.00103525]
168,-0.9048270524660189,-0.9361302143481574,[-0.00238539]
169,-0.9297764858882513,-0.9858025483229536,[-0.00168631]
170,-0.9510565162951534,-1.3352961143741908,[-0.00157923]
171,-0.968583161128631,-1.8394252782998908,[-0.00057504]
172,-0.9822872507286885,-1.0910890938066633,[0.00172164]
173,-0.9921147013144779,-1.3601136386638635,[-0.00132392]
174,-0.9980267284282716,-1.1576737182790122,[-0.0004862]
175,-1.0,0.25452054791287887,[-0.00114176]
176,-0.9980267284282716,-0.8130839877750105,[-0.00218392]
177,-0.992114701314478,-0.6256627285208518,[-0.00191585]
178,-0.9822872507286886,0.32806553592447857,[-0.00217236]
179,-0.9685831611286312,-1.518783025935988,[-0.00211967]
180,-0.9510565162951538,0.22045534845622022,[0.00013959]
181,-0.9297764858882517,-0.6899420078635495,[-0.00221128]
182,-0.9048270524660192,-0.13950077926087412,[-0.00209651]
183,-0.8763066800438635,-1.4711644717239527,[-0.00238461]
184,-0.8443279255020152,-0.7719810114657968,[-5.877763e-05]
185,-0.8090169943749477,0.455279536534279,[-0.00198141]
186,-0.7705132427757886,-1.0096014107745725,[-0.00199343]
187,-0.7289686274214111,-1.371055914778365,[-0.00152493]
188,-0.6845471059286897,-0.5319983340035578,[-0.00044627]
189,-0.6374239897486912,0.2767004558534489,[-0.00226135]
190,-0.5877852522924735,-0.21286247504321607,[-0.00216527]
191,-0.5358267949789973,-0.5762395103825435,[-0.0023895]
192,-0.4817536741017163,-0.3306734887209897,[-0.00222246]
193,-0.42577929156507405,0.26565332469050185,[-0.00237174]
194,-0.3681245526846781,-1.7080765211641813,[-0.00217474]
195,-0.3090169943749479,-0.7564849878807616,[0.00102093]
196,-0.2486898871648556,0.39991403490188643,[-0.00200472]
197,-0.1873813145857258,0.1101180959437428,[-0.00205047]
198,-0.125333233564304,0.8209650604279719,[-0.00228811]
199,-0.06279051952931351,-0.6925336183347126,[-0.0015573]
200,-4.898587196589413e-16,-0.5941209896387663,[-0.00209314]
201,0.06279051952931075,-0.8168038706691172,[-0.00220511]
202,0.12533323356430304,0.3881360777936699,[-0.00190956]
203,0.1873813145857231,0.5224603709329386,[-0.00206227]
204,0.24868988716485466,-0.7912169111953622,[-0.00192017]
205,0.30901699437494523,0.4721170883910353,[-0.00195137]
206,0.36812455268467714,0.24536889085746327,[-0.00197548]
207,0.42577929156507155,0.6778123917336076,[-0.00219143]
208,0.48175367410171543,0.16694302579974182,[-0.00173736]
209,0.535826794978995,0.5409481375021884,[-0.00225086]
210,0.5877852522924727,1.3939136891349444,[-0.00189937]
211,0.6374239897486891,1.3375399070808196,[-0.00083936]
212,0.6845471059286891,0.23537047943953793,[-0.00090385]
213,0.7289686274214104,0.6584670531482844,[-0.0021996]
214,0.7705132427757891,1.9100155865841497,[-0.00176109]
215,0.8090169943749471,0.8097231252911479,[-0.00040562]
216,0.8443279255020155,0.4421828426286586,[-0.00157166]
217,0.876306680043863,1.9594995610498542,[-0.00200725]
218,0.9048270524660196,0.5909454680055239,[-0.00038356]
219,0.9297764858882513,2.1536058148543207,[-0.00184161]
220,0.951056516295154,0.7081540527448281,[-0.00033892]
221,0.9685831611286309,0.7339666515780454,[-0.00169993]
222,0.9822872507286888,0.8503617168413726,[-0.00166775]
223,0.9921147013144779,1.2907484566058325,[-0.00151951]
224,0.9980267284282717,0.7184513172077021,[-0.00095905]
225,1.0,1.6709267372406584,[-0.00168718]
226,0.9980267284282718,1.6094713475170381,[-0.00056548]
227,0.992114701314478,1.5971623956098544,[-0.00061894]
228,0.9822872507286889,0.9310149373475299,[-0.00063033]
229,0.9685831611286312,1.568186974846473,[-0.00141496]
230,0.9510565162951543,0.6236432083556115,[-0.00065751]
231,0.9297764858882518,0.32432977264451957,[-0.00180293]
232,0.9048270524660201,1.3401013182250878,[-0.00212307]
233,0.8763066800438635,1.1278377696136432,[-0.00090087]
234,0.8443279255020162,1.5571077790436858,[-0.00116069]
235,0.8090169943749478,2.473893403249823,[-0.00066818]
236,0.7705132427757898,-0.6073902031967936,[-0.0004319]
237,0.7289686274214111,0.41059814044849063,[-0.0021917]
238,0.6845471059286898,0.6643748248166146,[-0.00203986]
239,0.6374239897486899,0.48749772570913436,[-0.00175381]
240,0.5877852522924736,-0.3119536801899854,[-0.00195891]
241,0.5358267949789959,1.1135562984255971,[-0.00237668]
242,0.48175367410171643,0.9669742709195999,[-0.00117899]
243,0.42577929156507255,0.5491351259786214,[-0.00136817]
244,0.3681245526846782,-0.21125624323337702,[-0.00189001]
245,0.3090169943749463,0.9571714442700574,[-0.0023895]
246,0.2486898871648557,0.1610300089402577,[-0.00138093]
247,0.18738131458572418,0.8494778379400605,[-0.00225503]
248,0.12533323356430415,0.4591796124269723,[-0.00152064]
249,0.06279051952931186,-0.13817456665553277,[-0.00198931]
250,6.123233995736766e-16,-0.061455784382743656,[-0.00238449]
251,-0.06279051952931064,-0.039207889765372386,[-0.00236721]
252,-0.12533323356430293,1.613494614220414,[-0.00236005]
253,-0.18738131458572296,-0.018977668531167224,[-0.00061537]
254,-0.24868988716485452,-0.13750380184981267,[-0.0023526]
255,-0.3090169943749451,-1.015697880800126,[-0.00238437]
256,-0.3681245526846787,-1.9608236872016476,[-0.00151078]
257,-0.42577929156506983,0.312447894169453,[0.00243577]
258,-0.4817536741017153,-0.3190308036180289,[-0.00213391]
259,-0.5358267949789963,-0.8835083979034926,[-0.00237489]
260,-0.5877852522924726,0.22709466270070774,[-0.00179065]
261,-0.637423989748689,-1.2857806406629746,[-0.00220609]
262,-0.6845471059286876,-1.5510781943049403,[-0.00074518]
263,-0.7289686274214103,-1.0186399676164033,[0.00027945]
264,-0.7705132427757901,-1.8531712848278796,[-0.00150383]
265,-0.809016994374946,-1.8441722409066552,[0.00179934]
266,-0.8443279255020155,-1.0335651189522908,[0.00174823]
267,-0.8763066800438638,-1.0217139570484575,[-0.00146831]
268,-0.9048270524660196,-1.640443417605621,[-0.00149656]
269,-0.9297764858882513,-1.3746637496296823,[0.00068878]
270,-0.9510565162951534,-0.11587790940947093,[-0.00043301]
271,-0.9685831611286309,-1.2571973434816723,[-0.00238068]
272,-0.982287250728689,-1.9470040740169525,[-0.000839]
273,-0.9921147013144777,-0.39834920542865476,[0.00235122]
274,-0.9980267284282717,-0.9488784794643871,[-0.00234634]
275,-1.0,-2.3729049517841068,[-0.0016597]
276,-0.9980267284282718,-0.40262254531725983,[0.00535049]
277,-0.9921147013144778,-1.1403465606571275,[-0.00234441]
278,-0.9822872507286894,-1.2226918204992727,[-0.00119082]
279,-0.9685831611286312,-0.6442143137408063,[-0.0009482]
280,-0.9510565162951538,-1.0091239055916208,[-0.00215171]
281,-0.9297764858882518,-1.3223601692637732,[-0.00152607]
282,-0.9048270524660201,-1.4940178061586524,[-0.00062037]
283,-0.8763066800438645,-1.8178047447761851,[3.5189092e-05]
284,-0.8443279255020162,-1.2471958526207443,[0.00160112]
285,-0.8090169943749468,-0.543088892230848,[-0.00087113]
286,-0.770513242775791,-1.1614670288579376,[-0.00225208]
287,-0.7289686274214113,-0.38385924188545073,[-0.00113089]
288,-0.6845471059286886,-1.5679219518755936,[-0.00235266]
289,-0.63742398974869,-1.0448667157897384,[0.00035401]
290,-0.5877852522924737,-0.4231769565536567,[-0.00144086]
291,-0.5358267949789975,-1.3636709965440519,[-0.00233416]
292,-0.48175367410171654,-0.4649472290873578,[-0.0004733]
293,-0.42577929156507105,-1.263641117438606,[-0.00231002]
294,-0.36812455268468,0.13705063330953307,[-0.00081805]
295,-0.3090169943749464,-0.5634679703141938,[-0.00227112]
296,-0.2486898871648541,-0.08810190721813407,[-0.00223423]
297,-0.1873813145857243,-1.1696504596389368,[-0.00237454]
298,-0.12533323356430426,0.4135809857766892,[-0.00110734]
299,-0.06279051952931375,-0.7642569744687708,[-0.00203676]
300,-7.347880794884119e-16,0.6359391140276015,[-0.00199322]
301,0.06279051952931229,0.8115879637481882,[-0.00178827]
302,0.12533323356430282,1.4157425341153522,[-0.00156928]
303,0.18738131458572285,0.20383233226291297,[-0.0008151]
304,0.24868988716485269,0.5393370176082735,[-0.0022241]
305,0.309016994374945,0.8224747949740067,[-0.00190122]
306,0.3681245526846786,0.6935740642693402,[-0.00155533]
307,0.4257792915650697,0.48524065241147446,[-0.00171787]
308,0.4817536741017152,-0.16319420008328916,[-0.0019613]
309,0.5358267949789963,1.1676240939361842,[-0.00238741]
310,0.5877852522924725,0.20204627370480882,[-0.00111044]
311,0.6374239897486889,1.1266829000811842,[-0.00222547]
312,0.6845471059286876,1.0058930374642303,[-0.00116218]
313,0.7289686274214102,2.2592408408249263,[-0.00131763]
314,0.7705132427757901,0.7835619342292274,[-0.00034518]
315,0.8090169943749459,1.7895225395995136,[-0.00160504]
316,0.8443279255020154,2.0761175339000624,[-0.00047577]
317,0.8763066800438637,1.4243136727721208,[-0.00034846]
318,0.9048270524660195,1.6828854831240736,[-0.00080562]
319,0.9297764858882512,2.3151764495403233,[-0.00055546]
320,0.9510565162951533,1.6170538416070293,[-0.00035799]
321,0.9685831611286309,0.7728484445909378,[-0.00061221]
322,0.982287250728689,1.4984081610844109,[-0.00161869]
323,0.9921147013144777,2.0712159184422223,[-0.00072695]
324,0.9980267284282717,1.290929456199708,[-0.00034935]
325,1.0,1.3804409188476372,[-0.00095875]
326,0.9980267284282718,2.1440633979655765,[-0.00085456]
327,0.9921147013144778,1.5829442323079201,[-0.0003394]
328,0.9822872507286894,1.2109390409175105,[-0.00064356]
329,0.9685831611286312,0.6297000477869316,[-0.00105626]
330,0.9510565162951539,0.693383270977816,[-0.00179578]
331,0.9297764858882518,0.29510726273240906,[-0.00171823]
332,0.9048270524660201,1.1248381324429086,[-0.00214935]
333,0.8763066800438645,0.666564878969053,[-0.00116444]
334,0.8443279255020163,2.0278816200494676,[-0.00175113]
335,0.8090169943749469,1.1233042809804041,[-0.00036002]
336,0.7705132427757911,1.6708926731664042,[-0.00116653]
337,0.7289686274214113,2.2504922608284788,[-0.00056542]
338,0.6845471059286887,0.4440007725596633,[-0.00034381]
339,0.6374239897486901,1.7705258738558505,[-0.00200523]
340,0.5877852522924738,1.666108330744401,[-0.00048888]
341,0.5358267949789977,0.061000865138790356,[-0.00056947]
342,0.48175367410171666,0.12323228556280325,[-0.00231607]
343,0.42577929156507116,1.137053446661954,[-0.00228]
344,0.3681245526846801,0.2935772594853002,[-0.00114901]
345,0.30901699437494656,0.5376428158046389,[-0.00215072]
346,0.24868988716485424,-0.8213337302092626,[-0.00190306]
347,0.1873813145857244,-1.4270299840589669,[-0.00190196]
348,0.1253332335643044,-0.36429068275143694,[-0.00023455]
349,0.06279051952931387,0.465581920676071,[-0.00236053]
350,8.572527594031472e-16,-0.8450474584380054,[-0.00198252]
351,-0.06279051952931217,-0.6353233485964539,[-0.00186095]
352,-0.12533323356430268,-1.0861158810407936,[-0.00216172]
353,-0.18738131458572274,0.2548787945288398,[-0.00133679]
354,-0.24868988716485257,-1.6682033533640825,[-0.00218374]
355,-0.3090169943749449,-0.6966775258196811,[0.00082283]
356,-0.3681245526846785,-0.7281274800105515,[-0.00208781]
357,-0.4257792915650696,-0.28306356767256263,[-0.00204543]
358,-0.4817536741017151,-1.3902263409883258,[-0.00238276]
359,-0.5358267949789962,-0.8250890549386616,[-0.00037513]
360,-0.5877852522924725,-1.2786158230362374,[-0.00189555]
361,-0.6374239897486887,-1.9208241254760277,[-0.00076888]
362,-0.6845471059286875,-1.2682401357497026,[0.00219338]
363,-0.7289686274214102,-1.898419443542348,[-0.00080309]
364,-0.77051324277579,-0.9871645903298789,[0.00206064]
365,-0.8090169943749459,-1.3899496285677513,[-0.00157628]
366,-0.8443279255020154,-0.018545048401231723,[-0.00037617]
367,-0.8763066800438637,-1.75237388217456,[-0.00235242]
368,-0.9048270524660195,-0.5453958378312641,[0.00124901]
369,-0.9297764858882512,-0.9746267703974112,[-0.00225017]
370,-0.9510565162951533,-2.332130103068346,[-0.00160406]
371,-0.9685831611286309,-0.8231683698948493,[0.00502785]
372,-0.982287250728689,-0.23840976467927788,[-0.0018988]
373,-0.9921147013144775,-1.486181842852906,[-0.00238837]
374,-0.9980267284282717,-1.2891425660793836,[2.82377e-06]
375,-1.0,-1.7465873259954163,[-0.00073389]
376,-0.9980267284282718,-0.7530003953596851,[0.0012187]
377,-0.9921147013144778,-1.641411943358238,[-0.00200991]
378,-0.9822872507286894,-1.0330763671595309,[0.00069346]
379,-0.9685831611286313,-2.008124953611631,[-0.00146944]
380,-0.9510565162951539,0.20861348421766923,[0.00273164]
381,-0.9297764858882519,-1.1199133297100803,[-0.00222052]
382,-0.9048270524660202,-0.951825449563557,[-0.00124703]
383,-0.8763066800438646,-1.1642614430517373,[-0.00165341]
384,-0.8443279255020163,-2.21905461913499,[-0.00112296]
385,-0.8090169943749469,-1.8670932226437764,[0.00417259]
386,-0.7705132427757913,-0.8058597691270097,[0.0018787]
387,-0.7289686274214114,-0.16047507592202143,[-0.00192774]
388,-0.6845471059286888,-1.712604909705973,[-0.00238723]
389,-0.6374239897486902,-1.860184856914806,[0.00104394]
390,-0.5877852522924739,0.21735080083007197,[0.00183912]
391,-0.5358267949789978,0.20986240157283234,[-0.00221372]
392,-0.4817536741017167,-0.7943366886690104,[-0.00221951]
393,-0.42577929156507127,0.1560538642748608,[-0.00194637]
394,-0.3681245526846802,-0.629999614884656,[-0.00225849]
395,-0.3090169943749467,0.31123371789597926,[-0.00216756]
396,-0.24868988716485435,0.007230355197859282,[-0.00213511]
397,-0.18738131458572455,0.6175384052446635,[-0.00234193]
398,-0.1253332335643045,-0.12499669494348936,[-0.00181014]
399,-0.062790519529314,1.220230254978498,[-0.00238229]
400,-9.797174393178826e-16,-0.0879526388227598,[-0.0010447]
401,0.06279051952931204,0.5469296735822713,[-0.00237448]
402,0.12533323356429904,0.9032026343303723,[-0.00189257]
403,0.1873813145857261,1.304271127138028,[-0.00145114]
404,0.24868988716485246,1.81059460109354,[-0.00094301]
405,0.3090169943749448,1.5196526652124116,[-0.00046188]
406,0.36812455268467503,0.718254096708849,[-0.00070519]
407,0.4257792915650727,1.1338686178297237,[-0.00168736]
408,0.48175367410171505,0.7554412833949317,[-0.00115306]
409,0.5358267949789961,1.0258231937900362,[-0.00164068]
410,0.5877852522924695,1.7824334909112798,[-0.00129182]
411,0.6374239897486914,0.7717090001736833,[-0.0004806]
412,0.6845471059286874,0.5159538426564768,[-0.00162018]
413,0.7289686274214101,2.0289454987528344,[-0.00192738]
414,0.7705132427757877,1.299192756156374,[-0.00035972]
415,0.8090169943749479,1.278272885361806,[-0.00094897]
416,0.8443279255020153,1.6308127994926989,[-0.00097395]
417,0.8763066800438636,0.8828051824777867,[-0.00059987]
418,0.9048270524660179,0.66027246332593,[-0.00147755]
419,0.9297764858882525,1.1547810017360955,[-0.00175876]
420,0.9510565162951533,1.5662831916619844,[-0.00112659]
421,0.9685831611286307,1.0334296031184143,[-0.00065941]
422,0.9822872507286884,1.0443441077154654,[-0.00128204]
423,0.992114701314478,1.3982695721021683,[-0.0012678]
424,0.9980267284282717,1.2715349223348025,[-0.00083447]
425,1.0,1.1100753574650686,[-0.00098217]
426,0.9980267284282718,0.929253620828074,[-0.0011834]
427,0.9921147013144783,0.29382997792306886,[-0.00141723]
428,0.9822872507286887,0.9427238482044902,[-0.00215054]
429,0.9685831611286313,0.31991659639360576,[-0.0013997]
430,0.9510565162951539,1.5546701197559851,[-0.00212712]
431,0.9297764858882532,1.3685247091886725,[-0.00067056]
432,0.9048270524660188,-0.12437089403927049,[-0.00086803]
433,0.8763066800438646,0.6478530497360129,[-0.00238217]
434,0.8443279255020164,0.31284956270103254,[-0.0017739]
435,0.8090169943749491,0.5904551209990189,[-0.00213356]
436,0.770513242775789,-0.24881884391863823,[-0.00184221]
437,0.7289686274214116,0.4025472542886929,[-0.00238735]
438,0.684547105928689,0.6412970842477633,[-0.00204802]
439,0.637423989748693,0.20975548149184314,[-0.00178183]
440,0.5877852522924711,0.7164302883391233,[-0.00221957]
441,0.5358267949789979,1.422991080125687,[-0.00168962]
442,0.4817536741017168,-0.07330998196929797,[-0.00080717]
443,0.4257792915650746,-0.033105385258680786,[-0.0023706]
444,0.368124552684677,-0.017831965535617278,[-0.00235779]
445,0.3090169943749468,0.03524781806938248,[-0.00235225]
446,0.24868988716485446,-0.5145079253985962,[-0.00232906]
447,0.18738131458572815,-0.15214382488465023,[-0.00227515]
448,0.1253332335643011,0.4402317814079585,[-0.00238628]
449,0.06279051952931412,-1.106341198282037,[-0.00200928]
450,1.102182119232618e-15,0.27849934641429847,[-0.00128359]
451,-0.06279051952931192,-0.6710396120446244,[-0.00216383]
452,-0.12533323356429893,0.05516258076052763,[-0.00212011]
453,-0.187381314585726,-0.8276936705513868,[-0.00231916]
454,-0.24868988716485232,-0.44373475891068326,[-0.00189114]
455,-0.3090169943749447,-0.7022050774417345,[-0.0023228]
456,-0.3681245526846749,-1.0197765147739017,[-0.0020806]
457,-0.4257792915650726,-1.4780431333396344,[-0.00150115]
458,-0.48175367410171493,-1.0144141365115353,[-3.0733645e-05]
459,-0.535826794978996,-0.2479325920803876,[-0.00151382]
460,-0.5877852522924694,-0.6594631816925056,[-0.00238753]
461,-0.6374239897486913,-1.0135312535256662,[-0.002134]
462,-0.6845471059286873,-0.9440443638768985,[-0.00151575]
463,-0.72896862742141,-0.6307656164449817,[-0.00166983]
464,-0.7705132427757876,-1.4677115939294456,[-0.00216682]
465,-0.8090169943749478,-0.7977941502617014,[-7.290393e-05]
466,-0.8443279255020152,-2.106899787218461,[-0.00194085]
467,-0.8763066800438636,-1.1779777556068654,[0.00338157]
468,-0.9048270524660178,-0.8059086946929191,[-0.00108302]
469,-0.9297764858882525,-0.4878429247187214,[-0.00192762]
470,-0.9510565162951532,-1.1967142066527277,[-0.00229467]
471,-0.9685831611286307,-1.912368849842098,[-0.00102741]
472,-0.9822872507286883,-0.19089066741592295,[0.00214296]
473,-0.992114701314478,-0.4581729220534987,[-0.0023892]
474,-0.9980267284282717,-0.9767645750250448,[-0.00231419]
475,-1.0,-0.22285408872577694,[-0.00159944]
476,-0.9980267284282718,-1.1725805238209244,[-0.0023892]
477,-0.9921147013144783,-1.0428975537471326,[-0.00109885]
478,-0.9822872507286887,-0.046207454129046394,[-0.00144566]
479,-0.9685831611286313,-0.8934721793520654,[-0.00236238]
480,-0.951056516295154,-0.673840515597629,[-0.00177158]
481,-0.9297764858882532,-1.2987580317513028,[-0.00211672]
482,-0.9048270524660188,-0.3615719585470654,[-0.00070149]
483,-0.8763066800438647,-1.055523482626535,[-0.00236148]
484,-0.8443279255020165,-0.22283553239569337,[-0.00141452]
485,-0.8090169943749491,-0.8359169510394938,[-0.00238914]
486,-0.7705132427757891,0.1549755452278518,[-0.00187696]
487,-0.7289686274214117,-0.35542579776696626,[-0.0022592]
488,-0.684547105928689,-1.1861115529330173,[-0.00236375]
489,-0.6374239897486931,-0.14034738631390037,[-0.00105909]
490,-0.5877852522924712,-0.1211398825049863,[-0.00238467]
491,-0.5358267949789979,-0.9634539309643105,[-0.00238169]
492,-0.48175367410171693,-0.11472647704781733,[-0.0016285]
493,-0.4257792915650747,-0.19632249902640506,[-0.00238038]
494,-0.3681245526846771,0.8769253910185788,[-0.00238932]
495,-0.3090169943749469,0.19990917602340394,[-0.00148512]
496,-0.2486898871648546,-0.37274815062581246,[-0.00222702]
497,-0.18738131458572826,1.2943942133127102,[-0.00235737]
498,-0.12533323356430123,1.0066031100364852,[-0.0009547]
499,-0.06279051952931425,0.6572821184556351,[-0.00131685]
500,-1.2246467991473533e-15,0.8794195214860503,[-0.00176252]
501,0.06279051952931179,1.177753966066285,[-0.0014819]
502,0.1253332335642988,0.9092814739951096,[-0.00109769]
503,0.18738131458572585,0.9118921469821004,[-0.00144321]
504,0.2486898871648522,0.7309805200635293,[-0.00143982]
505,0.30901699437494456,0.8931794449001151,[-0.0016715]
506,0.3681245526846748,0.5343997802336717,[-0.00146414]
507,0.4257792915650725,0.5787664518045824,[-0.00190682]
508,0.4817536741017148,-0.2046606030809155,[-0.00185586]
509,0.5358267949789959,1.1387664549070704,[-0.00238944]
510,0.5877852522924693,0.48087103796427316,[-0.00114686]
511,0.6374239897486885,0.6731673781671712,[-0.00196601]
512,0.6845471059286898,1.452730050234502,[-0.00174309]
513,0.72896862742141,1.1982497051637133,[-0.00077493]
514,0.7705132427757853,2.0586578173361456,[-0.00107206]
515,0.8090169943749498,0.6757874243165412,[-0.00035221]
516,0.8443279255020152,0.9420236054552722,[-0.00173981]
517,0.8763066800438618,0.39559732539188924,[-0.00140072]
518,0.9048270524660192,0.9944855537775084,[-0.00205488]
519,0.9297764858882523,1.2893317346491402,[-0.00133247]
520,0.9510565162951532,1.0300393354777466,[-0.00096077]
521,0.9685831611286316,1.9377927810253577,[-0.00128634]
522,0.9822872507286883,-0.4683056224187062,[-0.0003928]
523,0.992114701314478,0.5603770948746476,[-0.00230778]
524,0.9980267284282713,0.43574540685830376,[-0.00187714]
525,1.0,-0.7641215002367201,[-0.00201393]
526,0.9980267284282718,0.9622200458021251,[-0.00199345]
527,0.9921147013144788,0.36661329819004607,[-0.00137443]
528,0.9822872507286882,0.7417867045377498,[-0.00208343]
529,0.9685831611286314,-0.6996366154735467,[-0.00165797]
530,0.9510565162951551,-0.1340141004165953,[-0.00208399]
531,0.929776485888252,-0.9275777330932216,[-0.00238384]
532,0.9048270524660189,0.07127015668303027,[-0.00170393]
533,0.8763066800438647,0.22865362776123202,[-0.00231064]
534,0.8443279255020146,0.27650288145793167,[-0.0022049]
535,0.8090169943749492,-0.1488350886887145,[-0.00216562]
536,0.7705132427757891,0.8759389344330131,[-0.00238592]
537,0.7289686274214141,-0.5797328320093008,[-0.00148643]
538,0.6845471059286891,-0.7546448993283346,[-0.00221912]
539,0.6374239897486932,-0.11525676443994524,[-0.0020074]
540,0.5877852522924742,-0.049616295845119285,[-0.0023805]
541,0.535826794978995,-0.08862818888299587,[-0.00236351]
542,0.48175367410171704,-0.10346658560311084,[-0.00237472]
543,0.42577929156507804,-0.8357920617896937,[-0.00237811]
544,0.3681245526846739,-0.05566247332269704,[-0.00187726]
545,0.309016994374947,1.4486743161938367,[-0.00236554]
546,0.24868988716485815,0.70763812306609,[-0.00077922]
547,0.1873813145857249,1.3051323770524692,[-0.00170059]
548,0.12533323356430134,-0.34485130571647826,[-0.000942]
549,0.06279051952931436,0.4552826825592436,[-0.00236738]
550,4.899825157862589e-15,0.024898311616372945,[-0.00199348]
551,-0.06279051952931168,-0.6622264406901205,[-0.00233401]
552,-0.12533323356429868,-0.10279043260733245,[-0.00213075]
553,-0.18738131458572224,0.23923742213954868,[-0.00237799]
554,-0.24868988716485554,0.12896988999165737,[-0.0021965]
555,-0.30901699437494445,-0.5635258344562453,[-0.00227631]
556,-0.3681245526846714,0.3643470338434318,[-0.00223423]
557,-0.4257792915650756,0.06515262339938407,[-0.00208551]
558,-0.4817536741017147,0.2425881025832093,[-0.00231386]
559,-0.5358267949789928,0.6835546792944432,[-0.00219382]
560,-0.587785252292472,-0.12793248277533165,[-0.00173039]
561,-0.6374239897486911,-0.23044928355316913,[-0.00238282]
562,-0.6845471059286872,-0.34830666952059125,[-0.00238884]
563,-0.7289686274214123,-0.6566138382315359,[-0.00236613]
564,-0.7705132427757875,0.34835260391341033,[-0.00213746]
565,-0.8090169943749477,-1.2879941443684628,[-0.00210083]
566,-0.8443279255020132,0.0617979999391286,[-0.00073773]
567,-0.8763066800438635,-1.621088123869245,[-0.00231565]
568,-0.9048270524660177,-1.5999389813346432,[0.00059741]
569,-0.929776485888251,0.007154654388449875,[0.00049912]
570,-0.9510565162951542,-1.1825111391450454,[-0.00234199]
571,-0.9685831611286306,-0.10747323194273622,[-0.00106967]
572,-0.9822872507286876,-1.2799322993191915,[-0.00237895]
573,-0.9921147013144784,-0.8718473154725694,[-0.00076462]
574,-0.9980267284282716,-0.4611107272857953,[-0.0018125]
575,-1.0,-1.04387365987468,[-0.00231246]
576,-0.9980267284282716,0.16875608625335217,[-0.0014433]
577,-0.9921147013144783,-0.17456751888283578,[-0.00224961]
578,-0.9822872507286888,-0.16274449708815608,[-0.00238848]
579,-0.9685831611286323,-0.4206618631394092,[-0.00238741]
580,-0.951056516295154,0.4672332071653704,[-0.00233538]
581,-0.9297764858882533,-0.9075298690003012,[-0.00198067]
582,-0.9048270524660205,-0.10776333950396358,[-0.00174422]
583,-0.8763066800438631,-0.6701481007434592,[-0.00237901]
584,-0.8443279255020166,-0.8798359276172355,[-0.00212125]
585,-0.8090169943749514,-0.059825837012292674,[-0.00179756]
586,-0.770513242775787,-1.0320335732224548,[-0.00236667]
587,-0.7289686274214118,-0.39143718351519663,[-0.00147194]
588,-0.6845471059286918,-1.1967027715831187,[-0.00234953]
589,-0.6374239897486905,-0.8583190282815525,[-0.00102744]
590,-0.5877852522924714,0.10093567929149322,[-0.00183729]
591,-0.5358267949789981,0.26020849544980196,[-0.00229365]
592,-0.48175367410171405,-0.5564756284559529,[-0.00217927]
593,-0.42577929156507494,0.6806337653347123,[-0.00224058]
594,-0.3681245526846773,-0.40839888540008057,[-0.00173379]
595,-0.3090169943749505,0.21144559105654198,[-0.00234161]
596,-0.24868988716485482,0.48163689388431097,[-0.00221831]
597,-0.18738131458572851,-1.3302906912394785,[-0.00196523]
598,-0.12533323356430498,-0.967594147875274,[-0.00059272]
599,-0.06279051952931095,-0.25076789131517185,[-0.00161953]
600,-1.4695761589768238e-15,-0.8711121503629644,[-0.00238723]
601,0.062790519529308,-0.6842769690167391,[-0.00181384]
602,0.12533323356430207,-0.1334751012413619,[-0.00210369]
603,0.18738131458572563,0.30341842664975716,[-0.00238378]
604,0.248689887164852,-1.6123581346722595,[-0.00214196]
605,0.30901699437494773,-0.6665808981735526,[0.00055661]
606,0.3681245526846746,-0.1612066935590546,[-0.00212554]
607,0.42577929156507227,-1.1147555673361729,[-0.00238723]
608,0.4817536741017115,-0.277617561488921,[-0.00126103]
609,0.5358267949789957,0.23824635984010156,[-0.00238366]
610,0.587785252292469,0.6007626644525428,[-0.00219727]
611,0.6374239897486883,-0.18533994879763957,[-0.00183011]
612,0.6845471059286896,-0.7682000226874776,[-0.00238908]
613,0.7289686274214098,0.5037884415178708,[-0.00198723]
614,0.7705132427757851,1.0727844561448032,[-0.00194097]
615,0.8090169943749497,0.6350231906128156,[-0.00123114]
616,0.8443279255020151,-0.12838631126079458,[-0.00178934]
617,0.8763066800438617,0.04343379510894127,[-0.00238288]
618,0.9048270524660192,0.1959695507437913,[-0.00232513]
619,0.9297764858882522,0.5121225945468125,[-0.00223]
620,0.9510565162951531,0.6941915398644589,[-0.00193173]
621,0.9685831611286315,1.376682482929019,[-0.00171716]
622,0.9822872507286883,0.8468781689021802,[-0.00085879]
623,0.992114701314478,0.031688664176823686,[-0.00152398]
624,0.9980267284282713,0.5708308599880899,[-0.00233079]
625,1.0,-0.004626749957407673,[-0.00186516]
626,0.9980267284282718,0.24188630887478135,[-0.00234688]
627,0.9921147013144788,0.20947037583478947,[-0.00219435]
628,0.9822872507286882,0.35101949590282205,[-0.00221974]
629,0.9685831611286314,-0.01043926404119662,[-0.00209839]
630,0.9510565162951552,0.07290101401872007,[-0.00234921]
631,0.9297764858882521,1.0499513607860327,[-0.00230981]
632,0.904827052466019,1.584454620482629,[-0.00126065]
633,0.8763066800438648,0.6304553613003895,[-0.00064207]
634,0.8443279255020147,0.7485635598114873,[-0.00179476]
635,0.8090169943749493,0.6163205893266133,[-0.00164939]
636,0.7705132427757894,-0.031954017070329466,[-0.00181163]
637,0.7289686274214143,0.2339784190210386,[-0.00235737]
638,0.6845471059286893,0.8836149727801712,[-0.00220073]
639,0.6374239897486934,0.7808100403318946,[-0.00147641]
640,0.5877852522924744,1.4604714942477706,[-0.00160856]
641,0.5358267949789952,0.5919380603227706,[-0.00076652]
642,0.48175367410171727,1.106920748373451,[-0.00184036]
643,0.42577929156507827,0.5437863744958824,[-0.00118733]
644,0.36812455268467414,0.1452933303673758,[-0.00189615]
645,0.30901699437494723,0.32546592004995917,[-0.0022657]
646,0.24868988716485838,0.3013621410338137,[-0.00212211]
647,0.18738131458572513,1.5687511511227445,[-0.00214387]
648,0.1253332335643016,1.7967474434700046,[-0.00065703]
649,0.06279051952931461,0.4976223158105497,[-0.00047094]
650,-1.9606728399089416e-15,0.831299732184561,[-0.00194783]
651,-0.06279051952931143,1.5652652962830975,[-0.00154395]
652,-0.12533323356429843,0.6991405208847541,[-0.00066031]
653,-0.18738131458572202,0.8205775336785208,[-0.00171114]
654,-0.2486898871648553,1.194243750384351,[-0.00155777]
655,-0.30901699437494423,1.4786788008013354,[-0.001077]
656,-0.3681245526846712,0.24589283639804382,[-0.00074733]
657,-0.4257792915650754,0.19679888382789668,[-0.00219101]
658,-0.4817536741017145,1.4903400739023636,[-0.00222934]
659,-0.5358267949789925,0.6492865702092578,[-0.00073511]
660,-0.5877852522924718,0.49188217993057876,[-0.00177217]
661,-0.637423989748691,0.2344372489633678,[-0.00195397]
662,-0.684547105928687,-1.1205827120183294,[-0.00220031]
663,-0.7289686274214121,0.4303287090612519,[-0.00124521]
664,-0.7705132427757873,0.9769061119606728,[-0.00201947]
665,-0.8090169943749475,-0.18207220752148706,[-0.0013553]
666,-0.8443279255020131,0.4405197615338847,[-0.00238878]
667,-0.8763066800438634,-0.8320555671900157,[-0.00200904]
668,-0.9048270524660176,-0.04270512686831429,[-0.0018836]
669,-0.9297764858882509,-0.10832348269285846,[-0.00236119]
670,-0.9510565162951542,-1.5249834343961637,[-0.00237919]
671,-0.9685831611286306,-0.12694634890183717,[0.00016614]
672,-0.9822872507286876,-0.5174760659859724,[-0.00238264]
673,-0.9921147013144784,-0.3869262949961282,[-0.00227297]
674,-0.9980267284282716,-1.4046712081828334,[-0.00235144]
675,-1.0,0.033710740180846285,[-0.00032059]
676,-0.9980267284282716,0.040653389314612126,[-0.00232995]
677,-0.9921147013144783,0.3034997714665504,[-0.0023265]
678,-0.9822872507286888,-0.742666837295121,[-0.0021419]
679,-0.9685831611286323,-1.349351488511549,[-0.00202493]
680,-0.9510565162951541,-1.2754809554089928,[-0.00052501]
681,-0.9297764858882535,-0.02630359600462566,[-0.00077931]
682,-0.9048270524660206,0.03793077502987452,[-0.00235528]
683,-0.8763066800438633,-0.516367569617697,[-0.00232787]
684,-0.8443279255020167,-0.24588945311146004,[-0.00227384]
685,-0.8090169943749516,-0.5983267911272881,[-0.00238777]
686,-0.7705132427757871,-0.06659521832303367,[-0.00220094]
687,-0.728968627421412,-1.776006621335899,[-0.0023687]
688,-0.684547105928692,-1.4984463745488097,[0.00137406]
689,-0.6374239897486907,-0.8068353890081522,[5.375594e-05]
690,-0.5877852522924716,-1.0855929047020623,[-0.00192613]
691,-0.5358267949789983,-0.6129496532266666,[-0.00133819]
692,-0.48175367410171427,0.179360331024606,[-0.00218589]
693,-0.42577929156507516,-0.23261679259251034,[-0.00224204]
694,-0.3681245526846776,-0.47477715248365016,[-0.00238872]
695,-0.3090169943749507,-1.3697144510184291,[-0.00230352]
696,-0.24868988716485507,-0.26635105797825426,[-0.00045116]
697,-0.18738131458572874,-1.4200025371244354,[-0.00238539]
698,-0.12533323356430523,-0.44539083241063476,[-0.00026182]
699,-0.06279051952931118,-0.9223722625079783,[-0.00232185]
700,-1.7145055188062944e-15,-1.0005182825327203,[-0.00171454]
701,0.06279051952930777,-0.13523882769439877,[-0.001546]
702,0.12533323356430184,-0.25524323980169106,[-0.00238407]
703,0.18738131458572538,0.279653890104262,[-0.00238688]
704,0.24868988716485174,-0.9228920894290973,[-0.0021627]
705,0.30901699437494745,0.0989547919993739,[-0.00171346]
706,0.36812455268467437,-0.14627687804766257,[-0.00229491]
707,0.42577929156507205,-0.708554345617302,[-0.0023855]
708,0.48175367410171127,-1.2749840096258038,[-0.00207225]
709,0.5358267949789954,0.09523737814410974,[-0.00078095]
710,0.5877852522924688,-0.569064594462605,[-0.00229711]
711,0.6374239897486881,-0.17357150596683113,[-0.00222919]
712,0.6845471059286894,-0.4922746039279587,[-0.00238837]
713,0.7289686274214096,-0.6340588643977054,[-0.00229157]
714,0.7705132427757849,0.1161634321526443,[-0.00216318]
715,0.8090169943749496,0.35530369381951865,[-0.00228442]
716,0.8443279255020149,0.47421464903975424,[-0.00209422]
717,0.8763066800438616,0.8946377209234003,[-0.00197316]
718,0.9048270524660191,0.5822813826764157,[-0.00146223]
719,0.9297764858882522,-1.0678989152010305,[-0.0018518]
720,0.951056516295153,0.23592356743496012,[-0.00138346]
721,0.9685831611286315,0.28926001390334954,[-0.00219912]
722,0.9822872507286882,-0.8827940471136927,[-0.00215448]
723,0.9921147013144779,0.7492133007253013,[-0.00179196]
724,0.9980267284282713,1.3920472749615505,[-0.00164855]
725,1.0,-0.19642089163432547,[-0.00084145]
726,0.9980267284282718,-0.08891245025455174,[-0.00238938]
727,0.9921147013144788,1.2031097557794745,[-0.00237472]
728,0.9822872507286882,0.6795299102941735,[-0.0010661]
729,0.9685831611286315,0.5543047080702195,[-0.00173528]
730,0.9510565162951552,0.6390181461380275,[-0.00188417]
731,0.9297764858882522,0.7137769866414916,[-0.00178445]
732,0.9048270524660191,0.4034725244101748,[-0.00169302]
733,0.8763066800438649,1.1151407147540553,[-0.00204695]
734,0.8443279255020149,1.3498647031196271,[-0.00117684]
735,0.8090169943749496,0.5562147672519205,[-0.00088943]
736,0.7705132427757895,1.8959120982564308,[-0.0018819]
737,0.7289686274214144,-0.000769795895642994,[-0.00041277]
738,0.6845471059286894,0.10339814946814309,[-0.00234533]
739,0.6374239897486935,0.0006538504599915007,[-0.00229228]
740,0.5877852522924746,1.090087761919069,[-0.00234468]
741,0.5358267949789954,1.4183908255154045,[-0.00120897]
742,0.4817536741017175,0.542007143604252,[-0.00081218]
743,0.4257792915650785,0.9313967694169878,[-0.00189812]
744,0.36812455268467437,0.7327310372049608,[-0.00141454]
745,0.30901699437494745,1.6569911521664404,[-0.00166935]
746,0.24868988716485863,1.3301264626201506,[-0.0005771]
747,0.18738131458572538,0.2673410621998718,[-0.00091249]
748,0.12533323356430184,-0.01362358560863261,[-0.00217325]
749,0.06279051952931486,0.8243102960360087,[-0.00235058]
750,5.3896838775215305e-15,-0.04121644296955171,[-0.00155301]
751,-0.06279051952931118,1.2460348470090221,[-0.00236077]
752,-0.12533323356429818,0.8521467501767812,[-0.00101305]
753,-0.18738131458572177,-0.7314655704630444,[-0.00151712]
754,-0.24868988716485507,0.18868951572729126,[-0.0020409]
755,-0.30901699437494395,-0.22875531940638233,[-0.00223536]
756,-0.368124552684671,-1.0750352647786452,[-0.00238884]
757,-0.42577929156507516,-0.6620147777453965,[-0.0013654]
758,-0.48175367410171427,-1.7319067411200266,[-0.00213096]
759,-0.5358267949789923,0.10916583218945376,[0.00114261]
760,-0.5877852522924716,0.8806274234864664,[-0.00228877]
761,-0.6374239897486907,0.5016439575180514,[-0.00148035]
762,-0.6845471059286867,0.18308890621703283,[-0.00194336]
763,-0.728968627421412,-0.9557359454170458,[-0.00223941]
764,-0.7705132427757871,-0.2108841792925228,[-0.00164516]
765,-0.8090169943749473,-1.0919494134639551,[-0.0023895]
766,-0.844327925502013,-0.9513223602634062,[-0.00132159]
767,-0.8763066800438633,-0.36228135377163084,[-0.00165448]
768,-0.9048270524660175,-0.5286658540063485,[-0.00236131]
769,-0.9297764858882508,-1.020269163495814,[-0.002264]
770,-0.9510565162951541,-0.3385122378430906,[-0.00149999]
771,-0.9685831611286305,-2.194340190767721,[-0.00236941]
772,-0.9822872507286875,-1.3525657653872127,[0.00399338]
773,-0.9921147013144783,-0.44934457266808464,[-0.0005135]
774,-0.9980267284282716,-1.6929667107491349,[-0.00231955]
775,-1.0,-0.9599246016399999,[0.00094511]
776,-0.9980267284282716,-1.4774538470814247,[-0.00163615]
777,-0.9921147013144784,-1.32436044824568,[-3.311783e-05]
778,-0.9822872507286889,-0.8879519955774928,[-0.00061334]
779,-0.9685831611286324,-1.3084747951085047,[-0.00178219]
780,-0.9510565162951542,-1.4728008225331464,[-0.00066838]
781,-0.9297764858882536,0.8196130404799501,[-5.225092e-05]
782,-0.9048270524660207,0.4940435003119331,[-0.00155903]
783,-0.8763066800438634,-1.2030564692072947,[-0.00195176]
784,-0.8443279255020169,-1.460359469970395,[-0.00100831]
785,-0.8090169943749517,0.015006630524082132,[-0.00010256]
786,-0.7705132427757873,-0.46524369527852816,[-0.00233854]
787,-0.7289686274214121,-0.19923787542895272,[-0.00230975]
788,-0.6845471059286922,0.18108124010836119,[-0.0023895]
789,-0.637423989748691,-0.1555770750046651,[-0.00224084]
790,-0.5877852522924718,-2.219438702987279,[-0.00238664]
791,-0.5358267949789985,-1.4062912038901536,[0.00417545]
792,-0.4817536741017145,-0.9227531108610507,[-0.00031442]
793,-0.4257792915650754,-1.5987093895560398,[-0.00171373]
794,-0.3681245526846778,-0.029138320258347172,[0.00049352]
795,-0.30901699437495095,-0.889581959364635,[-0.00235636]
796,-0.2486898871648553,0.18705038286545211,[-0.00177903]
797,-0.187381314585729,0.0458781539620543,[-0.00223655]
798,-0.12533323356430548,0.3040146183313236,[-0.00232387]
799,-0.06279051952931143,0.4933590277881924,[-0.00214154]
800,-1.959434878635765e-15,-0.07631036385433965,[-0.00195236]
801,0.06279051952930752,-0.6038105091169298,[-0.00237144]
802,0.1253332335643016,0.10971668373515574,[-0.00219534]
803,0.18738131458571816,0.11982494992907433,[-0.00228841]
804,0.24868988716484464,-1.3103610702179753,[-0.00228215]
805,0.30901699437494723,0.20312210745448447,[-0.00066189]
806,0.36812455268468075,-0.6773201389111652,[-0.00222457]
807,0.4257792915650718,-0.5768310512846971,[-0.00211237]
808,0.48175367410171105,1.4888591405916287,[-0.00222195]
809,0.5358267949789952,0.21196720735527552,[-0.00073672]
810,0.5877852522924687,0.6627887335693045,[-0.0022179]
811,0.6374239897486879,0.7387010463548545,[-0.00175572]
812,0.6845471059286841,1.070233528254223,[-0.00166184]
813,0.7289686274214143,0.8627608228794184,[-0.00123442]
814,0.7705132427757894,1.0776796228473557,[-0.00150359]
815,0.8090169943749493,0.2918647470591267,[-0.00122482]
816,0.8443279255020147,-0.2179641900350081,[-0.00215221]
817,0.8763066800438614,1.0860950682725388,[-0.00238938]
818,0.904827052466019,1.1140732689151127,[-0.00121403]
819,0.9297764858882495,-0.47910798740321187,[-0.00117833]
820,0.9510565162951508,1.6921919558521399,[-0.00230075]
821,0.9685831611286314,0.29953359420719866,[-0.00054789]
822,0.9822872507286895,0.20800050082542004,[-0.00214554]
823,0.9921147013144779,0.3690285455202315,[-0.00222094]
824,0.9980267284282713,0.9452493398301501,[-0.00208098]
825,1.0,1.2836744232842132,[-0.00139654]
826,0.9980267284282718,1.3479727693447718,[-0.00096751]
827,0.9921147013144789,0.24824140208201434,[-0.00089169]
828,0.9822872507286896,1.749254636589602,[-0.00218905]
829,0.9685831611286333,0.696933014282504,[-0.00050414]
830,0.9510565162951531,0.5603058206005127,[-0.00171382]
831,0.9297764858882522,2.7869021711314073,[-0.00187726]
832,0.9048270524660192,1.0462986964505052,[-0.00075502]
833,0.8763066800438651,2.357105475828148,[-0.00126535]
834,0.8443279255020151,0.5793057918870567,[-0.000372]
835,0.8090169943749497,0.43114510127471056,[-0.0018552]
836,0.7705132427757941,0.5710049091206775,[-0.00201876]
837,0.7289686274214147,0.14701433358485783,[-0.00186486]
838,0.6845471059286845,0.6650067913761859,[-0.00226451]
839,0.6374239897486883,0.03854585336511347,[-0.00175304]
840,0.5877852522924748,1.4834415534555052,[-0.00232751]
841,0.5358267949789957,0.2728557439171168,[-0.00074244]
842,0.4817536741017177,0.9592482038351564,[-0.00216866]
843,0.4257792915650787,-0.029848080741119394,[-0.00137819]
844,0.3681245526846812,0.020002536687411254,[-0.00235672]
845,0.30901699437495445,0.5990580827787972,[-0.00233627]
846,0.24868988716485196,-0.028142692199697616,[-0.00183208]
847,0.18738131458572563,-0.44509936119508153,[-0.00235606]
848,0.12533323356430207,0.5881638524722954,[-0.00232197]
849,0.0627905195293151,0.19287352299975874,[-0.00184495]
850,-1.4708141202500005e-15,0.9518692342505984,[-0.0022322]
851,-0.06279051952931095,-0.14802891080503122,[-0.0013879]
852,-0.12533323356429796,0.18217659726614246,[-0.00238574]
853,-0.18738131458572152,-0.45245953762738866,[-0.00224007]
854,-0.24868988716484794,0.840636765713888,[-0.0023177]
855,-0.3090169943749505,0.2708788099893995,[-0.00153209]
856,-0.3681245526846773,0.2566466165932919,[-0.00217027]
857,-0.42577929156507494,-0.03386725581643295,[-0.00218225]
858,-0.48175367410171405,-0.05252186145214325,[-0.00235809]
859,-0.5358267949789921,-0.23735080416041232,[-0.0023644]
860,-0.5877852522924714,-1.0942934756997202,[-0.00238843]
861,-0.6374239897486851,-0.7930348396630337,[-0.00131548]
862,-0.6845471059286814,-0.872039605057517,[-0.00194839]
863,-0.7289686274214118,-0.3835342059481825,[-0.0018122]
864,-0.7705132427757915,-0.8875813254635145,[-0.00235299]
865,-0.8090169943749472,0.3807215475253575,[-0.00178287]
866,-0.8443279255020129,-0.1951772093736096,[-0.0020696]
867,-0.8763066800438631,-1.1442200521870736,[-0.00238938]
868,-0.9048270524660175,-1.2270693955744412,[-0.00117991]
869,-0.9297764858882508,-0.5788146118562173,[-0.00093461]
870,-0.9510565162951519,-0.9970380607758395,[-0.00222001]
871,-0.9685831611286323,0.14375628841126506,[-0.0015539]
872,-0.9822872507286888,-1.2916381857396895,[-0.00226665]
873,-0.9921147013144783,-0.9437432277830757,[-0.00072549]
874,-0.9980267284282716,-0.07120453244860409,[-0.00167052]
875,-1.0,-1.4476508007494608,[-0.00237007]
876,-0.9980267284282716,-1.9242877279328645,[-0.00015343]
877,-0.9921147013144784,-0.9594292103608976,[0.00221404]
878,-0.9822872507286903,-0.6912466022055159,[-0.0016372]
879,-0.9685831611286324,-1.380210940548503,[-0.00209487]
880,-0.9510565162951521,-1.6607978632387161,[-0.00041247]
881,-0.929776485888251,-0.39763562560620486,[0.0007868]
882,-0.9048270524660208,-0.6534516943568734,[-0.00234667]
883,-0.8763066800438635,-1.5930640595227004,[-0.00214113]
884,-0.844327925502017,-0.5799408930708612,[0.00046774]
885,-0.8090169943749518,-0.6573000287843772,[-0.002219]
886,-0.7705132427757919,0.15477706987191917,[-0.00213657]
887,-0.7289686274214171,-0.09826904787498097,[-0.00225932]
888,-0.6845471059286872,-1.7723558725347741,[-0.00237704]
889,-0.6374239897486911,-1.2805317830546012,[0.00135454]
890,-0.587785252292472,0.7140445299899196,[-0.00076259]
891,-0.5358267949789988,0.1821828323315181,[-0.0016926]
892,-0.4817536741017147,-0.07124378792089198,[-0.00224007]
893,-0.4257792915650756,-0.3058600449763017,[-0.00237013]
894,-0.36812455268468464,0.28641933639761313,[-0.00237811]
895,-0.3090169943749512,-0.8951815854569417,[-0.00215692]
896,-0.24868988716484866,0.5078875191530967,[-0.0017683]
897,-0.18738131458572224,0.15144441086245983,[-0.0019365]
898,-0.12533323356430573,0.3729281297691579,[-0.00226159]
899,-0.06279051952931167,-0.5592058481113419,[-0.00207723]
900,-2.204364238465236e-15,0.20075240485130863,[-0.0022381]
901,0.06279051952930727,0.693617427490807,[-0.00222642]
902,0.12533323356430134,0.8700589141616669,[-0.00171793]
903,0.1873813145857179,0.4842022183926591,[-0.001494]
904,0.2486898871648444,-0.04625504021377481,[-0.00196249]
905,0.309016994374947,1.0768056789904015,[-0.00236244]
906,0.36812455268468053,0.5131970122133234,[-0.00122602]
907,0.4257792915650716,0.6890130255204852,[-0.0019306]
908,0.4817536741017108,1.2375938799294888,[-0.00172354]
909,0.535826794978995,0.4884046832777403,[-0.00102336]
910,0.5877852522924685,0.2960132431567787,[-0.0019579]
911,0.6374239897486877,0.6453221415203108,[-0.00214858]
912,0.684547105928684,1.8682210147698697,[-0.00177676]
913,0.7289686274214141,1.5393475173829636,[-0.00042743]
914,0.7705132427757891,0.7227169442749664,[-0.00068552]
915,0.8090169943749492,0.06547830244721647,[-0.00168175]
916,0.8443279255020146,0.5046963381074856,[-0.00231374]
917,0.8763066800438613,0.9369017483800143,[-0.0019399]
918,0.9048270524660189,0.45054575678412545,[-0.00140733]
919,0.9297764858882493,0.06341881683986804,[-0.00199843]
920,0.9510565162951506,-0.3251741099754378,[-0.00231487]
921,0.9685831611286314,0.5754940017293685,[-0.00237329]
922,0.9822872507286895,0.054316923448728516,[-0.00185973]
923,0.9921147013144779,-0.17770946779185265,[-0.00231952]
924,0.9980267284282713,1.308338949029021,[-0.0023886]
925,1.0,0.9012629340114623,[-0.00093818]
926,0.9980267284282719,0.6356061041329022,[-0.00145365]
927,0.9921147013144789,0.7450150487151868,[-0.00178856]
928,0.9822872507286896,-1.2886545508519212,[-0.00165392]
929,0.9685831611286334,1.1167742585392986,[-0.0007355]
930,0.9510565162951532,0.48032466460467016,[-0.00117487]
931,0.9297764858882523,1.182843602293005,[-0.0019666]
932,0.9048270524660192,-0.17871016531710043,[-0.00109125]
933,0.8763066800438652,0.33295033615115066,[-0.00238872]
934,0.8443279255020152,0.547150251365229,[-0.0021152]
935,0.8090169943749498,0.05477452644904157,[-0.00189228]
936,0.7705132427757944,0.07566975247639987,[-0.0023194]
937,0.7289686274214148,1.867446370363233,[-0.0023082]
938,0.6845471059286846,-0.07433316439650206,[-0.00042791]
939,0.6374239897486885,-0.024789007248770284,[-0.00237096]
940,0.587785252292475,0.8342319284789217,[-0.00235481]
941,0.5358267949789959,1.4731039059778572,[-0.00154025]
942,0.48175367410171793,0.0536140301030172,[-0.00075329]
943,0.42577929156507893,1.5663778836924651,[-0.00232006]
944,0.3681245526846814,0.5093349988891889,[-0.00065923]
945,0.30901699437495467,0.46103165187032746,[-0.00193471]
946,0.2486898871648522,-0.2517900066363842,[-0.00198741]
947,0.18738131458572585,1.2198966832345992,[-0.00238711]
948,0.12533323356430232,0.09267540942107722,[-0.00104512]
949,0.06279051952931534,-0.09532819292004402,[-0.0022986]
950,5.879542597180472e-15,-0.16569566501509908,[-0.00237633]
951,-0.0627905195293107,-2.0533688779425305,[-0.00238777]
952,-0.1253332335642977,-0.16487687606168894,[0.00302389]
953,-0.1873813145857213,-0.21813437743404623,[-0.00238753]
954,-0.24868988716484772,0.8976006947632232,[-0.00238938]
955,-0.3090169943749503,-0.15429222720852326,[-0.00145835]
956,-0.3681245526846771,0.8976254918791,[-0.00238652]
957,-0.4257792915650747,0.11522277985258562,[-0.00145835]
958,-0.4817536741017138,-0.6239019334361731,[-0.00228507]
959,-0.5358267949789919,0.22086475034353992,[-0.00217433]
960,-0.5877852522924712,-0.630936257526964,[-0.00221104]
961,-0.6374239897486849,-0.924377310544586,[-0.00216664]
962,-0.6845471059286813,0.048236051921469625,[-0.00171042]
963,-0.7289686274214117,-0.015769095219830165,[-0.00232268]
964,-0.7705132427757914,-0.30313925443153933,[-0.00235141]
965,-0.8090169943749471,-0.36702877811826334,[-0.00237883]
966,-0.8443279255020126,-0.5618888974006666,[-0.00235952]
967,-0.8763066800438629,0.2898299056791114,[-0.00223569]
968,-0.9048270524660174,-0.24173360283180184,[-0.002154]
969,-0.9297764858882507,-0.011814891676929062,[-0.00238813]
970,-0.9510565162951518,-0.23082825319731426,[-0.0023498]
971,-0.9685831611286322,-0.35152790116633126,[-0.00238878]
972,-0.9822872507286887,-0.7643036628046865,[-0.00236518]
973,-0.9921147013144783,-1.1020377197753322,[-0.0019931]
974,-0.9980267284282716,-0.3838121871514811,[-0.00129504]
975,-1.0,-1.5291849037443772,[-0.00235269]
976,-0.9980267284282717,-1.4876698590530175,[0.00018414]
977,-0.9921147013144784,-1.1886888508221614,[8.903444e-06]
978,-0.9822872507286903,-2.229913863943775,[-0.00105146]
979,-0.9685831611286325,-0.7612656434817501,[0.00425213]
980,-0.9510565162951521,-0.5699731196047004,[-0.00199769]
981,-0.9297764858882511,-0.5370401123959992,[-0.00222833]
982,-0.9048270524660209,-1.3496164948359541,[-0.00225727]
983,-0.8763066800438636,-1.2496177270919706,[-0.00052411]
984,-0.8443279255020172,-0.2896611206399755,[-0.00086338]
985,-0.809016994374952,-1.202465107890789,[-0.00238157]
986,-0.7705132427757921,-1.05669237429397,[-0.00101016]
987,-0.7289686274214173,-0.1210161465636741,[-0.00141165]
988,-0.6845471059286873,-1.3332120032026131,[-0.00238163]
989,-0.6374239897486913,-0.15814270788752086,[-0.00058237]
990,-0.5877852522924722,-0.9054429906047652,[-0.00238694]
991,-0.535826794978999,-0.665652441960717,[-0.0017483]
992,-0.48175367410171493,-0.11648045264103489,[-0.0021267]
993,-0.4257792915650758,-0.4752009517765204,[-0.0023808]
994,-0.36812455268468486,-1.5689854742389195,[-0.00230328]
995,-0.30901699437495145,-0.5705019099729624,[0.0003589]
996,-0.24868988716484888,-0.8774403527957448,[-0.00222782]
997,-0.1873813145857225,-0.6368746532015501,[-0.00180206]
998,-0.12533323356430598,-0.3191422653866609,[-0.00216002]
999,-0.06279051952931192,0.09943125992339058,[-0.00237489]
