,deniosed_signal,model_output,ground_truth
0,5.46007855547388,0.0,5.0
1,4.892375385865413,0.0,5.0627905195293135
2,5.57236451059012,0.0,5.125333233564304
3,5.171463374771089,0.0,5.187381314585725
4,4.855240735929314,0.0,5.248689887164855
5,6.283529522456088,5.062563419342041,5.3090169943749475
6,5.0499831043846,5.294206619262695,5.368124552684678
7,4.961521056516384,5.279360771179199,5.425779291565073
8,4.978683953926751,5.171035289764404,5.481753674101715
9,5.803249525911665,5.121447563171387,5.5358267949789965
10,5.758743114897117,5.288773536682129,5.587785252292473
11,6.140545277178931,5.2404279708862305,5.637423989748689
12,4.521381619500469,5.426150321960449,5.684547105928688
13,5.835758726689949,5.3238959312438965,5.728968627421412
14,5.224685297626957,5.437648773193359,5.770513242775789
15,6.805666857798597,5.350576400756836,5.8090169943749475
16,5.2816665225030555,5.561077117919922,5.844327925502015
17,5.069582905827024,5.455147743225098,5.8763066800438635
18,6.355278373187973,5.457840442657471,5.90482705246602
19,6.0294145132752295,5.553802490234375,5.929776485888251
20,6.0262161185748555,5.623012542724609,5.951056516295154
21,6.638265447100066,5.556428909301758,5.968583161128631
22,6.14650280822481,5.6902337074279785,5.982287250728689
23,6.8083328680301465,5.74043083190918,5.9921147013144775
24,6.410631802062772,5.773881912231445,5.998026728428272
25,6.35735663399796,5.7880635261535645,6.0
26,7.2247701336509875,5.7969231605529785,5.998026728428272
27,6.524834451355805,5.818528175354004,5.9921147013144775
28,6.271311458061091,5.823675155639648,5.982287250728689
29,5.589694136906028,5.812211513519287,5.968583161128631
30,5.816390453900103,5.779502868652344,5.951056516295154
31,6.644084710928263,5.7463507652282715,5.929776485888252
32,6.66735897989916,5.719735145568848,5.904827052466019
33,6.161418275118171,5.741412162780762,5.8763066800438635
34,6.159686253070913,5.734999179840088,5.844327925502015
35,5.20621416933304,5.757617950439453,5.8090169943749475
36,4.88804005263773,5.705918312072754,5.770513242775789
37,4.664511944093372,5.536245346069336,5.728968627421412
38,6.0905747593792405,5.251259803771973,5.684547105928689
39,5.811293524768912,5.3007354736328125,5.63742398974869
40,5.827590441669846,5.283186912536621,5.587785252292473
41,5.246567333983287,5.384477615356445,5.5358267949789965
42,5.318111653083694,5.393979072570801,5.481753674101715
43,5.230297810197813,5.43010139465332,5.425779291565073
44,5.897137092727149,5.304788112640381,5.368124552684678
45,5.6073342007091025,5.349789619445801,5.3090169943749475
46,5.315519025940582,5.330110549926758,5.248689887164855
47,4.369973805118555,5.323878288269043,5.187381314585725
48,5.003823142149936,5.154175758361816,5.125333233564304
49,4.968428274063104,5.10357666015625,5.0627905195293135
50,4.373786116231164,4.936676025390625,5.0
51,3.8044730840844903,4.68753719329834,4.9372094804706865
52,6.475011922807181,4.385404109954834,4.874666766435696
53,4.7555693105683865,5.034050464630127,4.812618685414275
54,3.9355301084808962,4.968019485473633,4.751310112835145
55,4.8022972781368365,4.75681209564209,4.6909830056250525
56,5.214494044451079,4.8075480461120605,4.631875447315322
57,4.2088350157431575,4.997443199157715,4.574220708434928
58,3.342020370952617,4.5120954513549805,4.518246325898285
59,3.7768622637303757,4.257327079772949,4.4641732050210035
60,4.338718963518204,4.189331531524658,4.412214747707527
61,6.088260393418967,4.120876312255859,4.362576010251311
62,4.489149613852729,4.593193054199219,4.315452894071312
63,3.4228151283736645,4.603754043579102,4.271031372578589
64,4.788048951967883,4.500940799713135,4.229486757224211
65,3.3330164889595686,4.642247200012207,4.1909830056250525
66,3.684770865454726,4.447965621948242,4.155672074497985
67,3.8188308295630913,3.927149772644043,4.1236933199561365
68,3.7649584339469966,3.8233304023742676,4.09517294753398
69,4.54561346300579,3.8398594856262207,4.070223514111749
70,3.7559426970516565,3.867091178894043,4.048943483704846
71,4.517986187600328,3.8792810440063477,4.031416838871369
72,3.1197458527811537,4.040625095367432,4.017712749271311
73,4.448776540040505,3.9222359657287598,4.0078852986855225
74,4.377662688744939,4.054802894592285,4.001973271571728
75,3.403763090760725,4.052509307861328,4.0
76,2.543736487322781,3.9652719497680664,4.001973271571728
77,3.673691935847948,3.749485969543457,4.0078852986855225
78,3.6097874413648947,3.778437614440918,4.017712749271311
79,4.20152531276158,3.662848949432373,4.031416838871369
80,3.5787409000158856,3.6883230209350586,4.048943483704846
81,5.110373955052189,3.690214157104492,4.070223514111749
82,3.322347045241192,4.107329368591309,4.09517294753398
83,3.981186590981382,4.012320518493652,4.1236933199561365
84,2.8102147447970602,4.035233497619629,4.155672074497985
85,4.920990162983288,3.86073637008667,4.1909830056250525
86,4.0334071477989335,4.164178371429443,4.22948675722421
87,3.5345164190912355,3.9654550552368164,4.271031372578588
88,4.101561207481774,3.9351296424865723,4.315452894071311
89,4.566672642249373,3.9572677612304688,4.362576010251311
90,4.009384119402346,4.159838676452637,4.412214747707527
91,3.9183184936799105,3.9936423301696777,4.4641732050210035
92,5.306582618758956,3.962582588195801,4.518246325898285
93,4.661828582142721,4.376153469085693,4.574220708434928
94,4.942658520366286,4.46751594543457,4.631875447315322
95,5.359722232832909,4.567278861999512,4.6909830056250525
96,6.0449508598294575,4.830843448638916,4.751310112835145
97,4.117577693827549,5.213123798370361,4.812618685414275
98,5.087463335462783,4.994997978210449,4.874666766435696
99,4.9958980666309385,5.0469818115234375,4.9372094804706865
100,5.338270070421721,5.039396286010742,5.0
101,5.546393063867174,5.0548858642578125,5.062790519529313
102,4.4129101462008045,5.009050369262695,5.125333233564304
103,5.395919757297943,4.971190929412842,5.187381314585724
104,5.43005021037937,5.047908782958984,5.248689887164855
105,5.681585729638497,5.131051540374756,5.3090169943749475
106,5.948209733064385,5.217090606689453,5.368124552684678
107,6.254466513552693,5.321685314178467,5.425779291565073
108,5.604032375340309,5.537657737731934,5.481753674101716
109,5.173094970675648,5.543633460998535,5.5358267949789965
110,6.001900165524028,5.490482330322266,5.587785252292473
111,6.131885831103184,5.53695011138916,5.63742398974869
112,5.861146005035097,5.571459770202637,5.684547105928689
113,4.890213625609705,5.53635835647583,5.728968627421411
114,4.687649896383854,5.429943084716797,5.770513242775789
115,5.166547460583232,5.3320112228393555,5.809016994374947
116,6.563326965527915,5.200940132141113,5.844327925502014
117,6.266509658378359,5.375581741333008,5.8763066800438635
118,6.799258472208249,5.476322174072266,5.904827052466019
119,5.991533807530432,5.680962085723877,5.929776485888251
120,5.265497927048067,5.733675003051758,5.951056516295154
121,5.887790334974523,5.712442398071289,5.968583161128631
122,6.03437016044083,5.659531593322754,5.982287250728689
123,6.1181959756789555,5.642391681671143,5.9921147013144775
124,6.012453889471122,5.588833808898926,5.998026728428272
125,6.856506893733402,5.596897602081299,6.0
126,5.257081165297884,5.733722686767578,5.998026728428272
127,6.391324726658753,5.675952911376953,5.9921147013144775
128,6.759011514762338,5.7097954750061035,5.982287250728689
129,5.12136975887575,5.759571075439453,5.968583161128631
130,6.337007741996391,5.6923828125,5.951056516295154
131,6.051535196326656,5.6643524169921875,5.929776485888252
132,6.272341021124533,5.707748889923096,5.904827052466019
133,6.415231444289042,5.704493045806885,5.8763066800438635
134,6.254782989409065,5.691534042358398,5.844327925502015
135,5.208698808687355,5.747419357299805,5.8090169943749475
136,6.4153573165671025,5.659255027770996,5.770513242775788
137,5.829417735188238,5.6973958015441895,5.728968627421411
138,5.032856810367795,5.659398078918457,5.68454710592869
139,4.984424116640984,5.511337757110596,5.637423989748691
140,5.522987844263267,5.3354034423828125,5.587785252292473
141,4.689016510777547,5.370866775512695,5.535826794978997
142,5.044330341176375,5.081007957458496,5.481753674101716
143,4.746066137403088,4.945114612579346,5.425779291565074
144,5.897657291440743,4.876253128051758,5.368124552684678
145,4.724591299908673,5.116785049438477,5.3090169943749475
146,4.945893324016329,4.963712692260742,5.248689887164855
147,3.5432910645859317,4.982883453369141,5.187381314585726
148,4.169150702109331,4.713421821594238,5.125333233564304
149,4.386542498548007,4.579965114593506,5.0627905195293135
150,3.054037190813554,4.257695198059082,5.0
151,4.671438529434926,3.9952445030212402,4.937209480470687
152,5.222311388717347,4.013608455657959,4.874666766435697
153,4.508719278285546,4.389428615570068,4.812618685414275
154,5.315190025023762,4.432632923126221,4.751310112835145
155,5.494457069633511,4.67630672454834,4.6909830056250525
156,3.239710669841178,4.992323875427246,4.6318754473153225
157,4.913410431316023,4.753482341766357,4.574220708434927
158,3.625580818173569,4.712338924407959,4.518246325898285
159,4.051697016356105,4.524758815765381,4.4641732050210035
160,3.619577374151122,4.266793251037598,4.4122147477075275
161,4.266537109298018,3.8987278938293457,4.36257601025131
162,3.2378585762953143,4.0214056968688965,4.315452894071311
163,4.014123697127837,3.7520599365234375,4.271031372578589
164,3.8218957481748954,3.8107357025146484,4.229486757224212
165,4.1105307262052815,3.780430793762207,4.1909830056250525
166,4.558107149049097,3.856499671936035,4.155672074497986
167,4.63103365940763,3.9682369232177734,4.123693319956137
168,3.2683339957644075,4.1753082275390625,4.095172947533981
169,3.6369691557231,4.035965919494629,4.070223514111749
170,2.7860893444968524,3.9769463539123535,4.048943483704846
171,4.256034927682705,3.8203272819519043,4.031416838871369
172,3.2786970396664588,3.8148279190063477,4.017712749271311
173,3.2381022484634494,3.621431350708008,4.0078852986855225
174,4.391932740396152,3.5992259979248047,4.001973271571728
175,3.148714921240013,3.769343376159668,4.0
176,3.42998439482988,3.73409366607666,4.001973271571728
177,2.6793554425720822,3.6258535385131836,4.0078852986855225
178,4.566709387875937,3.5766706466674805,4.017712749271311
179,2.4983187331866112,3.8282737731933594,4.031416838871369
180,3.695913469445282,3.6444802284240723,4.048943483704846
181,4.692157869584797,3.6882381439208984,4.070223514111748
182,3.6894236238129454,3.952815055847168,4.095172947533981
183,3.0239111722885146,3.9626011848449707,4.1236933199561365
184,4.150743116028346,3.744992256164551,4.155672074497985
185,4.42825708319877,3.868699550628662,4.1909830056250525
186,3.688731825150459,4.008344650268555,4.229486757224212
187,4.219481942859904,3.838212013244629,4.271031372578589
188,4.965481465665476,3.926772117614746,4.31545289407131
189,5.016190647624539,4.251447677612305,4.362576010251309
190,4.882510182072546,4.459285736083984,4.412214747707527
191,4.8253482680528,4.5607218742370605,4.464173205021003
192,3.5448000963323403,4.700342178344727,4.518246325898284
193,5.186982111645715,4.538650035858154,4.574220708434926
194,5.434592044046177,4.643365859985352,4.631875447315322
195,5.2765743122546205,4.798195838928223,4.690983005625052
196,5.857485002762878,4.899188995361328,4.751310112835144
197,3.7941216278539796,5.142669677734375,4.812618685414274
198,5.3691419152790285,5.0463433265686035,4.874666766435696
199,5.303921861948373,5.094809055328369,4.9372094804706865
200,5.466772317613492,5.086262226104736,4.999999999999999
201,5.24788591607219,5.138383865356445,5.062790519529311
202,4.636794926226519,5.046014785766602,5.125333233564303
203,6.190848421563177,5.065955638885498,5.187381314585723
204,4.138019946729042,5.284524917602539,5.248689887164855
205,5.735060237340451,5.079042911529541,5.309016994374945
206,6.251400299554206,5.173811912536621,5.3681245526846775
207,4.83629399610198,5.388838768005371,5.425779291565071
208,5.829514851098514,5.35605525970459,5.481753674101715
209,5.108172258801862,5.334707260131836,5.535826794978995
210,5.956185758363004,5.378170490264893,5.5877852522924725
211,6.750469166057977,5.432004928588867,5.637423989748689
212,6.5215375744729585,5.561760902404785,5.684547105928689
213,6.913379768291206,5.6991095542907715,5.728968627421411
214,5.599431967613625,5.773989677429199,5.770513242775789
215,5.633937355219075,5.774188041687012,5.8090169943749475
216,4.952835608969968,5.748249053955078,5.844327925502015
217,5.7658258695574025,5.600605487823486,5.876306680043863
218,5.689899720106293,5.522891998291016,5.90482705246602
219,6.2612304487652155,5.370161056518555,5.929776485888251
220,6.355576342876963,5.493114471435547,5.951056516295154
221,6.085832815915331,5.594371795654297,5.968583161128631
222,5.825562483477986,5.67128849029541,5.982287250728689
223,7.6747779857860206,5.666633129119873,5.9921147013144775
224,5.73796634105655,5.803226470947266,5.998026728428272
225,7.015679994250327,5.779995918273926,6.0
226,5.859711411147449,5.809576034545898,5.998026728428272
227,6.116734487659562,5.798134803771973,5.9921147013144775
228,6.079627491494129,5.801393508911133,5.982287250728689
229,5.987531626974981,5.718067646026611,5.968583161128631
230,6.408456490846256,5.724915981292725,5.9510565162951545
231,5.480951809757811,5.691193580627441,5.929776485888252
232,6.204564243158239,5.647290229797363,5.90482705246602
233,6.422942965658993,5.661520957946777,5.8763066800438635
234,5.591688326383821,5.698026180267334,5.844327925502016
235,6.360397226142361,5.65688419342041,5.8090169943749475
236,4.964568690756464,5.666742324829102,5.77051324277579
237,4.846646287969479,5.596737861633301,5.728968627421411
238,6.282762118929224,5.430440902709961,5.68454710592869
239,4.967241487611181,5.4584174156188965,5.63742398974869
240,5.703946635487209,5.3565568923950195,5.587785252292473
241,5.1741829973813145,5.28305721282959,5.535826794978996
242,4.334917769610734,5.284679889678955,5.481753674101716
243,5.502220470565776,5.1630401611328125,5.425779291565073
244,5.0184421967322965,5.055367469787598,5.368124552684678
245,6.067574233321757,5.04766845703125,5.309016994374947
246,5.213461044575395,5.198137283325195,5.248689887164856
247,5.018988728525482,5.192971229553223,5.187381314585724
248,4.557157706942073,5.229923248291016,5.125333233564304
249,4.042237788373216,5.055025577545166,5.062790519529312
250,4.734896039913152,4.858433246612549,5.000000000000001
251,4.857887313668746,4.587362289428711,4.937209480470689
252,4.334440008061499,4.543500900268555,4.874666766435697
253,3.892801933736311,4.4038214683532715,4.812618685414277
254,4.395865118386055,4.260623455047607,4.751310112835146
255,5.175679029607703,4.306209087371826,4.690983005625055
256,5.012402702962971,4.478670597076416,4.631875447315322
257,4.435613453021029,4.553875923156738,4.57422070843493
258,4.21653291237366,4.539891242980957,4.518246325898285
259,4.896111483374107,4.52686071395874,4.4641732050210035
260,3.011482876489923,4.6277174949646,4.4122147477075275
261,4.786421974070165,4.271916389465332,4.362576010251311
262,4.294627951732402,4.281092166900635,4.315452894071313
263,4.073506598419961,4.251010894775391,4.27103137257859
264,3.675731514839308,4.2038702964782715,4.22948675722421
265,4.0379228538729155,3.978358268737793,4.190983005625054
266,5.34497623205314,4.045191287994385,4.155672074497985
267,4.5174366387081974,4.312891006469727,4.1236933199561365
268,4.1615981136629925,4.351860523223877,4.09517294753398
269,4.639458729715887,4.3284125328063965,4.070223514111749
270,4.53964266104346,4.459411144256592,4.048943483704846
271,4.499119844741333,4.5155253410339355,4.031416838871369
272,2.723077399856632,4.353512763977051,4.017712749271311
273,3.6449552366773235,4.1122870445251465,4.0078852986855225
274,4.028958616482278,4.011323928833008,4.001973271571728
275,3.5933899662367037,3.9173922538757324,4.0
276,3.2596716865957847,3.768489360809326,4.001973271571728
277,4.5513314426624865,3.599830150604248,4.0078852986855225
278,3.4287616677380974,3.8499698638916016,4.01771274927131
279,3.5932762936834366,3.7960925102233887,4.031416838871369
280,4.33802326550936,3.7323126792907715,4.048943483704846
281,5.313747701625214,3.8732118606567383,4.070223514111748
282,4.043349576060168,4.323246955871582,4.09517294753398
283,3.8137855529344202,4.214529514312744,4.123693319956136
284,4.235978798334467,4.193540573120117,4.155672074497984
285,3.1598402487593633,4.25044584274292,4.190983005625053
286,4.127628530915546,4.058281898498535,4.229486757224209
287,3.4293007353909872,3.845418930053711,4.271031372578589
288,4.818278197037429,3.7521848678588867,4.315452894071312
289,4.264161006011853,4.013256549835205,4.36257601025131
290,3.7705114922696734,4.031449317932129,4.412214747707527
291,4.419579760847399,4.035312175750732,4.464173205021003
292,4.823380547784649,4.104685306549072,4.518246325898284
293,3.8687177881264243,4.339003562927246,4.574220708434929
294,4.3460839492192855,4.1516218185424805,4.63187544731532
295,5.93149501297049,4.170353889465332,4.690983005625053
296,5.457690297642449,4.746144771575928,4.751310112835146
297,4.2517548077168215,4.961811065673828,4.812618685414276
298,4.955941462903368,4.821990966796875,4.874666766435696
299,4.72590639831925,4.9400811195373535,4.9372094804706865
300,4.054234061484388,4.951634407043457,4.999999999999999
301,5.731610214904639,4.570483684539795,5.062790519529313
302,4.937751597267213,4.760574817657471,5.1253332335643025
303,5.832199581067911,4.851856231689453,5.187381314585723
304,4.871412527905057,5.085754871368408,5.248689887164852
305,5.6434971601509325,5.0717997550964355,5.309016994374945
306,5.721073849080028,5.275950908660889,5.368124552684678
307,5.280416560435992,5.2991743087768555,5.425779291565069
308,6.175430318560947,5.319844722747803,5.481753674101715
309,5.006983486097095,5.416496276855469,5.5358267949789965
310,5.555317395604576,5.388287544250488,5.5877852522924725
311,4.831929674130999,5.378332138061523,5.637423989748688
312,5.333164393476406,5.231720924377441,5.684547105928687
313,6.3929564951844355,5.235535621643066,5.72896862742141
314,5.110894074007954,5.356382369995117,5.77051324277579
315,5.970662470421942,5.336500644683838,5.809016994374946
316,6.247988438939563,5.420344829559326,5.844327925502015
317,5.5724410378529425,5.579400062561035,5.8763066800438635
318,5.640550986233523,5.582021236419678,5.904827052466019
319,6.084426615051935,5.500470161437988,5.929776485888251
320,6.933239355055075,5.596135139465332,5.951056516295154
321,6.831576833564968,5.7098565101623535,5.968583161128631
322,6.680406396316051,5.760079383850098,5.982287250728689
323,6.73377989002928,5.802017688751221,5.9921147013144775
324,6.519567330768215,5.823583602905273,5.998026728428272
325,6.133061328092105,5.827537536621094,6.0
326,4.812454557145477,5.811829566955566,5.998026728428272
327,6.6850110077541665,5.715358257293701,5.9921147013144775
328,5.638480294778573,5.730093479156494,5.98228725072869
329,5.799079495065404,5.6434326171875,5.968583161128631
330,5.87202947620203,5.576977729797363,5.951056516295154
331,4.885058803930352,5.5554680824279785,5.929776485888252
332,6.2591667569824985,5.51339054107666,5.90482705246602
333,4.700263044602987,5.495634078979492,5.876306680043864
334,5.859756586208269,5.354862213134766,5.844327925502016
335,5.54459069449038,5.388388633728027,5.809016994374947
336,6.906724157043206,5.349922180175781,5.770513242775791
337,5.714508868287762,5.630314826965332,5.728968627421411
338,4.802298073666418,5.578418731689453,5.684547105928688
339,6.588799692138007,5.534388542175293,5.63742398974869
340,6.008266350128901,5.639749050140381,5.587785252292473
341,4.989709899133358,5.67072868347168,5.535826794978997
342,5.502547113927328,5.462813377380371,5.481753674101717
343,4.774011622935291,5.432589054107666,5.425779291565071
344,4.894104848655759,5.378849983215332,5.36812455268468
345,5.758037509553999,5.095010280609131,5.309016994374947
346,4.752412597058392,5.107738971710205,5.248689887164854
347,4.982766158578606,5.037757873535156,5.187381314585725
348,5.233906549484654,4.945705413818359,5.125333233564304
349,5.422647058228172,5.024455547332764,5.0627905195293135
350,5.474881643338098,5.121118068695068,5.000000000000001
351,5.11888468687829,5.100489616394043,4.937209480470687
352,4.178505673873378,5.1323323249816895,4.8746667664356975
353,4.637205025658774,4.963833332061768,4.812618685414277
354,5.002403933709129,4.840793609619141,4.751310112835148
355,3.8994391067898544,4.7776713371276855,4.690983005625055
356,5.619655628862904,4.4593610763549805,4.631875447315322
357,5.337725423574157,4.692838668823242,4.574220708434931
358,4.361226975417347,4.908873558044434,4.518246325898285
359,5.492332836404351,4.815483093261719,4.4641732050210035
360,5.138713631050078,4.957357406616211,4.4122147477075275
361,5.215931363189106,5.0879225730896,4.362576010251312
362,4.493010207511655,5.029185771942139,4.315452894071313
363,4.667813208873304,4.857624053955078,4.27103137257859
364,4.133244789807769,4.863344192504883,4.22948675722421
365,3.910188286235469,4.587401866912842,4.190983005625054
366,3.1101005072338213,4.338692665100098,4.155672074497985
367,5.128912189681397,3.9795751571655273,4.1236933199561365
368,4.110412099594414,4.229537010192871,4.095172947533981
369,4.727621158092646,4.125548839569092,4.070223514111749
370,3.9712196239986657,4.269110679626465,4.048943483704846
371,4.043510982554032,4.233096599578857,4.031416838871369
372,4.097660728256381,4.266805171966553,4.017712749271311
373,2.9063931884676935,4.070398330688477,4.0078852986855225
374,5.727335126659012,3.9076485633850098,4.001973271571728
375,3.5628233784717036,4.364272117614746,4.0
376,4.3699085102093,4.248820781707764,4.001973271571728
377,3.3096359559376234,4.292459011077881,4.0078852986855225
378,4.087741849554532,4.139993667602539,4.01771274927131
379,3.3283676594816325,4.203542232513428,4.031416838871369
380,4.271348721512361,3.7419538497924805,4.048943483704846
381,3.975174366558128,3.867246627807617,4.070223514111748
382,4.151105548141601,3.8174281120300293,4.09517294753398
383,4.620148717858868,3.9176526069641113,4.123693319956136
384,2.691673877804244,4.062089443206787,4.155672074497984
385,4.900587498809835,3.9639296531677246,4.190983005625053
386,4.7732231080051974,4.171362400054932,4.229486757224208
387,3.791369476100302,4.341150760650635,4.271031372578588
388,4.803769171558899,4.240814208984375,4.315452894071311
389,4.085825539252568,4.325353622436523,4.36257601025131
390,4.072595565500897,4.358429908752441,4.412214747707526
391,4.093389651227337,4.195369243621826,4.464173205021003
392,4.088073021177655,4.072103500366211,4.518246325898283
393,4.865096543387705,4.093226432800293,4.574220708434929
394,4.758101658658039,4.18375825881958,4.63187544731532
395,4.601655836918816,4.33064603805542,4.690983005625053
396,4.603680778121724,4.414228439331055,4.751310112835146
397,3.882495646670039,4.485151767730713,4.812618685414275
398,4.988791327049912,4.395933151245117,4.874666766435696
399,3.9117254451522405,4.474980354309082,4.937209480470686
400,3.82103938779205,4.298733234405518,4.999999999999999
401,5.241035104752599,4.143972396850586,5.062790519529312
402,4.306757924905835,4.387243747711182,5.125333233564299
403,4.291883098232221,4.411749362945557,5.187381314585726
404,4.233973358640307,4.2766947746276855,5.248689887164852
405,4.542255409310523,4.294704437255859,5.309016994374945
406,4.680113972238093,4.393958568572998,5.368124552684675
407,5.0764361722993145,4.311126708984375,5.425779291565073
408,5.309350549354219,4.508596420288086,5.481753674101715
409,5.097873304166368,4.742510795593262,5.5358267949789965
410,6.238891912888478,4.877266883850098,5.58778525229247
411,5.057324324178336,5.250389099121094,5.637423989748691
412,6.426191105087831,5.259428977966309,5.684547105928687
413,5.0280771685343275,5.4909443855285645,5.72896862742141
414,5.925590896833208,5.42802619934082,5.770513242775788
415,5.189395604269246,5.5220947265625,5.809016994374948
416,5.546798156816423,5.382407188415527,5.844327925502015
417,6.216051377041855,5.427923679351807,5.8763066800438635
418,5.577645860906381,5.443221092224121,5.904827052466018
419,4.926735052496295,5.485013961791992,5.929776485888253
420,6.050620726201698,5.339853286743164,5.951056516295154
421,5.2143635410810445,5.469498634338379,5.968583161128631
422,5.601945662497155,5.409950256347656,5.982287250728689
423,5.052887972211587,5.3357625007629395,5.9921147013144775
424,4.710951764872659,5.244054794311523,5.998026728428272
425,6.7561570360652325,5.170989036560059,6.0
426,6.556242360541452,5.409340858459473,5.998026728428272
427,6.552634339431787,5.5971574783325195,5.992114701314478
428,5.961513158976439,5.693000793457031,5.982287250728689
429,6.4694686694855115,5.729943752288818,5.968583161128631
430,5.074058970909692,5.7924418449401855,5.951056516295154
431,5.55129249280065,5.69257926940918,5.929776485888254
432,6.471931974551847,5.600262641906738,5.904827052466019
433,6.911061325698345,5.619178771972656,5.876306680043864
434,5.71852078311206,5.722528457641602,5.844327925502016
435,4.991171263034639,5.665203094482422,5.809016994374949
436,6.1677263091610985,5.622777938842773,5.770513242775789
437,6.187063944762427,5.673553943634033,5.728968627421412
438,6.2398772354085015,5.657558441162109,5.684547105928689
439,7.175816742615532,5.6111860275268555,5.637423989748693
440,6.520328976200545,5.751300811767578,5.587785252292472
441,6.436869942397747,5.80106258392334,5.535826794978998
442,6.092371614358958,5.807502746582031,5.481753674101717
443,4.638924454534768,5.8007965087890625,5.425779291565075
444,5.416203078967956,5.717353820800781,5.368124552684677
445,5.732579106575523,5.551079750061035,5.309016994374947
446,5.8033477545626955,5.464250564575195,5.248689887164854
447,5.839452043241163,5.397644996643066,5.187381314585728
448,5.055068236646055,5.386560440063477,5.125333233564301
449,4.700771138543849,5.384614944458008,5.062790519529314
450,4.772505716456583,5.257791519165039,5.000000000000001
451,6.395230364480279,5.088106155395508,4.937209480470688
452,6.171388722356646,5.297715663909912,4.874666766435701
453,5.727758997690669,5.4001970291137695,4.812618685414274
454,4.965576539548753,5.4722723960876465,4.751310112835148
455,5.9833462565585105,5.448351860046387,4.690983005625055
456,5.962535603562041,5.5651445388793945,4.631875447315325
457,4.724381514130238,5.5296831130981445,4.574220708434927
458,4.3929720961474406,5.331390380859375,4.518246325898285
459,4.379273485172848,5.107791900634766,4.464173205021004
460,4.588518403057345,4.975324630737305,4.41221474770753
461,4.856016114860701,4.693815231323242,4.362576010251309
462,5.126505486025049,4.480998516082764,4.315452894071313
463,4.1079240695959784,4.610044002532959,4.27103137257859
464,4.706907517154382,4.515176773071289,4.229486757224213
465,4.045407148689723,4.568423271179199,4.1909830056250525
466,4.982559760412583,4.439121246337891,4.155672074497985
467,4.556873051934546,4.511967658996582,4.1236933199561365
468,3.26303085758924,4.40886116027832,4.095172947533982
469,4.084384907089812,4.243587017059326,4.070223514111747
470,3.7630943665686267,4.127805709838867,4.048943483704846
471,3.930538105809802,4.056324005126953,4.031416838871369
472,5.096829006207024,3.87180233001709,4.017712749271312
473,4.181538867171216,4.11445426940918,4.0078852986855225
474,4.954177163610283,4.184991836547852,4.001973271571728
475,3.78975133754801,4.392326354980469,4.0
476,4.6727769420715495,4.325802326202393,4.001973271571728
477,3.9332644102376957,4.446267604827881,4.007885298685522
478,3.680465303429734,4.213074684143066,4.017712749271311
479,4.824083031927658,4.103015422821045,4.031416838871369
480,4.377695322593477,4.152935981750488,4.048943483704846
481,3.7715569144112453,4.231339454650879,4.070223514111746
482,2.363272330461753,4.05991268157959,4.095172947533981
483,3.8771100069008293,3.9245123863220215,4.123693319956136
484,4.690774146507688,3.936551094055176,4.155672074497984
485,3.4955932464537547,3.9924983978271484,4.190983005625051
486,4.586203923688405,3.8471031188964844,4.229486757224211
487,2.605320704972384,4.028022289276123,4.271031372578588
488,3.8328407464551493,3.9398536682128906,4.315452894071311
489,4.297314269508007,3.9212818145751953,4.362576010251307
490,3.105791242402309,3.8906450271606445,4.412214747707528
491,3.8321994581288985,3.814249038696289,4.464173205021002
492,4.73726405089508,3.7089128494262695,4.518246325898283
493,4.705425525779148,3.9994125366210938,4.574220708434925
494,3.8746779216794427,4.185852527618408,4.6318754473153225
495,4.538415931539653,4.093229293823242,4.690983005625053
496,5.1860651290409905,4.261247158050537,4.751310112835146
497,3.9789292613036986,4.551921844482422,4.812618685414272
498,5.01198768460686,4.386957168579102,4.874666766435698
499,3.976414775573601,4.499885082244873,4.937209480470686
500,5.38415170258767,4.446516990661621,4.999999999999999
501,4.856074613068475,4.690478324890137,5.062790519529312
502,4.9735336157385515,4.6424078941345215,5.125333233564299
503,5.208503821551558,4.786428928375244,5.187381314585726
504,5.192086944791883,4.851437568664551,5.248689887164852
505,3.6580528737699947,5.009692192077637,5.309016994374945
506,4.486560267406802,4.695026397705078,5.368124552684675
507,4.801965575235888,4.611599445343018,5.425779291565073
508,4.8672314406799755,4.593811988830566,5.481753674101715
509,5.395640730807642,4.553045272827148,5.535826794978996
510,5.134208453184456,4.68121862411499,5.587785252292469
511,5.086966923149687,4.879834175109863,5.637423989748688
512,4.604977460137123,4.963955879211426,5.68454710592869
513,5.512336699681907,4.895325660705566,5.72896862742141
514,5.389583233263734,5.042253494262695,5.7705132427757855
515,5.716195649374215,5.063967227935791,5.80901699437495
516,5.854865574616957,5.195295333862305,5.844327925502015
517,5.271740395954836,5.332714080810547,5.876306680043862
518,5.095314302912728,5.3733720779418945,5.904827052466019
519,5.975130366248355,5.297776222229004,5.929776485888253
520,5.493809273605666,5.405853271484375,5.951056516295154
521,5.855113895123856,5.3748884201049805,5.968583161128632
522,6.0033506347601655,5.397165298461914,5.982287250728688
523,6.264212920098931,5.4967803955078125,5.9921147013144775
524,5.349036729759175,5.617429733276367,5.998026728428272
525,5.7395035173426106,5.542642593383789,6.0
526,5.72788382638445,5.559216499328613,5.998026728428272
527,5.902563988179514,5.542769432067871,5.992114701314478
528,6.50790299177906,5.538484573364258,5.982287250728688
529,6.931004331987342,5.599567413330078,5.968583161128631
530,6.225402235267257,5.738633632659912,5.951056516295155
531,5.668603218586741,5.75965690612793,5.929776485888252
532,6.181450712268327,5.743817329406738,5.904827052466019
533,6.40400313846757,5.754422187805176,5.876306680043864
534,6.281661763949232,5.751360893249512,5.844327925502014
535,6.087585577541379,5.715311050415039,5.809016994374949
536,5.18498981899423,5.705466270446777,5.770513242775789
537,5.788524955447439,5.649078369140625,5.728968627421414
538,5.745190142835263,5.611109733581543,5.684547105928689
539,5.697325718515671,5.544257164001465,5.637423989748693
540,6.2622973553664245,5.480383396148682,5.587785252292474
541,6.257602644473851,5.532448768615723,5.535826794978995
542,6.571181001557505,5.6361541748046875,5.481753674101717
543,5.079030387108668,5.709582328796387,5.425779291565078
544,5.258319578666837,5.640309810638428,5.368124552684674
545,5.094685249492795,5.582023620605469,5.309016994374947
546,5.631563001825486,5.43663215637207,5.248689887164858
547,5.074737706606413,5.361490249633789,5.187381314585725
548,5.769135213376281,5.115462779998779,5.125333233564302
549,6.037705495995387,5.253572463989258,5.062790519529314
550,4.844512182554354,5.397154331207275,5.000000000000005
551,4.573573290096066,5.326006889343262,4.937209480470688
552,5.220591502803151,5.144566535949707,4.874666766435701
553,4.684995714962234,5.159608840942383,4.812618685414278
554,4.685243193736361,4.957571506500244,4.751310112835144
555,4.737627037907123,4.686434745788574,4.690983005625055
556,6.157681661201924,4.663466453552246,4.631875447315329
557,5.2935640173636695,5.087088584899902,4.5742207084349245
558,6.014629093277536,5.105785369873047,4.518246325898286
559,5.488749979265915,5.337856292724609,4.464173205021007
560,4.217040922302936,5.40869665145874,4.412214747707528
561,6.049437488124777,5.290225982666016,4.362576010251309
562,5.789075088888415,5.326712608337402,4.315452894071313
563,4.780285771019969,5.4043378829956055,4.271031372578587
564,3.949097658556887,5.209267616271973,4.229486757224213
565,4.555087007609435,4.9398908615112305,4.1909830056250525
566,5.054932302062102,4.931694030761719,4.1556720744979865
567,4.723266118433803,4.75185489654541,4.1236933199561365
568,3.561300737471858,4.542463302612305,4.095172947533983
569,4.108043619368354,4.30627965927124,4.070223514111749
570,4.492260675153619,4.292233467102051,4.0489434837048455
571,4.788002871366074,4.292771816253662,4.031416838871369
572,4.015111876246723,4.2889604568481445,4.017712749271312
573,5.012264786664795,4.14921236038208,4.007885298685522
574,4.3309147642248496,4.425398349761963,4.001973271571728
575,4.640282445638384,4.427672386169434,4.0
576,4.2361518218215695,4.459029674530029,4.001973271571728
577,2.74020519131776,4.343383312225342,4.007885298685522
578,2.5571394940822327,4.170908451080322,4.017712749271311
579,3.2928416373831304,3.850069046020508,4.031416838871368
580,4.150975928044924,3.707216739654541,4.048943483704846
581,4.309795502334587,3.6751866340637207,4.070223514111746
582,5.439221831899161,3.747343063354492,4.09517294753398
583,3.206659188854694,4.283312797546387,4.1236933199561365
584,5.037988030251183,4.194443225860596,4.155672074497984
585,4.084045557471134,4.489585876464844,4.190983005625048
586,4.525323447865198,4.430976390838623,4.229486757224213
587,3.184232580124034,4.458802223205566,4.271031372578588
588,4.256192552615207,4.049858093261719,4.315452894071308
589,4.3797056566080315,4.1531548500061035,4.36257601025131
590,3.918865751604586,4.052475452423096,4.412214747707528
591,4.618696646155032,4.009912490844727,4.464173205021002
592,4.225341843154259,4.082111835479736,4.518246325898286
593,4.163167843518327,4.169611930847168,4.574220708434925
594,5.08574981209351,4.143656253814697,4.6318754473153225
595,3.6901388903731336,4.364070415496826,4.69098300562505
596,5.1289421333677065,4.270566940307617,4.751310112835145
597,4.245392938492746,4.452330589294434,4.812618685414272
598,4.259822239633839,4.420181751251221,4.874666766435695
599,4.717031123124847,4.402458190917969,4.937209480470689
600,4.2502227706711375,4.360655784606934,4.999999999999998
601,5.172954846114516,4.391201019287109,5.062790519529308
602,5.386179153187446,4.482252597808838,5.1253332335643025
603,5.770775503214871,4.750725746154785,5.187381314585726
604,5.636274714372616,5.063818454742432,5.248689887164852
605,4.755747802124813,5.21998405456543,5.3090169943749475
606,5.681701878122837,5.213352680206299,5.368124552684675
607,4.193286623294477,5.302940845489502,5.425779291565072
608,5.1134525672674975,5.096409797668457,5.481753674101712
609,4.672541632992886,4.988298416137695,5.535826794978996
610,4.6246748929918375,4.800505638122559,5.587785252292469
611,5.212994430409991,4.754210472106934,5.637423989748688
612,4.5266952303972685,4.707184314727783,5.68454710592869
613,4.978608499821731,4.713687419891357,5.72896862742141
614,5.216032840728722,4.708682060241699,5.7705132427757855
615,5.492468634090351,4.833673477172852,5.80901699437495
616,5.46983152539507,5.015100955963135,5.844327925502015
617,5.3328800437611505,5.085714340209961,5.876306680043862
618,5.314807879640606,5.18623161315918,5.904827052466019
619,5.7878684692134605,5.223972320556641,5.929776485888253
620,5.526000735589907,5.327849388122559,5.951056516295153
621,3.3732443025996854,5.334007740020752,5.968583161128631
622,6.026213363365309,5.0413289070129395,5.982287250728688
623,6.344232023578192,5.236428260803223,5.9921147013144775
624,5.560291919309434,5.4464192390441895,5.998026728428272
625,5.3963828569809404,5.419375419616699,6.0
626,5.538578783799114,5.393548011779785,5.998026728428272
627,6.104380302892217,5.509603500366211,5.992114701314478
628,5.578049651223167,5.537069320678711,5.982287250728688
629,5.4548817107113035,5.447202682495117,5.968583161128631
630,5.1615922589138625,5.424314022064209,5.951056516295155
631,4.630165869050923,5.372201919555664,5.929776485888252
632,5.200884025970922,5.217555999755859,5.904827052466019
633,5.256370179575362,5.070301532745361,5.876306680043864
634,6.193916940239349,5.028810501098633,5.844327925502014
635,4.666552271113941,5.248673915863037,5.809016994374949
636,5.766636165803099,5.139545440673828,5.770513242775789
637,5.381406020056224,5.3135271072387695,5.728968627421414
638,5.627764937039186,5.326411247253418,5.684547105928689
639,5.237665375046337,5.3769636154174805,5.637423989748694
640,5.61430184855401,5.233447074890137,5.587785252292474
641,4.8094160643234805,5.34953498840332,5.535826794978995
642,5.112289552784766,5.189228057861328,5.481753674101717
643,4.1638265574348265,5.137880802154541,5.425779291565078
644,5.59054252402485,4.864762783050537,5.368124552684674
645,4.357235817005624,4.991067886352539,5.3090169943749475
646,5.574895431303482,4.740349292755127,5.248689887164859
647,4.498135219954563,4.945809841156006,5.187381314585725
648,5.027427227396081,4.811532020568848,5.125333233564302
649,5.513261531754781,4.925327777862549,5.062790519529314
650,4.964276890752211,4.964433670043945,4.999999999999998
651,4.850653413538553,5.02064323425293,4.937209480470688
652,5.106323326366423,4.885280609130859,4.874666766435702
653,4.6577207405301895,4.972723007202148,4.812618685414278
654,5.041986839959708,4.88403844833374,4.751310112835145
655,4.826450380205544,4.811634540557861,4.690983005625056
656,4.482991670381067,4.780980110168457,4.631875447315329
657,4.246097580253131,4.689846992492676,4.5742207084349245
658,4.715047293254785,4.509520053863525,4.518246325898286
659,4.581187212808203,4.528009414672852,4.464173205021007
660,3.6081183257737086,4.445723533630371,4.412214747707528
661,3.6151723185407993,4.211031913757324,4.362576010251309
662,4.0023793983054095,4.049361228942871,4.3154528940713135
663,3.4351364661903476,4.005331039428711,4.271031372578588
664,4.544459210302417,3.7965807914733887,4.229486757224213
665,4.646917881591495,3.8654661178588867,4.1909830056250525
666,4.858378939857227,4.072195053100586,4.155672074497987
667,3.980948159339736,4.310248374938965,4.1236933199561365
668,4.836359556686453,4.261486053466797,4.095172947533983
669,4.250801876838293,4.472170829772949,4.070223514111749
670,5.3151593358828615,4.397165775299072,4.0489434837048455
671,4.270596989844099,4.612410545349121,4.031416838871369
672,4.913143133199177,4.482541084289551,4.017712749271312
673,4.086025464795481,4.6381402015686035,4.007885298685522
674,4.610211825178228,4.473997116088867,4.001973271571728
675,4.119219845270822,4.523685932159424,4.0
676,4.78430820476423,4.279402732849121,4.001973271571728
677,3.4568679598296983,4.3995795249938965,4.007885298685522
678,4.798575452268127,4.131128787994385,4.017712749271311
679,3.613963706991992,4.300884246826172,4.031416838871368
680,4.481615871052561,4.111254692077637,4.048943483704846
681,5.522160904986976,4.189820289611816,4.070223514111746
682,2.8984358650249686,4.497753620147705,4.095172947533979
683,4.429260278990924,4.362263202667236,4.1236933199561365
684,4.818162716866097,4.30253791809082,4.155672074497983
685,4.371757499680034,4.4961771965026855,4.190983005625048
686,4.806315097292037,4.456740856170654,4.229486757224213
687,4.420106723729862,4.345458984375,4.271031372578588
688,4.781856219010004,4.447444438934326,4.315452894071308
689,4.234350500976868,4.522549152374268,4.362576010251309
690,4.9751210115051725,4.397092342376709,4.412214747707528
691,5.090291109640114,4.542428970336914,4.464173205021002
692,4.177727270791465,4.639388561248779,4.518246325898286
693,4.655157720877621,4.552834510803223,4.5742207084349245
694,4.32461229289177,4.532012462615967,4.6318754473153225
695,5.524345774905706,4.508679389953613,4.690983005625049
696,4.415148426489218,4.722419261932373,4.751310112835145
697,4.913823807410342,4.579653739929199,4.812618685414272
698,4.903141521978932,4.700604438781738,4.874666766435695
699,3.6782896717075073,4.745500564575195,4.937209480470689
700,4.645937694698205,4.586631774902344,4.999999999999998
701,5.680062360624945,4.422153472900391,5.062790519529308
702,6.020382695115103,4.783068656921387,5.125333233564302
703,6.084267720933799,5.095716953277588,5.187381314585726
704,5.597480781481793,5.331052303314209,5.2486898871648515
705,4.532308352751629,5.466752052307129,5.3090169943749475
706,5.705536763573517,5.39377498626709,5.368124552684675
707,5.987879460184791,5.4067511558532715,5.425779291565072
708,4.626134921292391,5.4305033683776855,5.481753674101712
709,5.632237955677243,5.2048659324646,5.535826794978996
710,6.026064726513403,5.236781120300293,5.587785252292469
711,5.76763191503641,5.439112663269043,5.637423989748688
712,4.424377692787715,5.454024314880371,5.684547105928689
713,4.950834500085707,5.220342636108398,5.728968627421409
714,6.003412982905885,5.221194744110107,5.770513242775785
715,5.350591264413342,5.327120780944824,5.809016994374949
716,5.850121616411643,5.229564666748047,5.844327925502014
717,5.955864688997047,5.283736705780029,5.876306680043862
718,5.924391918959934,5.463497161865234,5.904827052466019
719,5.080931496651341,5.556291580200195,5.929776485888253
720,5.567123202951371,5.434981822967529,5.951056516295153
721,5.8634079498616405,5.451292991638184,5.968583161128631
722,4.175199056698846,5.465485095977783,5.982287250728688
723,5.436926086727689,5.207912445068359,5.9921147013144775
724,5.542011199396559,5.147748947143555,5.998026728428272
725,6.373906084378443,5.230312347412109,6.0
726,5.443289732539718,5.42021369934082,5.998026728428272
727,5.812299170843137,5.364095211029053,5.992114701314478
728,5.020162118106758,5.507389068603516,5.982287250728688
729,5.739455189545033,5.432040214538574,5.968583161128631
730,5.463362124785362,5.459086894989014,5.951056516295155
731,5.76868283830778,5.338139533996582,5.929776485888253
732,6.786053071669256,5.393711566925049,5.904827052466019
733,5.891961032216514,5.579181671142578,5.876306680043865
734,4.048129982622786,5.636564254760742,5.844327925502014
735,4.567778184620483,5.45759391784668,5.809016994374949
736,5.257251668654242,5.317449569702148,5.77051324277579
737,5.7631896002115175,5.239987373352051,5.728968627421414
738,4.115457275936083,5.099390506744385,5.684547105928689
739,4.918320594377408,4.758674144744873,5.637423989748694
740,4.4068889674062826,4.865025520324707,5.587785252292474
741,4.419257918945606,4.793197154998779,5.535826794978996
742,5.8476883073935095,4.620239734649658,5.481753674101718
743,5.378673661928399,4.782286643981934,5.425779291565078
744,4.79010754659637,4.993727207183838,5.368124552684675
745,4.159198840340332,4.947075843811035,5.3090169943749475
746,4.389686152311286,4.844332695007324,5.248689887164859
747,4.427302929927056,4.789374351501465,5.187381314585726
748,5.3461541004155135,4.492508411407471,5.125333233564302
749,4.741073095104618,4.578914165496826,5.062790519529315
750,4.8745844121894635,4.575597763061523,5.000000000000005
751,5.065224409324678,4.687623500823975,4.937209480470689
752,5.429096135135543,4.808337211608887,4.874666766435702
753,5.509197038118093,4.998645782470703,4.812618685414278
754,4.6069248085227095,5.063348293304443,4.751310112835145
755,4.664596726606962,4.99692964553833,4.690983005625056
756,5.0682568242120976,4.930325984954834,4.631875447315329
757,4.710897121488406,4.933960914611816,4.5742207084349245
758,5.1867444631627535,4.792842388153076,4.518246325898286
759,5.159225391026745,4.7680792808532715,4.464173205021008
760,4.987130423829972,4.875334739685059,4.412214747707528
761,4.974316108073271,4.916576862335205,4.362576010251309
762,4.063636144479455,4.897243022918701,4.3154528940713135
763,4.957237280597017,4.742778301239014,4.271031372578588
764,4.540987937624487,4.717706680297852,4.229486757224213
765,4.718978409553653,4.592413425445557,4.1909830056250525
766,5.602952593545407,4.5505547523498535,4.155672074497987
767,4.447768178992283,4.781264305114746,4.1236933199561365
768,5.192348745088717,4.774949073791504,4.095172947533983
769,5.244093341869186,4.845623970031738,4.070223514111749
770,3.570872072583568,4.969696044921875,4.048943483704846
771,3.49841309336116,4.750238418579102,4.03141683887137
772,4.975736131107938,4.345869541168213,4.017712749271313
773,3.311419894955652,4.495011329650879,4.007885298685522
774,4.366216312061981,4.152508735656738,4.001973271571728
775,4.465663043628884,4.005923271179199,4.0
776,4.768897157987492,4.145800590515137,4.001973271571728
777,4.943210157891584,4.354147911071777,4.007885298685522
778,4.080375040359066,4.404807090759277,4.017712749271311
779,3.306398795957637,4.41550350189209,4.031416838871367
780,4.793390949837575,4.221796989440918,4.0489434837048455
781,4.985455069035093,4.330024719238281,4.070223514111746
782,5.148219897312118,4.433895111083984,4.095172947533979
783,4.227398878073938,4.5445451736450195,4.1236933199561365
784,5.269093019345721,4.514522552490234,4.155672074497983
785,4.6401930704886984,4.804719924926758,4.190983005625048
786,5.031100019592844,4.755645275115967,4.229486757224213
787,4.520641905692843,4.780677795410156,4.271031372578588
788,4.777456778640962,4.649568557739258,4.315452894071308
789,4.602281747989677,4.719639778137207,4.362576010251309
790,5.3519182701175785,4.5886383056640625,4.412214747707528
791,4.691180877481432,4.779031753540039,4.464173205021002
792,5.403552198086582,4.707434177398682,4.518246325898286
793,4.208323158331691,4.903122425079346,4.5742207084349245
794,5.252290173448067,4.763280391693115,4.6318754473153225
795,5.983354695784767,4.89878511428833,4.690983005625049
796,4.182949080531161,5.111716270446777,4.751310112835145
797,4.382777727473613,4.978049278259277,4.812618685414271
798,4.605208507471824,4.773029327392578,4.874666766435695
799,5.207486898796791,4.791736125946045,4.937209480470688
800,5.643445499782728,4.819392204284668,4.999999999999998
801,4.535278529273613,4.837808609008789,5.062790519529307
802,4.574593348786202,4.83261775970459,5.125333233564302
803,5.587738447979627,4.817989349365234,5.187381314585718
804,5.293509287260606,5.032112121582031,5.248689887164844
805,5.34031347747107,5.058595657348633,5.3090169943749475
806,6.2110501662787705,5.028781890869141,5.368124552684681
807,4.469348389817213,5.340428352355957,5.425779291565072
808,5.9073376360180525,5.261631965637207,5.481753674101711
809,5.672939312074363,5.345000267028809,5.535826794978995
810,4.682314799077912,5.397850036621094,5.587785252292469
811,5.461212501761991,5.277505874633789,5.6374239897486875
812,4.539044280960499,5.173864841461182,5.684547105928684
813,5.020787460095859,5.119544506072998,5.728968627421414
814,4.923482339718863,4.963919639587402,5.770513242775789
815,5.03808195721717,4.828381061553955,5.809016994374949
816,6.585005860229033,4.886890411376953,5.844327925502014
817,4.933963717247286,5.256355285644531,5.876306680043862
818,5.78889725154934,5.2552103996276855,5.904827052466019
819,4.478779735522852,5.37307071685791,5.929776485888249
820,5.5665951801039695,5.267045497894287,5.951056516295151
821,4.238972394213345,5.339015960693359,5.968583161128631
822,5.652836734014176,4.924642086029053,5.98228725072869
823,5.408333396821093,5.096262454986572,5.9921147013144775
824,6.6389714233550805,5.05720329284668,5.998026728428272
825,5.271211310590439,5.454439163208008,6.0
826,5.417401220032421,5.402603626251221,5.998026728428272
827,5.947745789335224,5.475386142730713,5.992114701314479
828,3.8023061515631866,5.519203186035156,5.98228725072869
829,5.497491950241495,5.316036224365234,5.968583161128633
830,5.336498633428748,5.145051956176758,5.951056516295153
831,6.313648608568699,5.161231994628906,5.929776485888253
832,6.330607963235085,5.376416206359863,5.904827052466019
833,5.22372057597916,5.480527877807617,5.876306680043865
834,5.927712019063714,5.526022911071777,5.844327925502015
835,6.011315099876628,5.570619583129883,5.80901699437495
836,5.359598228200252,5.62680721282959,5.770513242775794
837,4.542539251575538,5.520597457885742,5.728968627421414
838,4.375063761771747,5.270698547363281,5.684547105928685
839,5.489001967607594,5.1105828285217285,5.637423989748688
840,5.424534977647702,5.06623649597168,5.587785252292475
841,5.293561550502231,4.992722511291504,5.535826794978996
842,5.692942246793327,5.002025604248047,5.481753674101718
843,5.4156223001659685,5.201696872711182,5.425779291565079
844,5.004352379697385,5.30718994140625,5.368124552684681
845,5.745680253987537,5.217533111572266,5.309016994374955
846,4.776516304311417,5.291741371154785,5.248689887164852
847,6.337062743498745,5.1863579750061035,5.187381314585726
848,4.084913928670611,5.367226600646973,5.1253332335643025
849,5.765095940211924,5.152944087982178,5.062790519529315
850,4.724700002326861,5.293410778045654,4.999999999999998
851,4.6624641102793,5.116065979003906,4.937209480470689
852,5.234434738450399,5.056326866149902,4.874666766435702
853,4.486618095092517,4.864687442779541,4.812618685414279
854,4.55956593086771,4.857364654541016,4.751310112835152
855,4.062574498781547,4.613442420959473,4.69098300562505
856,5.401090814002064,4.464373588562012,4.6318754473153225
857,3.7887895467242467,4.693004608154297,4.574220708434925
858,4.734161950741322,4.404061794281006,4.518246325898286
859,5.015263685540665,4.466156959533691,4.464173205021008
860,5.402414617690835,4.589413166046143,4.412214747707528
861,3.764939142550287,4.85711669921875,4.362576010251315
862,5.770488694764703,4.537147045135498,4.315452894071319
863,4.838316685076496,4.950444221496582,4.271031372578588
864,4.611254171542443,4.942416667938232,4.229486757224208
865,4.397026418833608,4.847414493560791,4.1909830056250525
866,5.216306438116001,4.641494274139404,4.155672074497987
867,4.959586338412097,4.867358207702637,4.1236933199561365
868,6.2978391678165,4.723466873168945,4.095172947533983
869,4.035792488712071,5.141504287719727,4.070223514111749
870,4.850626229123881,4.995938301086426,4.048943483704848
871,4.668608996528099,5.023557662963867,4.031416838871368
872,4.54316735497916,4.909200668334961,4.017712749271311
873,3.95604792693351,4.810168266296387,4.007885298685522
874,5.529752075738285,4.298260688781738,4.001973271571728
875,3.7076435228379645,4.676995277404785,4.0
876,4.372912005038856,4.446579933166504,4.001973271571728
877,4.585680757577095,4.3846659660339355,4.007885298685522
878,4.724380922664361,4.400882720947266,4.017712749271309
879,4.22458945302273,4.521489143371582,4.031416838871367
880,5.739599105302703,4.251969337463379,4.048943483704848
881,3.5266646933564227,4.739006042480469,4.070223514111749
882,4.194297259394675,4.5547566413879395,4.095172947533979
883,4.239936975385053,4.45808219909668,4.1236933199561365
884,4.997543792631288,4.356190204620361,4.155672074497983
885,4.930451313433432,4.535880088806152,4.190983005625048
886,4.471564616450227,4.406867027282715,4.229486757224208
887,4.353494360596201,4.49163293838501,4.271031372578583
888,3.3599880346444406,4.482507228851318,4.315452894071313
889,4.663860355234953,4.3078107833862305,4.362576010251309
890,4.4310759057369165,4.2788286209106445,4.412214747707528
891,4.748939925758794,4.2002410888671875,4.464173205021002
892,4.847262398428945,4.2940778732299805,4.518246325898286
893,5.026725814894472,4.4193644523620605,4.5742207084349245
894,3.652562099830039,4.657057762145996,4.631875447315315
895,5.6571350250157595,4.449500560760498,4.690983005625049
896,4.987238489641617,4.795104026794434,4.751310112835151
897,6.111424657545214,4.838377952575684,4.812618685414278
898,4.573285101512308,5.166817665100098,4.874666766435694
899,5.093038044745385,5.057255268096924,4.937209480470688
900,4.450348343114392,5.171243667602539,4.999999999999998
901,4.657804900527957,4.946102142333984,5.062790519529307
902,4.777713093458651,4.865922451019287,5.125333233564302
903,5.585595550563791,4.596035480499268,5.187381314585718
904,4.164657403971093,4.864108562469482,5.248689887164844
905,5.6214971237235485,4.667571544647217,5.309016994374947
906,4.609840630110593,4.944395542144775,5.36812455268468
907,5.367758631264014,4.896363735198975,5.425779291565072
908,5.382254890567376,5.017584800720215,5.481753674101711
909,5.258144964740523,5.011762619018555,5.535826794978995
910,6.347831390005462,5.139509201049805,5.587785252292468
911,6.183942837743027,5.344755172729492,5.6374239897486875
912,6.442204280087519,5.532088279724121,5.684547105928684
913,5.12584099275192,5.648874282836914,5.728968627421414
914,5.686040454655504,5.598782539367676,5.770513242775789
915,6.358706041560855,5.618161201477051,5.809016994374949
916,5.052838459538659,5.636956214904785,5.844327925502014
917,5.668768632028653,5.509293556213379,5.876306680043861
918,4.116836213638011,5.4209794998168945,5.904827052466019
919,5.687059344572668,5.255986213684082,5.929776485888249
920,5.610092518496928,5.282183647155762,5.951056516295151
921,5.567584106771083,5.187197685241699,5.968583161128631
922,6.7245876351426634,5.270565032958984,5.98228725072869
923,5.16794458460373,5.506609916687012,5.9921147013144775
924,5.424175330290841,5.531949996948242,5.998026728428272
925,6.244128033840257,5.490785598754883,6.0
926,5.426817087590216,5.57890510559082,5.998026728428272
927,7.1431957901721574,5.546892166137695,5.992114701314479
928,6.14178143675381,5.655692100524902,5.98228725072869
929,5.441584373607045,5.712603569030762,5.968583161128634
930,6.58435839061518,5.6924147605896,5.951056516295154
931,5.9075553538443755,5.728301048278809,5.929776485888253
932,4.7279719201237205,5.741398811340332,5.904827052466019
933,6.330874018105353,5.523306846618652,5.876306680043865
934,6.774245786475502,5.5738325119018555,5.844327925502015
935,5.7333171485342955,5.707644462585449,5.80901699437495
936,5.5055561947969265,5.639028549194336,5.770513242775794
937,4.474584435515274,5.591701984405518,5.728968627421414
938,5.152067919046691,5.517115592956543,5.684547105928685
939,5.242364204575066,5.356925964355469,5.637423989748688
940,5.347618471091131,5.102963447570801,5.587785252292475
941,6.034056732369484,5.056341171264648,5.535826794978996
942,4.9300387679634445,5.222517967224121,5.481753674101718
943,5.323602802130456,5.228630065917969,5.425779291565079
944,5.456688455776911,5.245216369628906,5.368124552684681
945,6.404654176131302,5.276101112365723,5.309016994374955
946,7.040953562501403,5.475760459899902,5.248689887164852
947,5.114138461725905,5.650391578674316,5.187381314585726
948,4.67115946185638,5.624613285064697,5.1253332335643025
949,4.305051924649344,5.533502578735352,5.062790519529315
950,5.632664873556821,5.376718521118164,5.000000000000006
951,4.970031820988295,5.279230117797852,4.937209480470689
952,5.979353013488142,4.880800247192383,4.874666766435702
953,6.0293461686222,5.128029823303223,4.812618685414279
954,4.917053943917465,5.357331275939941,4.751310112835152
955,4.487384022615199,5.3590989112854,4.69098300562505
956,4.665739920711593,5.168576240539551,4.6318754473153225
957,4.7981207609296534,5.085724830627441,4.574220708434925
958,4.651194129024881,4.8616766929626465,4.518246325898287
959,4.970338597181095,4.5786943435668945,4.464173205021008
960,4.812208296680003,4.618503570556641,4.412214747707528
961,4.093365889685198,4.670943737030029,4.362576010251315
962,3.835717156517177,4.5333571434021,4.315452894071319
963,4.089114008295946,4.33600378036499,4.271031372578588
964,3.8943206295440156,4.222508430480957,4.229486757224208
965,4.428894949133638,4.0201520919799805,4.1909830056250525
966,4.091836855323582,3.9889168739318848,4.155672074497987
967,4.593360451498322,3.987010955810547,4.123693319956137
968,4.087973137294689,4.140595436096191,4.095172947533983
969,4.784633629651942,4.12147855758667,4.070223514111749
970,2.6004442834576444,4.305891990661621,4.048943483704848
971,3.2196371395456036,4.080747604370117,4.031416838871368
972,4.494985942888097,3.9406895637512207,4.017712749271311
973,3.6689259180218543,3.979792594909668,4.007885298685522
974,3.049838128991908,3.9021854400634766,4.001973271571728
975,3.661208888891027,3.6529407501220703,4.0
976,5.340832945119318,3.692929267883301,4.001973271571728
977,3.6793996543754695,4.191388130187988,4.007885298685522
978,3.71991835699278,4.036952972412109,4.017712749271309
979,3.372049924177179,4.003634452819824,4.031416838871367
980,3.497801200040127,3.961043357849121,4.048943483704848
981,4.267451688803943,3.9066033363342285,4.070223514111749
982,3.4266433978812953,3.7358226776123047,4.095172947533979
983,3.000742237484115,3.6910061836242676,4.1236933199561365
984,3.8850467752748825,3.6109137535095215,4.155672074497983
985,4.8174301297836015,3.6789779663085938,4.190983005625048
986,4.741105796323976,3.976710796356201,4.229486757224208
987,3.1975304664559268,4.1282958984375,4.271031372578583
988,4.443075212318478,4.037225723266602,4.315452894071313
989,4.27687940896134,4.1938958168029785,4.362576010251309
990,4.554724974256242,4.235989570617676,4.4122147477075275
991,4.522760365867619,4.2151641845703125,4.464173205021001
992,4.028122753414401,4.200091361999512,4.518246325898285
993,6.010745770219666,4.229517936706543,4.5742207084349245
994,5.190876067990858,4.754321098327637,4.631875447315315
995,4.816028091775534,4.9096832275390625,4.690983005625048
996,4.842961988786107,4.920958995819092,4.751310112835151
997,4.6136834168424965,4.940922737121582,4.812618685414278
998,3.546280074093972,4.956194877624512,4.874666766435694
999,5.415984413487404,4.482511520385742,4.937209480470688
